Артикул,Каталог,Наименование (RU),Description (EN),Description (ZH),Цена CNY без НДС,Группа,Взаимозаменяемый артикул,Разделы
00102634,NTE200,,NUT,六角螺母5/16,,,,030-0060
00102635,NTE200,,NUT,六角螺母,,,,030-0030 030-0060 030-0200 040-0080 050-0240 090-0140
00102637,NTE200,,NUT,螺母,,,,040-0070 040-0080 050-0030 100-0170
00102639,NTE200,,NUT,螺母,,,,040-0060 040-0080
00103026,NTE200,,NUT,螺母,,,,050-0030
00103319,NTE200,,WASHER,弹垫,,,,020-0040 030-0060 030-0080 030-0180 090-0050 090-0140
00103320,NTE200,,WASHER,弹簧垫圈5/16,,,,030-0060 040-0080 050-0020
00103328,NTE200,,WASHER SPRING,弹簧垫圈,,,,050-0040 050-0090
00103329,NTE200,,WAHR,弹垫,,,,020-0050 030-0040 040-0000 040-0020 040-0070 040-0080 050-0030 050-0040 050-0080 050-0090 050-0170 050-0250 070-0000 070-0020 070-0040 070-0070 100-0050 100-0170 210-0210 210-0230
00103331,NTE200,,LOCKWASHER,弹垫,,,,040-0000 040-0040 040-0070 040-0080 050-0170 090-0160 100-0170
00103332,NTE200,,WASHER SPRING,弹簧垫圈,,,,040-0000 040-0070 100-0170
00103339,NTE200,,WASHER,平垫圈1/4,,,,030-0060 030-0180 050-0020 090-0050 090-0140
00103340,NTE200,,WAHSER,平垫圈5/16,,,,030-0060 040-0080
00103385,NTE200,,PIN COTTER,开口销,,,,070-0040
00106263,NTE200,,WASHER,平垫圈,,,,020-0030 020-0110 020-0120 030-0030 030-0040 030-0060 030-0160 030-0190 040-0010 050-0250 100-0030 100-0120 100-0230 100-0260 210-0230 210-0423
00106265,NTE200,,WASHER,垫圈,,,,030-0040 030-0160 050-0030 050-0080 050-0250 090-0150 100-0050 210-0230
00106267,NTE200,,WASHER,平垫,,,,040-0040 040-0070 050-0030 100-0170
00106268,NTE200,,GASKET,垫圈,,,,040-0060
00106270,NTE200,,WASHER,垫圈,,,,030-0130
00108580,NTE200,,WASHER,弹垫,,,,020-0040 030-0020 030-0030 030-0040 030-0060 030-0160 030-0190 040-0010 040-0020 040-0060 040-0080 050-0040 050-0090 050-0110 050-0170 050-0180 050-0240 050-0250 090-0140 100-0030 100-0120 100-0230 100-0260 150-0010 210-0210 210-0230 210-0423
00109084,NTE200,,NUT,螺母,,,,030-0180 090-0050
00111001,NTE200,,ADAPTER,弯接头,,,,050-0020 070-0050
00111145,NTE200,,CONNECTION ELBOW,弯接头,,,,070-0050
00113188,NTE200,,PLUG,螺堵,,,,070-0050
00117959,NTE200,,RUBBER GROMMENT,眼护圈,,,,100-0230
00117966,NTE200,,EYE PROTECTOR,眼护圈 管夹,,,,030-0020 100-0230
00120350,NTE200,,LOCKING WASHER,弹垫,,,,020-0040 030-0130 030-0140 040-0000
00125915,NTE200,,ADAPTER,接头,,,,040-0010
00137971,NTE200,,ELBOW,弯头,,,,040-0010
00138292,NTE200,,BOLT,螺栓,,,,050-0040
00144034,NTE200,,ADAPTOR,接头,,,,090-0140
00145378,NTE200,,SCREW,螺钉,,,,020-0040 100-0190
00178551,NTE200,,WASHER,内齿锁紧垫圈,,,,030-0020 030-0200
00179791,NTE200,,BOLT,螺栓,,,,030-0080
00179793,NTE200,,BOLT,螺栓,,,,040-0020
00179795,NTE200,,BOLT,螺栓,,,,050-0020
00179797,NTE200,,BOLT,螺栓,,,,020-0040 030-0060 030-0180 090-0050
00179816,NTE200,,BOLT,螺栓,,,,050-0020
00179818,NTE200,,BOLT,六角头螺栓5/16,,,,030-0060 040-0080
00179835,NTE200,,BOLT,六角头螺栓3/8,,,,030-0020 030-0040 030-0060 030-0200
00179837,NTE200,,BOLT,螺栓,,,,020-0040 030-0020 030-0030 030-0160 040-0010 050-0040 050-0170 100-0120 100-0230 150-0010
00179838,NTE200,,BOLT,螺栓,,,,040-0010 150-0010 210-0423
00179839,NTE200,,BOLT,六角头螺栓3/8,,,,030-0020 030-0030 030-0060 030-0160 030-0190 040-0070 050-0090 050-0240 050-0250 090-0140 100-0030 100-0120 100-0170 210-0230
00179841,NTE200,,BOLT,螺栓,,,,020-0020 020-0030 020-0040 020-0110 030-0060 040-0010 040-0020 040-0060 040-0080 050-0040 050-0090 050-0240 070-0030 090-0140 100-0260 210-0210
00179843,NTE200,,HEXAGON BOLT,螺栓,,,,020-0110 040-0080
00179845,NTE200,,BOLT,六角头螺栓3/8-16-1.75,,,,030-0160 040-0040 040-0070 100-0030 100-0170
00179847,NTE200,,BOLT,螺栓,,,,040-0040 040-0080
00179848,NTE200,,BOLT,六角头螺栓,,,,050-0090
00179860,NTE200,,BOLT,螺栓,,,,050-0040 050-0090
00179874,NTE200,,BOLT,六角头螺栓,,,,050-0090
00179881,NTE200,,BOLT,螺栓,,,,040-0070 100-0170 210-0230
00179883,NTE200,,BOLT,螺栓,,,,020-0040 040-0020 050-0040 070-0040
00179885,NTE200,,CAPSCREW,螺栓,,,,020-0050 040-0080 050-0040 050-0090 070-0020 090-0160 100-0050
00179887,NTE200,,BOLT,六角头螺栓1/2-13UNC-1.75,,,,030-0160 040-0070 050-0040 050-0080 100-0170
00179889,NTE200,,HEXAGON BOLT,六角头螺栓,,,,020-0020 030-0160
00179891,NTE200,,CAPSCREW,螺栓,,,,020-0050 030-0040
00179894,NTE200,,BOLT,螺栓,,,,050-0030
00181426,NTE200,,BOLT,螺栓,,,,050-0250
00186282,NTE200,,BOLT,螺栓,,,,050-0250
00186485,NTE200,,BOLT,螺栓,,,,050-0030
00186609,NTE200,,BOLT,六角头螺栓,,,,100-0120
00186635,NTE200,,BOLT,螺栓,,,,050-0030
00186646,NTE200,,BOLT,螺栓,,,,050-0030 050-0090 070-0000
00186725,NTE200,,BOLT,螺栓,,,,050-0170 070-0040 070-0070
00186730,NTE200,,BOLT,螺栓,,,,070-0040
00187491,NTE200,,BOLT,螺栓,,,,020-0120
00218220,NTE200,,ELBOW,弯头,,,,020-0040
00218858,NTE200,,ADAPTER,接头,,,,040-0010
00223433,NTE200,,BOLT,螺栓,,,,040-0070 100-0170
00223437,NTE200,,BOLT,螺栓,,,,020-0010 080-0010
00223438,NTE200,,BOLT,螺栓,,,,040-0000 070-0020 070-0070
00223439,NTE200,,BOLT,螺栓,,,,040-0000 080-0010
00223446,NTE200,,BOLT,螺栓,,,,050-0030 070-0070
00223453,NTE200,,BOLT,螺栓,,,,040-0000
00223464,NTE200,,BOLT,螺栓,,,,040-0000
00223486,NTE200,,BOLT,螺栓,,,,030-0130
00223488,NTE200,,BOLT,螺栓,,,,040-0000
00223493,NTE200,,BOLT,螺栓,,,,020-0040 030-0140
00271554,NTE200,,BOLT,螺栓,,,,020-0020 040-0040
00271556,NTE200,,BOLT,螺栓,,,,040-0040 040-0070 040-0080 050-0170 100-0170
00271558,NTE200,,BOLT,螺栓,,,,020-0020 090-0150
00271560,NTE200,,BOLT,螺栓,,,,040-0080
00271562,NTE200,,HEXAGON BOLT,螺栓,,,,090-0160
00271564,NTE200,,BOLT,螺栓,,,,040-0080
00271609,NTE200,,BOLT,螺栓,,,,040-0080
00271612,NTE200,,BOLT,螺栓,,,,040-0070 100-0170
00271613,NTE200,,BOLT,螺栓,,,,040-0060
00271621,NTE200,,BOLT,螺栓,,,,040-0060
00273469,NTE200,,PLUG,螺塞,,,,050-0020
00274208,NTE200,,LOCK NUT,自锁螺母,,,,020-0020 020-0030 020-0040 020-0110 030-0020 030-0030 030-0040 030-0060 030-0160 040-0010 040-0020 040-0040 040-0070 050-0250 100-0030 100-0120 100-0170 210-0210
00274209,NTE200,,LOCK NUT,自锁螺母,,,,020-0020 020-0040 020-0050 030-0160 050-0090 070-0040 090-0160
00274210,NTE200,,NUT,螺母,,,,020-0010 040-0060 040-0080
00274821,NTE200,,LOCK NUT,自锁螺母,,,,020-0020 040-0060 050-0030
00274856,NTE200,,NUT,自锁螺母,,,,040-0020
00427563,NTE200,,BOLT,螺栓,,,,050-0030
00444035,NTE200,,JOINT,接头,,,,020-0040
00444679,NTE200,,PLUG,螺堵,,,,070-0040
00454112,NTE200,,JOINT,弯头,,,,100-0030
00454414,NTE200,,BOLT STEEL PIPE,螺栓,,,,080-0010
00454754,NTE200,,LOCK NUT,自锁螺母,,,,050-0020
00454989,NTE200,,BOLT,螺栓,,,,070-0020 070-0070
02278702,NTE200,,CLIP,管夹,,,,040-0020 070-0050
02301722,NTE200,,CLAMP,夹子,,,,090-0140
06350512,NTE200,,BOLT,六角头螺栓,,,,100-0120
06350625,NTE200,,BOLT,六角头螺栓,,,,100-0230
06350820,NTE200,,BOLT,螺栓,,,,090-0020
06350825,NTE200,,BOLT,螺栓,,,,090-0100
06351025,NTE200,,BOLT,螺栓,,,,090-0080 090-0130
06430601,NTE200,,NUT,六角螺母,,,,100-0230
06471001,NTE200,,LOCK NUT,自锁螺母,,,,090-0130
06525035,NTE200,,VALVE-GAS,充气阀,,,,050-0110 050-0180 070-0020 070-0070
06750967,NTE200,,BREATHER,呼吸器,,,,030-0080 100-0270
07150510,NTE200,,WASHER,垫圈,,,,020-0040
07150615,NTE200,,WASHER,垫圈,,,,050-0170
07150620,NTE200,,A WASHER,型平垫圈,,,,100-0120
07150815,NTE200,,PLAIN WASHER,平垫圈,,,,090-0020
07151020,NTE200,,WASHER,平垫圈,,,,030-0200
07160630,NTE200,,WASHER,垫圈,,,,050-0170
07161030,NTE200,,WASHER,弹簧(锁紧)垫圈,,,,030-0200
07161230,NTE200,,LOCK WASHER,弹簧垫圈,,,,090-0150 090-0160
07551826,NTE200,,HOSE,热水管,,,,090-0140
090-0100.,NTE200,,,,,,,090-0140
09008198,NTE200,,WASHER,垫圈,,,,030-0140
09008525,NTE200,,PLUG,磁性螺塞,,,,050-0020 100-0030
09014080,NTE200,,P CLAMP,夹子,,,,050-0090 090-0140 100-0030
09014081,NTE200,,P P-CLIP,夹子,,,,050-0040
09014950,NTE200,,ADAPTOR,接头,,,,090-0140
09015216,NTE200,,BUSHING-SELF ALIGN,,,,,070-0030
09016048,NTE200,,JOINT,接头,,,,050-0170
09019631,NTE200,,WASHER,垫圈,,,,040-0000
09060202,NTE200,,GASKET,垫圈,,,,040-0060 040-0080 050-0030 050-0240 090-0140
09063065,NTE200,,WASHER,垫圈,,,,050-0040
09077822,NTE200,,BUFFER,缓冲垫,,,,090-0080
09113457,NTE200,,SAFETY SILK,安全铁丝,,,,040-0040 070-0010
09114833,NTE200,,BRACKET,扭曲支架,,,,100-0120
09123142,NTE200,,WASHER,垫圈,,,,100-0120
09131853,NTE200,,CLAMP,管夹,,,,030-0020 030-0030 030-0160 040-0020 090-0140 100-0120
09131857,NTE200,,CLIP,卡子,,,,030-0020 100-0230
09131861,NTE200,,CLAMP,夹子,,,,030-0020 030-0030 040-0020
09131865,NTE200,,P CLAMP,夹子,,,,030-0020 030-0030 050-0170 150-0010
09131873,NTE200,,CLAMP,管夹,,,,020-0040 040-0010 100-0270
09131877,NTE200,,CLAMP,管夹,,,,040-0010 040-0020
09136639,NTE200,,ADAPTER,接头,,,,050-0020 100-0030
09141843,NTE200,,PIPE,软管,,,,020-0040
09141918,NTE200,,O O RING,型圈,,,,050-0040
09152890,NTE200,,CLAMP,夹子,,,,030-0020 100-0120 100-0230
09152893,NTE200,,CABLE-P,夹子,,,,030-0030 090-0140
09152894,NTE200,,P CLAMP,夹子,,,,090-0140 100-0230
09152949,NTE200,,CLAP,夹子,,,,020-0040
09157292,NTE200,,CLAMP,夹子,,,,030-0020 030-0030 100-0120
09167602,NTE200,,FLANGE SPLIT,对开法兰,,,,050-0040
09176228,NTE200,,WASHER,垫圈,,,,040-0080
09179837,NTE200,,BOLT,螺栓,,,,040-0020
09181284,NTE200,,CLIP,夹子,,,,100-0030
09183203,NTE200,,PLUG,堵头,,,,050-0170
09183204,NTE200,,PLUG,堵头,,,,050-0090 050-0170
09183206,NTE200,,PLUG,螺堵,,,,050-0020 050-0090
09184379,NTE200,,GROMMET RUBBER,橡胶垫,,,,090-0150
09191596,NTE200,,WASHER,垫圈,,,,050-0020 050-0170 080-0010
09250715,NTE200,,WASHER,垫圈,,,,050-0080 070-0040 080-0010
09251501,NTE200,,L BARCKET,支架,,,,030-0020 030-0030 100-0030 100-0120
09253512,NTE200,,WASHER HARDENED,淬火垫圈,,,,070-0050
09267660,NTE200,,WASHER,垫圈,,,,050-0030
09267949,NTE200,,WASHER,垫圈,,,,050-0030
09268885,NTE200,,LOCK,锁,,,,020-0040
09269632,NTE200,,WASHER,垫圈,,,,020-0040
09270000,NTE200,,WAHSER,垫圈,,,,020-0020 020-0050 040-0020 040-0070 040-0080 050-0040 050-0090 070-0000 070-0020 070-0040 070-0070 090-0160 100-0170
09270004,NTE200,,WASHER,垫圈,,,,040-0080
09271069,NTE200,,DECAL-HOOK,吊钩贴片,,,,100-0180
09398392,NTE200,,THERMOSTAT- EVAPORATOR,芯体温度传感器,,,,090-0100
09399117,NTE200,,BELT,皮带,,,,090-0140
09402709,NTE200,,CONNECTION PIPE,弯头,,,,040-0060
09402711,NTE200,,ADAPTER,接头,,,,040-0010 100-0030
09402713,NTE200,,ADAPTER,接头,,,,040-0010 040-0020
09402826,NTE200,,CONNECTION PIPE,弯头,,,,040-0060
09402828,NTE200,,JOINT,弯头,,,,100-0030
09409982,NTE200,,FLANGE SPLIT,对开法兰,,,,050-0040 050-0090
09409983,NTE200,,FLANGE SPLIT,对开法兰,,,,050-0040 050-0090
09409984,NTE200,,FLANGE SPLIT,对开法兰,,,,050-0040 050-0090
09409985,NTE200,,FLANGE SPLIT,对开法兰,,,,050-0040 050-0090
09410968,NTE200,,O O RING,型圈,,,,050-0040 050-0090
09410969,NTE200,,O O RING,型圈,,,,050-0040 050-0090
09410970,NTE200,,O O RING,型圈,,,,050-0040 050-0090
09410971,NTE200,,O O RING,型圈,,,,050-0040 050-0090
09411743,NTE200,,ELBOW,弯头,,,,040-0010
09414954,NTE200,,BOLT,螺栓,,,,040-0000
09419469,NTE200,,NUT,螺母,,,,020-0010
09425517,NTE200,,"RING,RETAINING BUSHING-SELF",卡环 关节轴承,,,,070-0030
09430339,NTE200,,BOLT,螺栓,,,,020-0040
102020,Cummins,,Available Kits - 14 X 2 INCH,БОЛТ С ШЕСТИГРАННОЙ ГОЛОВКОЙ,,,,Q03-GG6908-00 Q07-GG6908-00 Q11-OP6100-11 QO03-GG6908-02 QO07-GG6908-02 QO11-OP6100-12
103009,Cummins,Болт,Available Kits - 14 X 1 INCH,БОЛТ С ШЕСТИГРАННОЙ,120.94,Cummins,,Q03-BB67054-00 Q06-WF6707-03 Q07-CF6009-01 QO03-BB67054-01 QO04-WP6704-14 QO06-WP6704-14 QO07-CF6009-01
103023,Cummins,Болт,- 14 X 1 INCH,БОЛТ С ШЕСТИГРАННОЙ ГОЛОВКОЙ,41.96,Cummins,,Q06-TB6817-15 Q07-DF6009-03 Q07-DP6726-00 Q11-LP6709-02 Q11-OP6100-11 QO06-TB6817-15 QO07-DF6009-03 QO07-DP6726-00 QO11-LP6709-02 QO11-OP6100-12
106069,Cummins,,- 14 X 2 INCH,ГОЛОВКОЙ БОЛТ С ШЕСТИГРАННОЙ ГОЛОВКОЙ,,,,Q03-BB67054-00 Q11-OP6100-11 QO03-BB67054-01 QO11-OP6100-12
107695,Cummins,,ROLL PIN,ЦИЛИНДРИЧЕСКИЙ ШТИФТ,,,,Q11-LP6709-02 QO11-LP6709-02
107948,Cummins,,DIAMOND DOWEL,РОМБОВИДНЫЙ ШТИФТ,,,,Q11-LP6709-02 QO11-LP6709-02
108330,Cummins,,Available Kits INCH,ПЛОСКАЯ ШАЙБА,,,,Q10-FP6990-02 Q11-OP6100-11 QO04-WP6704-14 QO05-WR67101-01 QO06-WP6704-14 QO08-WR67101-01 QO10-FP6990-03 QO11-OP6100-12
108707,Cummins,,Available Kits - 16 X 1 INCH,БОЛТ С ШЕСТИГРАННОЙ,,,,Q02-TP6777-08 Q06-TP6777-08 Q11-PL6775-04 Q11-TP6777-08 QO02-TP6777-08 QO04-WP6704-14 QO06-TP6777-08 QO06-WP6704-14 QO11-PL6775-05 QO11-TP6777-08
108708,Cummins,,- 14 X 3 INCH,БОЛТ С ШЕСТИГРАННОЙ,,,,Q07-CF6009-01 QO07-CF6009-01
108722,Cummins,,CLIP,ГОЛОВКОЙ ФИКСАТОР,,,,Q02-TP6777-08 Q06-TP6777-08 Q11-TP6777-08 QO02-TP6777-08 QO06-TP6777-08 QO11-TP6777-08
108767,Cummins,,- 14 X 3 INCH,БОЛТ С ШЕСТИГРАННОЙ ГОЛОВКОЙ,,,,Q03-GG6908-00 Q07-GG6908-00 Q11-OP6100-11 QO03-GG6908-02 QO07-GG6908-02 QO11-OP6100-12
109319,Cummins,,LOCKPLATE,КОНТРОВОЧНАЯ ШАЙБА,,,,Q11-LP6709-02 QO02-PP43379-10 QO03-PP43379-10 QO10-PP43379-10 QO11-LP6709-02
109660,Cummins,Штуцер-переходник,,ГЛАДКИЙ ШТУЦЕР- ПЕРЕХОДНИК,1139.48,Cummins,,Q06-WF6707-03
109895,Cummins,,OIL TUBE BRACKET,,,,,QO05-WR67101-01 QO08-WR67101-01
110266,Cummins,,- 14 X 4 INCH,БОЛТ С ШЕСТИГРАННОЙ ГОЛОВКОЙ,,,,Q03-GG6908-00 Q07-CF6009-01 Q07-GG6908-00 QO03-GG6908-02 QO07-CF6009-01 QO07-GG6908-02
111445,Cummins,Шайба,LOCK WASHER,СТОПОРНАЯ ШАЙБА,151.67,Cummins,,Q07-DF6009-03 QO07-DF6009-03
124507,Cummins,"GEAR,FLYWHEELRING",FLYWHEEL RING GEAR,ЗУБЧАТЫЙ ВЕНЕЦ МАХОВИКА,9978.8,Cummins,,Q07-FW6075-04 QO07-FW6075-05
127316,Cummins,,INCH,ПЛОСКАЯ ШАЙБА,,,,Q11-LP6709-02 QO11-LP6709-02
127362,Cummins,,INCH,ПЛОСКАЯ ШАЙБА,,,,Q03-BB67054-00 Q11-LF6080-11 QO03-BB67054-01 QO11-LF6080-12
127454,Cummins,Tensioner large screw washer,INCH,ПЛОСКАЯ ШАЙБА,276.8,Cummins,,Q07-FA6270-03 QO07-FA6270-05
127571,Cummins,,INCH,ПЛОСКАЯ ШАЙБА,,,,Q07-DF6009-03 QO07-DF6009-03
130083,Cummins,"BEARING,THRUST",THRUST BEARING,УПОРНЫЙ ПОДШИПНИК,341.84,Cummins,,Q03-BB67054-00 QO03-BB67054-01
131026,Cummins,,O RING SEAL,УПЛОТНИТЕЛЬНОЕ КОЛЬЦО,,,,Q11-LG6051-03 QO11-LG6051-04
131584,Cummins,,ROLL PIN,ЦИЛИНДРИЧЕСКИЙ ШТИФТ,,,,Q02-TB6802-18 Q06-TB6802-18 Q07-DA6703-03 Q07-FW6075-04 QO02-TB6802-20 QO06-TB6802-20 QO07-DA6703-03 QO07-FW6075-05
135783,Cummins,,INCH,СТОПОРНАЯ ШАЙБА,,,,Q07-DF6009-03 QO07-DF6009-03
137795,Cummins,,- 16 X INCH,БОЛТ С ШЕСТИГРАННОЙ ГОЛОВКОЙ,,,,Q02-TP6777-08 Q06-TP6777-08 Q11-TP6777-08 QO02-TP6777-08 QO05-WR67101-01 QO06-TP6777-08 QO08-WR67101-01 QO10-FT60821-15 QO11-TP6777-08
138912,Cummins,,PIN DOWEL,НАПРАВЛЯЮЩИЙ ШТИФТ,,,,Q03-BB67054-00 QO03-BB67054-01
139990,Cummins,,INCH,ПЛОСКАЯ ШАЙБА,,,,Q03-BB67054-00 QO03-BB67054-01
145539,Cummins,,O RING SEAL,УПЛОТНИТЕЛЬНОЕ КОЛЬЦО,,,,Q07-FH6073-05 QO07-FH6073-06
145581,Cummins,Seal,O RING SEAL,УПЛОТНИТЕЛЬНОЕ КОЛЬЦО,79.51,Cummins,,Q07-FA6270-03 QO07-FA6270-05
148547,Cummins,,PIN DOWEL,НАПРАВЛЯЮЩИЙ ШТИФТ,,,,Q03-PP6885-03 Q07-PP6885-03 QO03-PP6885-03 QO07-PP6885-03
15016186,NTE200,BALL-VALVE--,BALL VALVE,球阀,298.21,Гидравлическая система,,050-0020 100-0030
15030333,NTE200,WASHER---,WASHER,垫圈,3.86,,,050-0020 100-0230
15030697,NTE200,,WASHER,垫圈,,,,040-0020
15030856,NTE200,NUT---,NUT,螺母,3.86,,,090-0050
15030859,NTE200,WASHER,WASHER,垫圈,0.23,,,090-0130
15030885,NTE200,,NUT,螺母-M4,,,,030-0020 030-0200 090-0100 100-0120
15030910,NTE200,WASHER,WASHER,垫圈,0.09,,,030-0190 030-0200 090-0050 090-0080
15036005,NTE200,BOLT---,BOLT,螺栓,3.86,,,050-0170
15036006,NTE200,WASHER---,WASHER,弹簧垫圈,1.93,,,030-0070 050-0170 090-0020 090-0050 090-0100 090-0140 090-0180
15036016,NTE200,WASHER---,WASHER,垫圈4,1.93,,,030-0020 030-0200 090-0100 100-0120
15036017,NTE200,,WASHER,垫圈4,,,,030-0020 030-0200 090-0100 100-0120
15036029,NTE200,WASHER,WASHER SPRING,弹簧垫圈,1.93,,,050-0040 210-0920
15036037,NTE200,SPRING-WASHER--,WASHER,垫圈,3.86,,,050-0250
15036051,NTE200,WASHER---,WASHER,垫圈,3.86,,,090-0150 090-0160 210-0920
15036067,NTE200,NUT---,NUT,螺母,3.86,,,030-0190 030-0200 090-0080 100-0120
15036068,NTE200,SPRING WASHER,LOCKWASHER,弹垫,0.18,,,030-0190 030-0200 090-0050 090-0080 090-0140 100-0120
15036082,NTE200,PLAIN-WASHER--,WASHER,垫圈,1.93,,,050-0090 090-0080 090-0140
15036083,NTE200,WASHER---,WASHER,垫圈,1.93,Метизы,,050-0020 050-0090 090-0080 090-0140
15036097,NTE200,WASHER---SPRING-,WASHER SPRING,弹簧垫圈,1.93,,,050-0040
15036120,NTE200,BOLT---,BOLT,螺栓,3.86,,,050-0040 050-0090
15036140,NTE200,NUT---,NUT,螺母,1.93,Электрооборудование,,090-0150 090-0160
15036144,NTE200,WASHER---,WASHER,垫圈,3.86,,,050-0040
15036145,NTE200,PLAIN-WASHER--,WASHER,垫圈,1.93,,,040-0020
15036163,NTE200,,WASHER,垫圈,,,,050-0020
15036177,NTE200,NUT---,NUT,螺母,1.93,,,050-0170 090-0020 090-0100
15036181,NTE200,,BOLT,螺栓,,,,050-0090 090-0140
15036182,NTE200,NUT---,NUT,螺母,1.93,,,090-0140
15036212,NTE200,SPRING WASHER,PLAIN WASHER,平垫圈,0.08,,,090-0140 100-0120
15036215,NTE200,,WASHER,垫圈,,,,030-0200 100-0120
15036216,NTE200,WASHER---,WASHER,垫圈,1.75,,,030-0200
15036224,NTE200,BOLT---,BOLT,螺钉,3.47,Кабина,,090-0050
15036240,NTE200,,NUT,螺母 六角头螺栓全螺,,,,030-0200 090-0050 100-0120 100-0180
15036241,NTE200,WASHER,WASHER,垫圈,1.75,,,030-0200 090-0050 100-0120 100-0180
15036242,NTE200,WASHER---,WASHER,垫圈,1.75,,,030-0200
15036279,NTE200,BOLT---,BOLT,六角头螺栓,1.75,,,030-0200 090-0080 100-0120
15036281,NTE200,WASHER---,WASHER,垫圈,3.47,,,090-0050 090-0100 090-0180
15036284,NTE200,,BOLT,螺栓,,,,050-0170
15036285,NTE200,NUT---,NUT,螺母,1.93,,,030-0200 090-0140 100-0120
15036288,NTE200,BOLT---,BOLT,螺栓,1.75,Метизы,,050-0020 090-0080
15036321,NTE200,BOLTM12*35,BOLT,螺栓,2.17,,,210-0920
15036338,NTE200,BOLT---,BOLT,螺栓,3.47,,,090-0180
15036344,NTE200,PLAIN-WASHER--,WASHER,垫圈,1.93,,,100-0230
15036356,NTE200,,BOLT,螺栓,,,,090-0140
15036398,NTE200,,BOLT,纹),,,,030-0200
15036455,NTE200,,RIVET,铆钉,,,,100-0180
15036467,NTE200,,WASHER,垫圈,,,,050-0090
15036470,NTE200,BOLT---,SCREW,螺钉,3.59,,,030-0200
15036516,NTE200,,SCREW,螺钉M4*20,,,,030-0020 030-0200 090-0100 100-0120
15036572,NTE200,BOLT,BOLT,螺栓,0.5,,,100-0120
15036590,NTE200,SCREW---,SCREW,螺钉,3.86,,,050-0020
15036635,NTE200,,SCREW,螺钉,,,,090-0140
15036684,NTE200,,BOLT,螺栓,,,,040-0020
15036689,NTE200,INNER-HEX-BOLT-,SCREW,螺钉,3.86,,,100-0120
15036694,NTE200,,"1/2""NPT-1/2""NPT（1N-08） CONNECTOR",接头,,,,100-0100
15036726,NTE200,BOLT---,BOLT,螺栓,5.19,,,050-0040
15036880,NTE200,,BOLT,螺栓,,,,090-0140
15036904,NTE200,BOLT---,BOLT,螺栓,3.47,,,090-0050
15036996,NTE200,,NUT,螺母,,,,050-0020
15037063,NTE200,,BOLT,螺栓,,,,090-0140
15037109,NTE200,BOLT---,BOLT,螺钉,3.47,,,030-0190
15037117,NTE200,BOLT---,SCREW,螺钉,3.47,,,030-0200 090-0050
15037124,NTE200,COTTER PIN,SPLIT PIN,开口销,0.78,,,100-0250
15037148,NTE200,,BOLT,螺栓,,,,050-0020
15037168,NTE200,BOLT---,BOLT,螺钉,15.58,,,050-0090
15037228,NTE200,,NUT,六角螺母C 级,,,,100-0120
15037266,NTE200,BOLT---,BOLT,螺栓,3.47,,,020-0040
15037361,NTE200,BOLT---,BOLT,螺栓,3.47,,,090-0140
15037464,NTE200,BOLT---,BOLT,螺栓,13.86,Метизы,,050-0020
15037491,NTE200,BOLT---,BOLT,螺栓,20.78,,,050-0090
15037496,NTE200,,SCREW,螺钉,,,,100-0120
15037502,NTE200,PIN---,PIN,销子,27.69,,,070-0040
15037510,NTE200,SCREW---,SCREW,螺钉,21.09,Гидравлическая система,,050-0020 050-0250
15037512,NTE200,NUT-ACORN---,NUT ACORN,盖形螺母,24.95,,,070-0040
15037575,NTE200,,BOLT BRACKET,螺栓,,,,080-0010
15037580,NTE200,,BOLT,螺栓,,,,080-0000
15037587,NTE200,U-BOLT-,U U CLAMP,型夹子,13.86,,,090-0150 090-0160
15037589,NTE200,,SCREW,螺钉,,,,090-0050 100-0120
15037624,NTE200,,EYEBOLT,吊环,,,,090-0010
15037636,NTE200,,WASHER,垫片,,,,080-0000
15037646,NTE200,BOLT,BOLT,螺栓,98.5,Кузов,,040-0000
15037704,NTE200,BOLT,BOLT,螺钉,20.17,Кабина,,090-0050
15037714,NTE200,,WASHER,垫片,,,,080-0000
15037796,NTE200,,BOLT,螺栓,,,,080-0000
15037804,NTE200,,BOLT,螺栓,,,,040-0040
15037808,NTE200,,BOLT,螺栓,,,,020-0010
15037809,NTE200,,BOLT,螺栓,,,,020-0010
15037816,NTE200,,SCREW,螺钉,,,,100-0030
15037818,NTE200,PINSPRING,PIN SPRING,弹簧销,77.53,,,070-0040
15037820,NTE200,,WASHER PLAIN,垫片,,,,020-0010 040-0000 070-0070
15037833,NTE200,,BOLT,螺栓,,,,070-0040
15037856,NTE200,,GASKET,垫片,,,,020-0010
15037858,NTE200,,GASKET,垫片,,,,020-0010
15037866,NTE200,,NUT,螺母,,,,080-0000
15037886,NTE200,,BOLT,螺栓,,,,020-0040
15037890,NTE200,,BOLT,螺栓,,,,020-0010
15037891,NTE200,,BOLT,螺栓,,,,080-0000
15038011,NTE200,,BOLT,螺栓,,,,050-0110 050-0180
15041177,NTE200,COVER-BOARD--,COVER BOARD,盖板,1.2,Кабина,,090-0050
15041865,NTE200,,RED DECORATIVE PAINT,红色装饰漆,,,,100-0190
15042116,NTE200,WASHER-SEAL---,WASHER-SEAL,组合垫圈,21.09,,,030-0190
151355,Cummins,,LOCKPLATE,КОНТРОВОЧНАЯ ШАЙБА,,,,Q11-LP6709-02 Q11-OP6100-11 QO11-LP6709-02 QO11-OP6100-12
15226869,NTE200,,CABLE,启动机地线,,,,030-0040
15230178,NTE200,PLUG-OIL LEVEL,WINDOW NUT,视窗螺母,202.18,,,100-0270
15232081,NTE200,,CLAP,夹子,,,,020-0040
15236118,NTE200,,ADAPTER,接头,,,,080-0000
15237161,NTE200,COMB-SWITCH--,COMB SWITCH,组合开关,406.23,Электрооборудование,,090-0050
15244364,NTE200,,RUBBER SEAL,橡胶封条,,,,210-0423
15244929,NTE200,,ADAPTOR,接头,,,,050-0090
15251936,NTE200,ADAPTER,ADAPTER,接头,22.79,Гидравлическая система,,050-0040 050-0170
15251938,NTE200,ADAPTOR,JOINT,接头,8.39,,,050-0170
15251939,NTE200,ADAPTER---,ADAPTER,接头,57.54,,,050-0020
15251944,NTE200,,ELBOW,弯头,,,,050-0090 050-0170
15251982,NTE200,JOINT,ADAPTOR,接头,9.59,Гидравлическая система,,050-0090
15252695,NTE200,,JOINT,接头,,,,050-0170
15252849,NTE200,,ADAPTOR,接头,,,,050-0090
15252902,NTE200,CONNECTOR---,TEE,三通,627.12,,,050-0090 050-0170
15252983,NTE200,ELBOW,ELBOW,弯头,29.98,Гидравлическая система,,050-0090 050-0170
15252996,NTE200,Уголок,JOINT,接头,84.79,,,050-0170
15253039,NTE200,PIPE CONNECTION,ADAPTOR,接头,20.39,Гидравлическая система,,050-0090 050-0170
15253042,NTE200,,JOINT,接头,,,,050-0170
15253073,NTE200,TEE,TEE,三通,64.76,Гидравлическая система,,050-0090 050-0170
15253129,NTE200,ELBOW CONNECTION,ELBOW,弯头,274.63,Гидравлическая система,,050-0090
15253242,NTE200,Уголок,ELBOW,弯头,160.05,Гидравлическая система,,050-0090
15253647,NTE200,,ELBOW,弯头,,,,050-0090 050-0170
15254657,NTE200,CLAMP,CLIP,卡箍,220.97,Cummins,,040-0060
15256731,NTE200,BOLT,BOLT,螺栓,8.85,,,020-0030
15256755,NTE200,,JOINT,接头,,,,050-0170
15257770,NTE200,KEYSWITCH,KEY SWITCH,钥匙开关,524.07,Кабина,,090-0050
15266829,NTE200,#N/A,INDICATOR,指示器,299.31,Гидравлическая система,,050-0010
15301637,NTE200,SPIRALGUARD---,SHIELD,螺旋护套,44.11,Гидравлическая система,,030-0160 050-0170
15301699,NTE200,LOAD BREAK SWITCH,LB WITCH,装载制动开关,271.98,Электрооборудование,,090-0050
15303679,NTE200,,CABLE TIE,电缆卡带,,,,100-0230
15305384,NTE200,,JOINT,接头,,,,050-0170
15305573,NTE200,,SPRING,护簧,,,,050-0040
15308924,NTE200,Хомут Ø110,CLAMP,卡箍,280.47,,,210-0920
15311494,NTE200,Хомут,CLAMP-HOSE,卡环,243.36,,,070-0030
15318915,NTE200,REVERSE ALARM,REVERSE ALARM,倒车报警,1624.73,Электрооборудование,,030-0060
15366005,NTE200,BOLT---,WASHER,螺栓,3.86,,,030-0070
158250,Cummins,,- 11 X 1 INCH,БОЛТ С ДВЕНАДЦАТИГРАННОЙ ГОЛОВКОЙ,,,,Q07-SM6720-01 Q08-SM6720-01 QO07-SM6720-01 QO08-SM6720-01
163086,Cummins,,THREADED PLUG,РЕЗЬБОВАЯ ПРОБКА,,,,Q07-FH6722-01 QO07-FH6722-01
163654,Cummins,,O RING SEAL,УПЛОТНИТЕЛЬНОЕ КОЛЬЦО,,,,Q06-TH6728-07 QO06-TH6728-07
169195,Cummins,,HEXAGON HEAD CAP SCREW,,,,,QO09-TB6054-03
169834,Cummins,,CLIP,ШПОНКА ФИКСАТОР,,,,Q07-CB6705-03 QO07-CB6705-03
170664,Cummins,,INCH,ПЛОСКАЯ ШАЙБА,,,,Q07-EH6054-02 Q08-EH6054-02 QO07-EH6054-02 QO08-EH6054-02
172640,Cummins,,- 16 X 2 INCH,БОЛТ С ДВЕНАДЦАТИГРАННОЙ ГОЛОВКОЙ,,,,Q06-TB6817-15 QO06-TB6817-15
179904,Cummins,,HOSE CLAMP,,,,,QO10-FT60821-15
17LV66146,GE,,,,,,,600-0040-200
180371,Cummins,,CLIP,,,,,QO05-WR67101-01 QO08-WR67101-01
185804,Cummins,,- 14 X 1 INCH,БОЛТ С ШЕСТИГРАННОЙ ГОЛОВКОЙ,,,,Q07-FA6270-03 QO07-FA6270-05
191772,Cummins,,Available Kits - 16 X 1 INCH,БОЛТ С ДВЕНАДЦАТИГРАННОЙ,,,,Q10-FD6740-01 Q11-LF6080-11 QO10-FD6740-01 QO11-LF6080-12
195952,Cummins,,O RING SEAL,УПЛОТНИТЕЛЬНОЕ КОЛЬЦО,,,,Q03-BB67055-00 Q06-BB67055-00 QO03-BB67055-00 QO06-BB67055-00
197032,Cummins,,- 14 X 1 INCH,БОЛТ С ШЕСТИГРАННОЙ ГОЛОВКОЙ,,,,Q11-LP6709-02 QO11-LP6709-02
199919,Cummins,,- 16 X 1 INCH,БОЛТ С ДВЕНАДЦАТИГРАННОЙ ГОЛОВКОЙ,,,,Q11-LP6709-02 QO11-LP6709-02
20000468,NTE200,FLANGE - SPLIT,FLANGE,对开法兰,223.35,,,050-0090
2000357,NTE200,,VALVE THROTTLE,节流阀,,,,050-0130
2000358,NTE200,,VALVE THROTTLE,节流阀,,,,050-0130
2000359,NTE200,,VALVE THROTTLE,节流阀,,,,050-0130
20004081,NTE200,SWITCH,SWITCH,拨动开关,274.49,,,030-0190 030-0200
20010861,NTE200,PLUG---,PLUG,堵头,5.77,Гидравлическая система,,050-0090 050-0170
20011051,NTE200,ACCUMULATOR,RESERVOIR,储液器,396.11,Фильтр,,090-0140
20011062,NTE200,·CLAMP---,CLAMP,夹子,153.43,,,090-0100
20011442,NTE200,Вентиляционная решетка,VENT,出风口,200.69,,,090-0100
20011445,NTE200,·CONNECTOR---,CONNECTOR,接头,40.27,,,090-0100
20011446,NTE200,·CONNECTOR---,CONNECTOR,接头,46.02,,,090-0100
20011450,NTE200,·EXPANSION-VALVE--,EXPANSION VALVE,膨胀阀,320.27,Кабина,,090-0100
20011454,NTE200,AIR BLOWER (USE FOR NEW CAB),BLOWER UNIT,风机,1956.13,Кабина,,090-0100
20011733,NTE200,,SWITCH-DOOR,门触点开关,,,,090-0010
20011735,NTE200,SPRINKLE-HOSE,TUBE,喷水软管,21.98,Кабина,,090-0010
20011737,NTE200,,GROMMET,橡胶圈,,,,090-0010
20011738,NTE200,,GRILLE-SPEAKER,扬声器罩,,,,090-0010
20011989,NTE200,O-RING-,O •O RING,型圈,3.86,,,090-0140
20011990,NTE200,O-RING-,O •O RING,型圈,3.86,,,090-0140
20011991,NTE200,O-RING-,O •O RING,型圈,5.77,,,090-0140
20011992,NTE200,O-RING-,O •O RING,型圈,5.77,,,090-0140
20011993,NTE200,O-RING-,O •O RING,型圈,3.86,,,090-0140
20011994,NTE200,"·· PRESSURE
SWITCH",SWITCH-PRESS,压力开关,197.01,,,090-0140
20019927,NTE200,ADAPTER,PLUG,堵头,39.84,Гидравлическая система,,050-0040
20020401,NTE200,Подогреватель гидробака,HEATER,加热器,4321.26,Электрооборудование,,210-0413
20020654,NTE200,,DRY TANK,干粉罐总成,,,,100-0100
20020655,NTE200,,GAS CARTRIDGE,氮气瓶总成,,,,100-0100
20020657,NTE200,,V V-NOZZLE,型喷头,,,,100-0100
20020660,NTE200,,SAFETY VALVE,安全阀,,,,100-0100
20020664,NTE200,,EOL DEVICE,末端匹配电阻总成,,,,100-0100
20020666,NTE200,,LINEAR,感温线,,,,100-0100
20020827,NTE200,,ADPTER,弯接头,,,,030-0080 100-0100
20020828,NTE200,,1JN-10-08 CONNECTOR,接头,,,,100-0100
20020831,NTE200,,1JN9-12 CONNECTOR,接头,,,,100-0100
20020832,NTE200,,7N9-08PK ELBOW,弯头,,,,100-0100
20022909,NTE200,TEE,TEE,三通,340.69,,,050-0090
20023167,NTE200,·END CAP,END CAP,端盖,1205.56,,,050-0140
20023197,NTE200,·BRACKET---,BRACKET-RESERVOIR,储液器支架,55.6,,,090-0140
20023210,NTE200,RING-DIRT,RING-DIRT,防尘套,857.35,,,070-0030
20023934,NTE200,RESISITANCE INDICATOR,RESISTANCE INDICATOR,阻力指示器,91.77,,,040-0040
20024064,NTE200,ADPTER,ADPTER,直接头,34.1,,,030-0080
20024403,NTE200,,CONNECTOR,隔板接头,,,,100-0100
20024559,NTE200,·O RING,O ·O RING,形圈,9.54,рулевое управление,,050-0140
20024560,NTE200,·RETAINER RING,RETAINER RING,挡圈,47.34,,,050-0140
20024561,NTE200,·O RING,O ·O RING,形圈,36.01,,,050-0140
20024562,NTE200,·RETAINER RING,RETAINER RING,挡圈,138.2,,,050-0140
20024563,NTE200,·SEAL,SEAL,密封圈,179.82,,,050-0140
20024564,NTE200,·SEAL,SEAL,密封圈,494.02,,,050-0140
20024565,NTE200,·DUST-PROOF RING,DUST-PROOF RING,防尘圈,353.92,,,050-0140
20024903,NTE200,,LEFT LIGHT SHIELD,左后照灯护罩,,,,030-0060
20024904,NTE200,,RIGHT LIGHT SHIELD,右后照灯护罩,,,,030-0060
20025231,NTE200,,JOINT,接头,,,,050-0170
20026495,NTE200,·HINGE ASSY,HINGE ASSY,门铰链总成,2042.03,,,090-0010
20026530,NTE200,BASE ASSY - AUXILIARYSEAT,PASSENGER SEAT LOCK ASSY,副座椅基座总成,1568.99,,,090-0080
20026531,NTE200,LOCK ASSY - AUXILIARY SEAT,PASSENGER SEAT PASSENGER SEAT,副座椅固定锁总成,234.67,,,090-0080
20026539,NTE200,,WINDOW WATER BAR,玻璃挡水条,,,,090-0030 090-0040
20026542,NTE200,,SEAL STRIP,门密封条,,,,090-0030 090-0040
20026646,NTE200,·HOSE ASSY,HOSE ASSY,软管总成,1056.01,,,090-0140
20026647,NTE200,·HOSE ASSY,HOSE ASSY,软管总成,316.11,,,090-0140
20026648,NTE200,·HOSE ASSY,HOSE ASSY,软管总成,367.16,,,090-0140
20026675,NTE200,··RETAINING RING,RETAINING RING,挡圈,370.98,,,070-0070
20026676,NTE200,·DUST RING,DUST RING,密封圈,2380.78,,,070-0070
20026678,NTE200,·DUST RING,DUST RING,防尘圈,2695,,,070-0070
20026679,NTE200,•PLUG,PLUG,堵,11.44,,,070-0020 070-0070
20026710,NTE200,ROD，RADIUS,ROD，RADIUS,横拉杆,12310.69,,,070-0000
20026711,NTE200,RADIUS，ROD,RADIUS，ROD,纵拉杆,41634.83,,,070-0000
20026712,NTE200,CAP-KINGPIN,WASHER,主销盖,3542.81,,,070-0000
20026713,NTE200,KINGPIN,NUT,主销,28665.58,Передняя ось,,070-0000
20026714,NTE200,BEARING，UPPER,BEARING，UPPER,上轴套,308.48,Передняя ось,,070-0000
20026715,NTE200,WASHER,WASHER,垫圈,4973.48,Передняя ось,,070-0000
20026716,NTE200,BUSHING，UPPER,BUSHING，UPPER,上衬套,1550.02,Передняя ось,,070-0000
20026717,NTE200,SPACER.,SPACER.,隔圈,537.53,Передняя ось,,070-0000
20026718,NTE200,BUSHING，LOWER,BUSHING，LOWER,下衬套,1317.27,Передняя ось,,070-0000
20026719,NTE200,ANTI-ROTATION，  UPPER,ANTI-ROTATION， UPPER,上止推轴承,6107.11,Передняя ось,,070-0000
20027136,NTE200,FAN,FAN,风扇68〞,38206.06,,,040-0000
20027341,NTE200,VALVE,SOLENOID VALVE,油冷器电磁阀,4409.58,Гидравлическая система,,050-0240
20027343,NTE200,STEERING GEAR,STEERING GEAR,转向器,8097.99,Рулевое управление,,050-0120 090-0130
20027580,NTE200,CLAMP,CLAMP,卡箍,34.1,,,070-0070
20027581,NTE200,CLAMP,CLAMP,卡箍,43.64,,,070-0070
20027920,NTE200,REDUCING FLANGE - OIL SUCTION FILTER,REDUCING FLANGE OIL SUCTION FILTER,吸油过滤器过渡法兰,2954.23,Гидравлическая система,,050-0020
20027921,NTE200,MULTIPLE PLATE OIL SUCTION,MULTIPLE PLATE OIL SUCTION,吸油多路板,4755.87,Гидравлическая система,,050-0020
20027922,NTE200,SEAT - FROTH BREAKER,SEAT FROTH BREAKER,回油消泡器座,3669.58,Гидравлическая система,,050-0020
20027923,NTE200,MULTIPLE PLATE - OIL RETURN,MULTIPLE PLATE OIL RETURN,回油多路板,3925.1,,,050-0020
20027924,NTE200,GASKET,GASKET,密封垫,217.73,Гидравлическая система,,050-0020
20027925,NTE200,FROTH BREAKER - OIL RETURN,FROTH BREAKER OIL RETURN,回油消泡器,792.54,Фильтр,,050-0020
20027926,NTE200,BUTTERFLY BAMPER - MANUAL,BUTTERFLY BAMPER MANUAL,手动蝶阀,2403.56,,,050-0020
20027943,NTE200,TUBE-ASSY--,TUBE ASSY,管总成,262.75,Гидравлическая система,,050-0040
20027995,NTE200,CONNECTION - ELBOW,CONNECTION ELBO,弯接头,72.01,,,080-0010
20027996,NTE200,CONNECTOR,CONNECTOR STEEL PIPE,接头,20.87,,,080-0010
20028019,NTE200,O-RING--,RING SEAL,密封环,995.51,,,150-0010
20028095,NTE200,GRIP---,CLAMP,电缆夹,49.88,,,100-0230
20028096,NTE200,NUT,NUT,密封锁紧螺母,17.06,,,030-0080
20028109,NTE200,MASTER SWITCH,MASTER SWITCH,主开关,688.66,Электрооборудование,,030-0040
20028110,NTE200,INSULATOR,INSULATOR,绝缘子,56.88,Электрооборудование,,030-0040
20028263,NTE200,SWITCH-PRESSURE,SWITCH-PRESSURE,压力开关,857.35,Электрооборудование,,030-0190
20028265,NTE200,SWITCH-PRESSURE,SWITCH-PRESSURE,压力开关,857.35,Электрооборудование,,030-0190
20028266,NTE200,SWITCH-PRESSURE,SWITCH-PRESSURE,压力开关,1029.54,Электрооборудование,,030-0190
20028268,NTE200,SWITCH-TEMPERATURE,SWITCH-T,温度开关,2100.7,Тормозная система,,030-0190
20028460,NTE200,FLANGE,FLANG,法兰,1220.69,Гидравлическая система,,050-0030
20028464,NTE200,BRACKET,BRACKET,支架,13.35,Гидравлическая система,,050-0030
20028489,NTE200,SWITCH-TEMPERATURE,SWITCH-T,温度开关,2100.7,Тормозная система,,030-0190
20028831,NTE200,CONNECTOR - PIEZOMETRIC,CONNECTOR PIEZOMETRIC,测压接头,401.26,Гидравлическая система,,050-0040 050-0090 100-0120
20028835,NTE200,CLIP - PIPE,CLIP PIPE,管夹,196.88,Гидравлическая система,,050-0040 050-0090
20028836,NTE200,CLIP - PIPE,CLIP PIPE,管夹,174.21,Гидравлическая система,,050-0040 050-0090
20028838,NTE200,SEAT - PIPE CLIP,CLAMP,管夹,172.3,Гидравлическая система,,050-0090
20028873,NTE200,PLUG,PLUG,法兰堵,60.59,,,050-0090
20028880,NTE200,CLIP - PIPE,CLAMP,管夹,174.21,Гидравлическая система,,050-0090
20028884,NTE200,CABLE CLAMP,CABLE CLAMP,夹子THPG16-332,56.88,Гидравлическая система,,030-0160
20028896,NTE200,,CLAMP,管夹,,,,050-0090
20028906,NTE200,TEE,TEE,三通,263.15,Гидравлическая система,,050-0020 100-0030
20028910,NTE200,ADAPTER,ADAPTER,接头,49.25,Гидравлическая система,,050-0020
20028912,NTE200,ADAPTER-FLANG,ADAPTOR,接头,126.88,Гидравлическая система,,050-0090
20028913,NTE200,ADAPTER,ADAPTER,接头,49.25,Гидравлическая система,,050-0040 050-0090
20029407,NTE200,,CLAMP,管夹,,,,030-0030 050-0090
20029408,NTE200,THPG3-228 CLIP,CLAMP,管夹,153.35,,,030-0020 030-0030
20029543,NTE200,CONNECTOR,ADAPTOR,直接头,64.4,,,050-0240
20029544,NTE200,CONNECTOR,ADAPTOR,直接头,106.01,,,050-0240
20029547,NTE200,CONNECTOR,ADAPTOR,直接头,149.54,,,050-0240
20029548,NTE200,,CLAMP,管夹,,,,050-0240
20029650,NTE200,·ROLLER---,ROLLER,滚轮,92.05,Кабина,,090-0030 090-0040
20029651,NTE200,·RIVET---,RIVET,铆钉,24.95,Кабина,,090-0030 090-0040
20029665,NTE200,POWER SOCKET,POWER SOCKET,手灯插座,64.4,Кабина,,090-0050
20029773,NTE200,ROD-STEERING,ROD-STEERING,横拉杆总成,56774.76,,,070-0030
20029890,NTE200,BACKING PLATE,SEAL-HANDLE,门锁安装垫,24.67,Кабина,,090-0030 090-0040
20029891,NTE200,PLATE - BACKING,SPACE-HANDLE,垫板,107.91,Кабина,,090-0030 090-0040
20029892,NTE200,HANDLE -LOCK,HANDLE-DOOR,门锁手柄,99.74,Кабина,,090-0030 090-0040
20030527,NTE200,,CLAMP,管卡,,,,050-0090
20030639,NTE200,CONNECTION - PIPE,CONNECTION PIPE,管接头,149.54,,,070-0050
20030640,NTE200,TEE,TEE,三通接头,331.26,,,070-0050
20030667,NTE200,•SEAL RING,SEAL RING,防尘圈,959.54,,,070-0020
20030669,NTE200,CLAMP,CLAMP,卡箍,249.82,,,070-0020
20030670,NTE200,CLAMP,CLAMP,卡箍,319.92,,,070-0020
20030671,NTE200,•TUBE ASSY,TUBE ASSY,缸筒总成,52087,,,070-0020
20030672,NTE200,•PISTON,PISTON,活塞,28075.1,,,070-0020
20030673,NTE200,•PISTON ROD ASSY,PISTON ROD ASSY,活塞杆总成,56572.18,,,070-0020
20030895,NTE200,PIPE CLIP,CLAMP,管夹,522.4,,,020-0040
20031052,NTE200,BRACKET,BRACKET,支架,662.4,,,020-0030
20031184,NTE200,PUMP,PUMP,柱塞泵,49282.33,Рулевое управление,,050-0030 050-0100
20031196,NTE200,CLIP - PIPE,CLAMP,管夹,164.67,Гидравлическая система,,040-0010 050-0090
20031229,NTE200,CONNECTOR,ELBOW,弯头,285.82,,,050-0240
20031230,NTE200,BRACKET,BRACKET,支架,316.11,,,050-0240
20031235,NTE200,ANTI-ROTATION，  LOWER,ANTI-ROTATION， LOWER,下止推轴承,1279.36,Передняя ось,,070-0000
20031236,NTE200,BEARING，LOWER,BEARING，LOWER,下轴套,248.02,Передняя ось,,070-0000
20031237,NTE200,PLUG,PLUG,螺堵,83.35,,,070-0000
20031239,NTE200,HUB CAP,HUB CAP,轮辋罩,3754.71,,,100-0060
20031325,NTE200,STEERING CYLINDER,STEERING CYLINDER,转向缸总成,35221.15,Рулевое управление,,050-0140 070-0030
20031326,NTE200,·TUBE ASSY,TUBE ASSY A NOTES:,缸筒总成 注  包括在密封包 中,16983.3,,,050-0140
20031327,NTE200,·PISTON,PISTON,活塞,4150.94,,,050-0140
20031328,NTE200,·WEARING  RING,WEARING RING,耐磨环,389.92,,,050-0140
20031403,NTE200,Патрубок,HOSE,硅胶管,111.59,Cummins,,040-0060
20031426,NTE200,SLEEVE - BEARING,SLEEVE BEARING,轴承套,2602.22,Задний мост,,070-0040
20031427,NTE200,DIRT-PROOF BOOT,DIRT-PROOF BOOT,防尘套,972.78,Задний мост,,070-0040
20031428,NTE200,CLIP ASSY,CLIP ASSY,夹子总成,980.41,,,070-0040
20031429,NTE200,CLIP ASSY,CLIP ASSY,夹子总成,1262.3,,,070-0040
20031450,NTE200,NOSE CONE BEARING,NOSE CONE BEARING,鼻锥轴承,81897.53,Задний мост,,070-0040
20031452,NTE200,ROD - VALVE,ROD VALVE,气门杆,331.26,,,150-0010
20031469,NTE200,SHIM 0.005,SHIM,调隙片0.005,196.88,,,040-0000
2003147,NTE200,Тормозной суппорт,PISTON ASSY,活塞维修包,5929.31,Тормозная система,,080-0010
20031470,NTE200,SHIM 0.005,SHIM,调隙片0.005,264.97,,,040-0000
2003148,NTE200,,PISTON ASSY NOTE: K01 ITEM,总成,,,,080-0010
20031647,NTE200,Hose assembly,HOSE ASSY.,软管总成,411.32,,,040-0060
20031650,NTE200,BRACKET,BRACKET,支架,369.05,,,040-0060
20031698,NTE200,PIN,PIN,销,5083.28,,,050-0080
20031699,NTE200,SPACER RING,SPACER RING A 包括在密封包UR915399 NOTES：,隔圈 注  包括在密封包 中,291.55,,,050-0080
20031700,NTE200,RETAINER PIN,RETAINER PIN,止动器,236.58,,,050-0080
20031703,NTE200,PIN,PIN,销,5149.48,,,050-0080
20031704,NTE200,SPACER RING,SPACER RING,隔圈,716.56,,,050-0080
20031723,NTE200,SPACER,SPACER,隔圈,138.2,,,070-0030
20031724,NTE200,SPACER,SPACER,隔圈,170.41,,,070-0030
20031750,NTE200,SLEEVE,SLEEVE,套筒,1368.3,,,070-0020
20031957,NTE200,MUD GUARD BRACKET,MUD GUARD BRACKET,挡泥板支架,7418.64,,,020-0020
20032042,NTE200,GRILL,GRILL,护栅,3383.86,,,020-0030
20032133,NTE200,BRACKET ASSY,BRACKET ASSY,支架总成,350.21,,,090-0160
20032221,NTE200,,FRAMEWORK ASSY,门骨架总成,,,,090-0030 090-0040
20032224,NTE200,,OUTER PLATE,门外板,,,,090-0030 090-0040
20032327,NTE200,BOX COVER PLATE -LH,COVER PLATE-LH,左避让盒盖板,166.58,Кабина,,090-0010
20032334,NTE200,,SUPPORT,前围下盖板支撑,,,,090-0010
20032358,NTE200,SEAL WHEEL,SEAL WHEEL,防尘圈,9704.77,Передняя ось,,070-0010
20032359,NTE200,RING HUB,RING HUB,隔圈,7838.74,,,070-0010
20032360,NTE200,O RING,O O RING,型圈,160.87,,,070-0010
20032361,NTE200,BEARING,BEARING,轴承,42270.64,Передняя ось,,070-0010
20032362,NTE200,BEARING,BEARING,轴承,28190.53,Передняя ось,,070-0010
20032363,NTE200,SHIM,SHIM,调隙垫,202.58,,,070-0010
20032364,NTE200,SHIM,SHIM,调隙垫,238.48,,,070-0010
20032365,NTE200,SHIM,SHIM,调隙垫,181.73,,,070-0010
20032366,NTE200,SHIM,SHIM,调隙垫,174.21,,,070-0010
20032367,NTE200,SHIM,SHIM,调隙垫,121.16,,,070-0010
20032380,NTE200,BATTERY,BATTERY,电瓶,5940.54,Электрооборудование,,030-0040
20032381,NTE200,CABLE,CABLE,电瓶串联线,302.88,,,030-0040
20032382,NTE200,CABLE-P,CABLE-P,电瓶正极电缆总成,798.68,,,030-0040
20032383,NTE200,CABLE-N,CABLE-N,电瓶负极电缆总成,798.68,,,030-0040
20032386,NTE200,CABLE-GROUND1,CABLE-GROUND1,电瓶接地电缆1,2314.61,,,030-0040
20032387,NTE200,CABLE-GROUND2,CABLE-GROUND2,电瓶接地电缆2,2513.27,,,030-0040
20032388,NTE200,CABLE,CABLE,起动机1 接地电缆,1120.39,,,030-0040
20032389,NTE200,CABLE,CABLE,起动机2 接地电缆,1216.98,,,030-0040
20032394,NTE200,CABLE-P,CABLE-P,电瓶正极电缆总成,670.03,,,030-0040
20032395,NTE200,CABLE-N,CABLE-N,电瓶负极电缆总成,670.03,,,030-0040
20032503,NTE200,PLATE,PLATE,压板,20.87,,,030-0040
20032617,NTE200,AIR PRESSURE SW,AIR PRESSURE SW,空气压力开关,10762.5,,,030-0080
20032618,NTE200,TUBE,TUBE,软管总成,187.45,,,030-0080
20032619,NTE200,GLAND,GLAND,电缆夹,49.25,,,030-0080
20032621,NTE200,SPEED SENSOR,SPEED SENSOR,前轮速度传感器,88830.04,,,100-0050
20032629,NTE200,Диагностический дисплей,DID,诊断显示屏,86958.73,,,030-0070
20032801,NTE200,CAP-PIN RETAINING,CAP-PIN RETAINING,销挡板,280.11,,,020-0050
20032980,NTE200,SHIM 0.01,SHIM,调隙片0.01,223.35,,,040-0000
20032981,NTE200,SHIM 0.01,SHIM,调隙片0.01,300.98,,,040-0000
20032982,NTE200,SHIM 0.02,SHIM,调隙片0.02,238.48,,,040-0000
20032983,NTE200,SHIM 0.02,SHIM,调隙片0.02,323.64,,,040-0000
20032984,NTE200,SHIM 0.04,SHIM,调隙片0.04,278.32,,,040-0000
20032985,NTE200,SHIM 0.06,SHIM,调隙片0.06,335.06,,,040-0000
20032988,NTE200,TAPER PIPE,CONICAL TUBE,锥管,1699.56,,,020-0040
20032998,NTE200,REGULATE NUT,REGULATE NUT,调节螺母,17.06,,,020-0110 040-0040
20033015,NTE200,ADAPTER,ELBOW,弯头,106.01,Гидравлическая система,,040-0010
20033026,NTE200,ADAPTER - 45°,ADAPTER,45°接头,79.54,Гидравлическая система,,080-0010
20033029,NTE200,ELBOW PIPE - PARKING BRAKES,PARKING BRAKES SPACER,驻车制动器弯管,565.93,Гидравлическая система,,080-0010
20033034,NTE200,EMERGENCY SWITCH,EMERGENCY SWITCH,急停开关,323.64,Электрооборудование,,090-0050
20033036,NTE200,SWITCH,SWITCH,开关,125.53,Электрооборудование,,090-0050
20033088,NTE200,PRESS PLATE - VALVE ROD,PRESS PLATE VALVE ROD,气门杆压板,13.35,,,150-0010
20033112,NTE200,PLATE,PLATE,板,7407.22,,,070-0040
20033141,NTE200,REDUCER UNION,REDUCER UNION,变径接头,102.3,,,070-0050
20033165,NTE200,RSC CONFIRM SWITCH,RSC SWITCH,缓行速度控制开关,193.07,Электрооборудование,,090-0050
20033330,NTE200,·FRONT COVER PLATE ASSY–UPPER,COVER PLATE-UPPER,前围上盖板,713.55,Кабина,,090-0010
20033464,NTE200,,CLAMP,管夹,,,,040-0010
20033465,NTE200,CLIP,CLAMP,管夹,159.07,,,050-0090
20033891,NTE200,THROTTLE PEDAL,THROTTLE PEDAL,电子油门踏板,1953.13,Cummins,,090-0180
20033892,NTE200,RETARD PEDAL,RETARD PEDAL,缓行踏板,2197.27,Тормозная система,,090-0180
20033895,NTE200,RSC SELECT SWITCH,RSC REGISTER,缓行电位计,1620.02,Кабина,,090-0050
20033940,NTE200,PIPE PROTECTOR,PIPE PROTECTOR,管路保护套,204.49,ЦСС,,100-0000
20034370,NTE200,BRACKET - RUNNING BRAKES,SERVICE BRAKES,行车制动器支架,86.8,,,080-0010
20034371,NTE200,WASHER - RUNNING BRAKES,SERVICE BRAKES STEEL PIPE,行车制动器垫圈,2835,,,080-0010
20034491,NTE200,REDUCER UNION,REDUCER UNION,变径接头,30.29,,,080-0010
20034492,NTE200,COUPLING - TEE,COUPLING TEE,三通接头,77.63,,,080-0010
20034514,NTE200,CLIP---PIPE-,CLAMP,管夹,166.86,,,050-0090
20034837,NTE200,CLAMP,CLIP,弹簧卡箍,69.87,Cummins,,040-0060
20034875,NTE200,,NHL DECAL,北方股份贴片,,,,100-0190
20034896,NTE200,BRACKET,BRACKET,支架,701.01,,,030-0160
20034906,NTE200,CLIP,PIPE CLAP,管夹子,151.44,Гидравлическая система,,020-0040 050-0090 050-0170 100-0030
20034908,NTE200,CLIP,THPG3-221.3 CLAMP,管夹,200.69,,,030-0020 030-0030 050-0170
20035163,NTE200,LAMP-INDICATOR,WIDTH LAMP,示宽灯,137.73,Электрооборудование,,030-0060
20035164,NTE200,BRAKING LAMP,NIGHT RUNNING LIGHT,后转向夜行刹车灯,164.67,Электрооборудование,,030-0060
20035200,NTE200,BRACKET-SIDE-LAMP--,BRACKET ASSY,后示宽灯支架总成,146.88,,,030-0060
20035434,NTE200,,NHL NHL DECAL,贴片,,,,100-0190
20035565,NTE200,PLATE,PLATE,盖板,227.16,Гидравлическая система,,050-0020
20035706,NTE200,RING-DIRT,RING-DIRT,防尘环,459.92,Передняя ось,,070-0000 070-0040
20036230,NTE200,SWITCH,SWITCH,开关,52.31,Электрооборудование,,090-0050
20036232,NTE200,HAZARD SWITCH,HAZARD SWITCH,危险报警开关,43.59,Электрооборудование,,090-0050
20036233,NTE200,Клавиша света,LIGHT SWITCH,灯开关,52.31,Кабина,,090-0050
20036234,NTE200,RETARD-SWITCH--,RETARD SWITCH,缓行请求开关,44.11,Кабина,,090-0050
20036235,NTE200,TEST SWITCH,TEST SWITCH,检测开关,43.59,Электрооборудование,,090-0050 100-0120
20036238,NTE200,SHADE – FAULT RESET,SHADE FAULT RESET,故障复位灯罩,9.54,Кабина,,090-0050
20036239,NTE200,#N/A,SHADE HAZARD,危险报警灯罩,2.05,Кабина,,090-0050
20036242,NTE200,SHADE-–-NIGHT-LIGHT,SHADE NIGHT LIGHT,灯光灯罩,3.5,Кабина,,090-0050
20036243,NTE200,#N/A,SHADE WARM REQ,暖机请求灯罩,9.59,Кабина,,090-0050
20036244,NTE200,SHADE – LUBRICATION,SHADE LUBRICATION,集中润滑灯罩,9.54,ЦСС,,090-0050
20036247,NTE200,SHADE – TEST SWITCH,SHADE TEST SWITCH,检测开关灯罩,1.93,Кабина,,090-0050
20036252,NTE200,SHADE – FRONT LIGHT,SHADE FRONT LIGHT,前照灯灯罩,9.54,Кабина,,090-0050
20036272,NTE200,SHADE – LADDER LIGHT,SHADE LADDER LIGHT,梯灯灯罩,9.54,Кабина,,090-0050
20036403,NTE200,CABLE CLAMP,CABLE CLAMP,电缆夹总成,1025.83,,,030-0160
20036413,NTE200,SWITCH-LEVEL FLOAT,SWITCH-LEVEL FLOAT,液位开关,2462.22,Тормозная система,,030-0190
20036422,NTE200,SHADE – DATA STORE,SHADE DATA STORE,数据存储灯罩,9.54,Кабина,,090-0050
20036423,NTE200,SHADE – REST MODE,SHADE REST MODE,休息模式灯罩,9.54,Кабина,,090-0050
20036425,NTE200,SHADE-–-FOG-LIGHT,SHADE FOG LIGHT,雾灯灯罩,21.6,Кабина,,090-0050
20036467,NTE200,,PLATE RUBBER,橡胶板,,,,020-0120
20036468,NTE200,,PLATE RUBBER,橡胶板,,,,020-0120
20036487,NTE200,NAME PLATE,NAMEPLATE,铭牌,15.16,,,100-0030
20036492,NTE200,·SEAL STRIP - LH DOOR CAVITY,SEAL STRIP-LH,左门洞密封条,2060.98,Кабина,,090-0010
20036493,NTE200,·SEAL STRIP - RH DOOR  CAVITY,SEAL STRIP-RH,右门洞密封条,2060.98,Кабина,,090-0010
20036512,NTE200,MOTOR - RISER,MOTOR,升降器电机,541.06,Кабина,,090-0030
20036513,NTE200,·GLASS - LH,GLASS-LH,左侧玻璃,1037.16,Кабина,,090-0010
20036514,NTE200,·GLASS - RH,GLASS-RH,右侧玻璃,1037.16,Кабина,,090-0010
20036515,NTE200,·WINDSCREEN - FRONT,WINDSCREEN,前风挡玻璃,4290.34,Кабина,,090-0010
20036532,NTE200,BRACKET,BRACKET,诊断显示屏支架,1342.64,,,030-0070
20036536,NTE200,BLOCK-RUBBER,RUBBER,橡胶垫块,15.16,Гидравлическая система,,050-0250
20036733,NTE200,SIDE LAMP,WIDTH LAMP,示宽灯,193.07,Электрооборудование,,030-0060
20037050,NTE200,,ANTI-SKID PAINT SPRAY,防滑漆喷装示意图,,,,100-0190
20037051,NTE200,WALKWAY SURFACE,WALKWAY SURFACE,防滑贴,45.36,,,100-0190
20037052,NTE200,TIE ROD - RADIATOR,TIE ROD RADIATOR,拉杆,1440.21,,,040-0060
20037122,NTE200,"RING,RETAINING","RING,RETAINING",卡环 关节轴承,5.73,,,070-0030
20037286,NTE200,CLAMP,CLAMP,管夹,159.07,,,040-0080
20037287,NTE200,CLAMP,CLAMP,管夹,965.26,,,040-0080
20037294,NTE200,WIND PIPE - FLEXIBLE,WIND PIPE FLEXIBLE,柔性管,6294.45,,,040-0080
20037529,NTE200,CLAMP,CLAMP,电缆夹总成,1020.11,,,030-0160
20037648,NTE200,DUST SLEEVE,DUST SLEEVE,防尘套,1822.5,,,070-0070
20037887,NTE200,·DOOR ASSY - LH,DOOR ASSY-LH,左门总成,20912.09,Кабина,,090-0010
20037888,NTE200,·DOOR ASSY - RH,DOOR ASSY-RH,右门总成,20912.09,Кабина,,090-0010
20038056,NTE200,PLATE,PLATE,板,208.2,,,020-0020
20038236,NTE200,LABEL - ATTENTION,LABEL ATTENTION,安全标志,11.44,,,100-0180
20038237,NTE200,SAFETY MARK,LABEL ATTENTION,安全标志,1.11,,,100-0180
20038238,NTE200,LABEL - ATTENTION,LABEL ATTENTION,安全标志,11.44,,,100-0180
20038239,NTE200,LABEL - ATTENTION,LABEL ATTENTION,安全标志,11.44,,,100-0180
20038240,NTE200,LABEL - ATTENTION,LABEL ATTENTION,安全标志,11.44,,,100-0180
20038241,NTE200,SAFETY MARK,LABEL ATTENTION,安全标志,1.11,,,100-0180
20038242,NTE200,LABEL - ATTENTION,LABEL ATTENTION,安全标志,11.44,,,100-0180
20038243,NTE200,SAFETY MARK,LABEL ATTENTION,安全标志,1.11,,,100-0180
20038263,NTE200,FILTER - OIL SUCTION,FILTER OIL SUCTION,吸油过滤器,3851.98,Фильтр,,050-0020
20038264,NTE200,NIPPLE - OIL SUCTION FILTER,NIPPLE OIL SUCTION FILTER,吸油过滤器接管,698.4,,,050-0020
20038265,NTE200,SEAT - OIL SUCTION FILTER,SEAT OIL SUCTION FILTER,吸油过滤器座,613.27,,,050-0020
20038266,NTE200,GASKET,GASKET,密封垫,98.5,Гидравлическая система,,050-0020
20038294,NTE200,LINE,BRACKET ASSY,支架总成,1896.32,,,050-0170
20038326,NTE200,·PISTON,PISTON,活塞,32762.86,,,070-0070
20038757,GE,TERMINAL BOARD,TERMINAL BOARD,端子排,1511.42,GE,,600-0040-200
20038759,GE,SHIELD,SHIELD,格挡,500.04,GE,,600-0050-200
20038760,GE,BRACKET,BRACKET,支架,75.67,GE,,600-0050-200
20038762,GE,,SCREW,六角螺母,,,,600-0050-200
20038763,GE,"LOCICWASIIER,NO1O",LOCKWASHER,弹簧垫片,6.44,GE,,600-0040-200 600-0050-200
20038764,GE,"NUT, HEX","NUT, HEX","螺帽, 六方",9.95,GE,,600-0040-200 600-0050-200
20038765,GE,PANEL,PANEL,盘,627977.89,GE,,600-0040-200 600-0050-200
20038766,GE,PANEL BOX,PANEL BOX,配电箱,10819.94,GE,,600-0050-200
20038767,GE,HEAT SINK,HEAT SINK,散热器,4652.57,GE,,600-0050-200
20038768,GE,"BOLT, HEX HD","BOLT, HEX HD",六角螺栓,3.53,GE,,600-0050-200
20038769,GE,WASHER,WASHER,垫片,9.75,GE,,600-0050-200
20038770,GE,LOCKWASHER,LOCKWASHER,弹簧垫片,7.26,GE,,600-0040-200 600-0050-200
20038771,GE,"NUT, HEX","NUT, HEX","螺帽, 六方",24.05,GE,,600-0040-200 600-0050-200
20038772,GE,"BOLT, HEX HD","BOLT, HEX HD",六角螺栓,2.18,GE,,600-0050-200
20038773,GE,,BUS BAR,带螺钉的母线,,,,600-0050-200
20038774,GE,,BUS BAR,带螺钉的母线,,,,600-0050-200
20038775,GE,SENSOR,SENSOR,传感器,1442.89,GE,,600-0040-200 600-0050-200
20038776,GE,SCREW,SCREW,螺钉,269.4,GE,,600-0050-200
20038777,GE,BUS BAR,BUS BAR,母线,560.33,GE,,600-0050-200
20038778,GE,BUS BAR,BUS BAR,母线,816.59,GE,,600-0050-200
20038779,GE,BUS BAR,BUS BAR,带螺钉的母线,462.11,GE,,600-0050-200
20038780,GE,BUS BAR,BUS BAR,母线,675.82,GE,,600-0050-200
20038781,GE,SUPPORT,SUPPORT,支撑,297.99,GE,,600-0050-200
20038782,GE,RECEPTACLE,RECEPTACLE,插座,567.39,GE,,600-0050-200
20038783,GE,SCREW,SCREW,螺钉,15.13,GE,,600-0050-200
20038784,GE,WASHER,WASHER,垫片,8.09,GE,,600-0010-200 600-0050-200
20038785,GE,LOCKWASHER,LOCKWASHER,弹簧垫片,3.53,GE,,600-0010-200 600-0050-200
20038786,GE,"NUT, HEX","NUT, HEX","螺帽, 六方",14.1,GE,,600-0010-200 600-0050-200
20038787,GE,WASHER,WASHER,垫片,18.24,GE,,600-0040-200 600-0050-200
20038790,GE,PANEL ASSEMBLY,PANEL ASSEMBLY,面板组件,,GE,,600-0050-200
20038791,GE,HINGE,HINGE,合页,918.64,GE,,600-0050-200
20038792,GE,SCREW,SCREW,螺钉,3.53,GE,,600-0050-200
20038793,GE,,SCREW,螺钉,,,,600-0050-200
20038794,GE,DIODE WITH CLAMP,DIODE WITH CLAMP,带卡箍的二极管,46224.55,GE,,600-0050-200
20038795,GE,,SHIELD,屏蔽，绝缘,,,,600-0050-200
20038796,GE,SCREW,SCREW,螺钉,4.7,GE,,600-0050-200
20038797,GE,SCREW,SCREW,螺钉,4.56,GE,,600-0050-200
20038798,GE,SEALER,SEALER,密封剂,612.51,GE,,600-0050-200
20038799,GE,CLAMP,CLAMP,卡箍,34.62,GE,,600-0050-200
20038800,GE,SCREW,SCREW,一字六角螺钉,8.71,GE,,600-0040-200 600-0050-200
20038801,GE,"PIN,SPRINGDOWEL,1/8INDIA,1/2INLONG",PIN,销,17.56,GE,,600-0050-200
20038802,GE,PIN,PIN,销,170.55,GE,,600-0050-200
20038803,GE,,BUS BAR,母线,,,,600-0050-200
20038804,GE,,BUS BAR,母线,,,,600-0050-200
20038805,GE,WASHER,WASHER,垫片,30.27,GE,,600-0050-200
20038806,GE,"BOLT, HEX HD","BOLT, HEX HD",六角螺栓,7.68,GE,,600-0050-200
20038807,GE,RECTIFIER ASSEMBLY,RECTIFIER,整流器总成,14911.03,GE,,600-0050-200
20038808,GE,RECTIFIER ASSEMBLY,RECTIFIER,整流器总成,13895.96,GE,,600-0050-200
20038809,GE,RECTIFIER ASSEMBLY,RECTIFIER,整流器总成,13108.72,GE,,600-0050-200
20038810,GE,RECTIFIER ASSEMBLY,RECTIFIER,整流器总成,13106.85,GE,,600-0050-200
20038811,GE,CABLE CLAMP,CABLE CLAMP,电缆夹,20.1,GE,,600-0050-200
20038812,GE,SCREW,SCREW,螺钉,4.46,GE,,600-0050-200
20038813,GE,CABLE CLAMP,CABLE CLAMP,电缆夹,27.2,GE,,600-0050-200
20038834,GE,LOCKWASHER,LOCKWASHER,弹簧垫片,4.56,GE,,600-0020-200 600-0030-200 600-0040-200 600-0050-200
20038835,GE,WASHER,WASHER,垫片,4.56,GE,,600-0040-200
20038868,GE,"WASHER, I/l IN",WASHER,垫片,3.95,GE,,600-0040-200 600-0050-200
20038876,GE,RELAY,RELAY,继电器,24076.2,GE,,600-0050-200
20038877,GE,,CORE,铁芯,,,,600-0050-200
20038878,GE,,ARMATURE,电枢总成,,,,600-0050-200
20038879,GE,,ARMATURE,电枢,,,,600-0050-200
20038880,GE,FINGER,FINGER,带尖端和分流器的辐臂,375.7,GE,,600-0050-200
20038881,GE,SPRING,SPRING,弹簧,48.54,GE,,600-0050-200
20038882,GE,,SPRING SEAT,弹簧座,,,,600-0050-200
20038883,GE,SPRING,SPRING,弹簧,354.36,GE,,600-0050-200
20038885,GE,FINGER  ASSEMBLY,FINGER ASSEMBLY,辐臂总成,495.53,GE,,600-0050-200
20038886,GE,,BASE,底座,,,,600-0050-200
20038891,GE,,SUPPORT,支撑,,,,600-0050-200
20038892,GE,CONTACT,CONTACT,触点,62.38,GE,,600-0050-200
20038897,GE,,MAGNET FRAME,磁心机座,,,,600-0050-200
20038899,GE,,WASHER,垫片,,,,600-0050-200
20038900,GE,SCREW,SCREW,带弹簧垫圈的螺钉,29.23,GE,,600-0050-200
20038901,GE,,WASHERS,垫片,,,,600-0050-200
20038902,GE,SCREW,SCREW,带垫片的螺钉,207.65,GE,,600-0050-200
20038903,GE,,WASHER,垫片,,,,600-0050-200
20038911,GE,CEMENT,CEMENT,密封胶,2714.63,GE,,600-0010-200 600-0020-200 600-0030-200 600-0050-200
20038967,GE,,CONNECTOR,接头,,,,600-0050-200
20038968,GE,RECEPTACLE,RECEPTACLE,插座,355.4,GE,,600-0050-200
20038976,GE,MODULE,MODULE,模块总成,100838.65,GE,,600-0050-200
20038977,GE,MODULE,MODULE,模块总成,158105.02,GE,,600-0050-200
20038983,GE,ROLLER BEARING,ROLLER BEARING,滚柱轴承,5826.27,GE,,600-0010-200
20038987,GE,NUT,NUT,螺帽,962.55,GE,,600-0010-200
20038988,GE,LOCKWASHER,LOCKWASHER,弹簧垫片,392.3,GE,,600-0010-200
20038989,GE,COLLAR,COLLAR,套圈,820.81,GE,,600-0010-200
20038991,GE,ROLLER BEARING,ROLLER BEARING,滚柱轴承,115954.55,GE,,600-0010-200
20038992,GE,ROLLER BEARING,ROLLER BEARING,滚柱轴承,115954.55,GE,,600-0010-200
20038993,GE,SEAL RING,SEAL RING,密封环,114194.3,GE,,600-0010-200
20038994,GE,RING,RING,环,68130.12,GE,,600-0010-200
20038995,GE,OIL SEAL,OIL SEAL,油封,31569.55,GE,,600-0010-200
20038996,GE,WEAR BAND,WEAR BAND,耐磨带,7538.21,GE,,600-0010-200
20038997,GE,BEARING CAP,BEARING CAP,轴承盖,106701.96,GE,,600-0010-200
20038998,GE,THRUST RING,THRUST RING,止推环,189560.22,GE,,600-0010-200
20038999,GE,SEAL RING,SEAL RING,密封环,72001.66,GE,,600-0010-200
20039000,GE,SET OF SHIMS,SET OF SHIMS,套装垫片,58844.25,GE,,600-0010-200
20039001,GE,SHIM,SHIM,垫片,270.63,GE,,600-0010-200
20039002,GE,SHIM,SHIM,垫片,323.28,GE,,600-0010-200
20039003,GE,SHIM,SHIM,垫片,597.84,GE,,600-0010-200
20039004,GE,SHIM,SHIM,垫片,357.88,GE,,600-0010-200
20039005,GE,SHIM,SHIM,垫片,398.71,GE,,600-0010-200
20039006,GE,SHIM,SHIM,垫片,554.53,GE,,600-0010-200
20039010,GE,CLAMP,CLAMP,夹具,523.87,GE,,600-0010-200
20039011,GE,"BOLT, HEX HD","BOLT, HEX HD","螺栓, 六方头",16.75,GE,,600-0010-200
20039012,GE,WASHER,WASHER,垫片,87.03,GE,,600-0010-200
20039016,GE,PIPE PLUG,PIPE PLUG,"管接头, 方头",10.57,GE,,600-0010-200
20039018,GE,O‐RING,O‐RING,O形环,647.97,GE,,600-0010-200
20039019,GE,LOCATING PIN,LOCATING PIN,定位销,3197.25,GE,,600-0010-200
20039020,GE,HOSE CLAMP,HOSE CLAMP,管 夹具,97.7,GE,,600-0010-200
20039021,GE,"COUPLING, OIL RETURN",COUPLING,"连接件, 回油",370.31,GE,,600-0010-200
20039025,GE,HOSE,HOSE,管,666.23,GE,,600-0010-200
20039026,GE,HOSE CLAMP,HOSE CLAMP,管夹具,104.66,GE,,600-0010-200
20039032,GE,ELBOW,ELBOW,弯头,881,GE,,600-0010-200
20039034,GE,CLAMP,CLAMP,夹具,717.37,GE,,600-0010-200
20039035,GE,"BOLT, HEX HD","BOLT, HEX HD","螺栓, 六方头",4.23,GE,,600-0010-200 600-0020-200 600-0040-200
20039036,GE,LOCKWASHER,LOCKWASHER,弹簧垫片,9.53,GE,,600-0010-200 600-0020-200 600-0030-200 600-0040-200
20039037,GE,FILL CAP,FILL CAP,油箱盖,1300.54,GE,,600-0010-200
20039038,GE,PLUG,PLUG,接头,35.86,GE,,600-0010-200
20039039,GE,PIPE PLUG,PIPE PLUG,管接头,102.66,GE,,600-0010-200
20039040,GE,MAGNETIC DRAIN PLUG,MAGNETIC DRAIN PLUG,磁堵头,2566.25,GE,,600-0010-200
20039041,GE,PIPE CAP,PIPE CAP,管接头,108.15,GE,,600-0010-200
20039042,GE,CONNECTION STRAP,CONNECTION STRAP,连接带,5157.61,GE,,600-0010-200
20039043,GE,INSULATOR WITH STUD,INSULATOR WITH STUD,带螺柱绝缘子,331.98,GE,,600-0010-200 600-0020-200
20039044,GE,"NUT, HEX","NUT, HEX","螺帽, 六方",6.44,GE,,600-0010-200 600-0020-200 600-0040-200 600-0050-200
20039045,GE,WAShER,WASHER,垫片,7.68,GE,,600-0010-200 600-0020-200 600-0030-200 600-0040-200 600-0050-200
20039047,GE,"BOLT, HEX HD","BOLT, HEX HD","螺栓, 六方头",70.53,GE,,600-0010-200
20039049,GE,"WASHER, FLAT","WASHER, FLAT","垫片, 平",133.38,GE,,600-0010-200 600-0040-200
20039050,GE,"BOLT, HEX HD","BOLT, HEX HD","螺栓, 六方头",44.17,GE,,600-0010-200
20039051,GE,"WASHER, FLAT","WASHER, FLAT","垫片, 平",236.03,GE,,600-0010-200 600-0020-200
20039052,GE,"BOLT, HEX HD","BOLT, HEX HD","螺栓, 六方头",34.2,GE,,600-0010-200 600-0020-200 600-0040-200
20039054,GE,"SCREW, HEX SOC HD",SCREW,"螺丝, 内六方",51.39,GE,,600-0010-200
20039055,GE,"BOLT, HEX HD","BOLT, HEX HD","螺栓, 六方",15.67,GE,,600-0040-200
20039056,GE,"WASHER, FLAT","WASHER, FLAT","垫片, 平",6.84,GE,,600-0010-200 600-0020-200
20039060,GE,КЛЕЙ,ADHESIVE,密封胶,2035.28,GE,,600-0010-200 600-0020-200
20039061,GE,КЛЕЙ,CEMENT,密封胶,946.33,GE,,600-0010-200 600-0020-200
20039062,GE,SEALER,SEALER,密封,767.2,GE,,600-0010-200 600-0020-200
20039063,GE,WIRE,WIRE,铁丝,7.81,GE,,600-0010-200
20039070,GE,"PUNCHING, END","PUNCHING, END",转子端冲片,5759.97,GE,,600-0010-200
20039071,GE,"END PLATE, ROTOR","END PLATE, ROTOR",转子端盖,11288.26,GE,,600-0010-200
20039073,GE,"SHAFT,ROTOR","SHAFT, ROTOR",轴，转子,241460.44,GE,,600-0010-200
20039074,GE,BEARING NUT,BEARING NUT,轴承螺帽,1733.85,GE,,600-0010-200
20039075,GE,LOCKWASHER,LOCKWASHER,弹簧垫片,1612.83,GE,,600-0010-200
20039076,GE,BALANCE WEIGHT,BALANCE WEIGHT,平衡块,1730.94,GE,,600-0010-200
20039077,GE,RING,RING,环,9109.53,GE,,600-0010-200
20039078,GE,BAFFLE,BAFFLE,挡风板,31515.08,GE,,600-0010-200
20039079,GE,"BOLT, HEX HD","BOLT, HEX HD","螺栓, 六方头",6.75,GE,,600-0010-200 600-0020-200 600-0030-200 600-0040-200 600-0050-200
20039081,GE,COLLAR,COLLAR,套圈,6476.34,GE,,600-0010-200
20039082,GE,"COLLAR, INBOARD","COLLAR, INBOARD","套圈, 内侧",23557.72,GE,,600-0010-200
20039084,GE,BEARING HOUSING,BEARING HOUSING,轴承室,27089.63,GE,,600-0010-200
20039085,GE,ROLLER BEARING,ROLLER BEARING,滚柱轴承,18950.24,GE,,600-0010-200
20039086,GE,COLLAR,COLLAR,套圈,4813.59,GE,,600-0010-200
20039087,GE,V‐RING SEAL,V‐RING SEAL,V形密封,1985.82,GE,,600-0010-200
20039089,GE,"BOLT, HEX HD","BOLT, HEX HD","螺栓, 六方头",15.45,GE,,600-0010-200 600-0040-200
20039091,GE,"SEAL, LIP","SEAL, LIP","密封, 唇形",2146.42,GE,,600-0010-200
20039092,GE,BEARING CAP,BEARING CAP,轴承盖,23464.47,GE,,600-0010-200
20039094,GE,SENSOR WHEEL,SENSOR WHEEL,传感器盘,41957.45,GE,,600-0010-200
20039096,GE,BEARING CAP ASSEMBLY,CAP ASSEMBLY,轴承盖 总成,7437.02,GE,,600-0010-200
20039097,GE,"PACKING, FELT","PACKING, FELT",毡密封,825.73,GE,,600-0010-200
20039101,GE,V‐RING SEAL,V‐RING SEAL,V形密封,1855.27,GE,,600-0010-200 600-0020-200
20039103,GE,"COLLAR, OUTBOARD","COLLAR,OUTBOARD","套圈, 外侧",15932.55,GE,,600-0010-200
20039105,GE,PIPE PLUG,PIPE PLUG,"管接头, 方头",8.51,GE,,600-0010-200
20039107,GE,"CLEAT, CABLE","CLEAT, CABLE",夹板，电缆,2240.29,GE,,600-0010-200
20039108,GE,PLATE,PLATE,夹板,480.43,GE,,600-0010-200
20039109,GE,SPEED SENSOR,SPEED SENSOR,速度传感器,104672.2,GE,,600-0010-200
20039110,GE,SPEED SENSOR CABLE ASSEMBLY,CABLE ASSEMBLY,电缆总成,26407.3,GE,,600-0010-200
20039113,GE,"BOLT, HEX SOC HD","BOLT, HEX SOC HD","螺栓, 内六方",374.04,GE,,600-0010-200
20039114,GE,"BOLT, HEX HD","BOLT, HEX HD","螺栓, 六方头",34.16,GE,,600-0010-200 600-0020-200
20039115,GE,"WASHER, FLAT","WASHER, FLAT","垫片, 平",29.23,GE,,600-0010-200 600-0020-200
20039117,GE,"BOLT, HEX HD","BOLT, HEX HD","螺栓, 六方头",28.07,GE,,600-0010-200
20039119,GE,"NUT, HEX","NUT, HEX","螺帽, 六方",8.09,GE,,600-0010-200
20039120,GE,DRIVE RING,DRIVE RING,驱动环,74194.49,GE,,600-0010-200
20039122,GE,BOLT,BOLT,"螺栓, 内六方",911.38,GE,,600-0010-200
20039123,GE,WASHER,WASHER,垫片,144.23,GE,,600-0010-200
20039124,GE,SUN PINION COVER,SUN PINION COVER,太阳轮盖,26373.25,GE,,600-0010-200
20039128,GE,"BOLT, HEX HD","BOLT, HEX HD","螺栓, 六方头",433.21,GE,,600-0010-200
20039131,GE,WASHER,WASHER,垫片,6.44,GE,,600-0010-200 600-0040-200
20039132,GE,LOCKWASHER,LOCKWASHER,弹簧垫片,2.91,GE,,600-0010-200 600-0030-200 600-0040-200
20039133,GE,"NUT, HEX JAM","NUT, HEX JAM","螺帽, 六方",5.6,GE,,600-0010-200
20039134,GE,CLAMP,CLAMP,夹具,1939.61,GE,,600-0010-200
20039135,GE,PAD,PAD,衬垫,460.45,GE,,600-0010-200
20039136,GE,PAD,PAD,衬垫,1391.72,GE,,600-0010-200
20039138,GE,"SCREW, SL FIL HD","SCREW, SL FIL HD","螺丝, 一字槽头",11.61,GE,,600-0010-200
20039142,GE,"TAPE,FIBERGLASS,0.010INTHK,0.50INWIDE","TAPE, FIBERGLASS",绑带，玻璃纤维,583.34,GE,,600-0010-200
20039143,GE,VARNISH,VARNISH,漆,13184.77,GE,,600-0010-200 600-0020-200
20039145,GE,SEAL RING,SEAL RING,密封环,1275.47,GE,,600-0010-200
20039147,GE,BRAKE HUB,BRAKE HUB,制动盘,51875.14,GE,,600-0010-200
20039148,GE,END PLATE,END PLATE,端盖,1915.16,GE,,600-0010-200
20039149,GE,"BOLT, HEX HD","BOLT, HEX HD","螺栓, 六方头",142.37,GE,,600-0010-200
20039150,GE,HUB CAP ASSEMBLY,HUB CAP ASSEMBLY,电动轮罩总成,42717.54,GE,,600-0010-200
20039151,GE,HANDLE,HANDLE,把手,3329.25,GE,,600-0010-200
20039152,GE,LATCH,LATCH,挂钩,2126.32,GE,,600-0010-200
20039153,GE,SCREEN,SCREEN,通风网,20265.58,GE,,600-0010-200
20039154,GE,COMPLETE ROTOR ASSEMBLY,COMPLETE ROTOR ASSEMBLY,转子总成,1698060.72,GE,,600-0010-200
20039158,GE,LOUVER ASSEMBLY,LOUVER ASSEMBLY,百叶窗总成,59414.53,GE,,600-0030-200
20039164,GE,BLOWER,BLOWER,风机,1432358.18,GE,,600-0030-200
20039165,GE,DIFFUSER ASSEMBLY,DIFFUSER SSEMBLY,扩散器总成,106558.76,GE,,600-0030-200
20039166,GE,GASKET,GASKET,垫圈,198.68,GE,,600-0030-200
20039167,GE,GASKET,GASKET,垫圈,217.06,GE,,600-0030-200
20039169,GE,COLLAR ASSEMBLY,COLLAR ASSEMBLY,套圈总成,14965.43,GE,,600-0030-200
20039172,GE,INSULATOR,INSULATOR,带,601.37,GE,,600-0030-200
20039178,GE,CONNECTION INSULATOR,CONNECTION INSULATOR,连接端绝缘片,522.84,GE,,600-0030-200
20039181,GE,INSULATOR,INSULATOR,绝缘子总成,2870.25,GE,,600-0030-200
20039184,GE,"NUT, HEX","NUT, HEX","螺帽, 六方",4.36,GE,,600-0030-200 600-0040-200 600-0050-200
20039186,GE,WASHER,WASHER,垫片,2.17,GE,,600-0020-200 600-0050-200
20039192,GE,"BOLT, HEX HD","BOLT, HEX HD","螺栓, 六方头",136.35,GE,,600-0030-200
20039193,GE,WASHER,WASHER,垫片,5.36,GE,,600-0040-200
20039194,GE,WASHER,WASHER,垫片,159.78,GE,,600-0030-200
20039196,GE,"NUT, HEX","NUT, HEX","螺帽, 六方",28.81,GE,,600-0030-200 600-0040-200
20039197,GE,WASHER,WASHER,垫片,3.15,GE,,600-0030-200
20039199,GE,WASHER,WASHER,垫片,41.78,GE,,600-0030-200
20039200,GE,WASHER,WASHER,垫片,22.59,GE,,600-0020-200 600-0030-200
20039201,GE,LOCKWASHER,LOCKWASHER,弹簧垫片,5.6,GE,,600-0030-200
20039202,GE,"NUT, HEX","NUT, HEX","螺帽, 六方",9.76,GE,,600-0030-200
20039204,GE,SPACER,SPACER,套管,109.83,GE,,600-0030-200
20039212,GE,Щетка,CARBON BRUSH,碳刷,1367.88,GE,,600-0020-200
20039213,GE,SUPPORT,SUPPORT,支撑,8477.91,GE,,600-0020-200
20039214,GE,BRUSHHOLDER,BRUSHHOLDER,碳刷架,7035.22,GE,,600-0020-200
20039215,GE,PRESSUREARM,PRESSURE ARM,压力臂,711.82,GE,,600-0020-200
20039216,GE,SPRING,SPRING,弹簧,577.72,GE,,600-0020-200
20039217,GE,WASHER,WASHER,"垫片, 铜",50.72,GE,,600-0020-200
20039218,GE,"PIN, SPRING DOWEL","PIN, SPRING DOWEL","销子, 弹性销",121.09,GE,,600-0020-200
20039219,GE,BOLT W/WASHER,BOLT W/WASHER,一字六角螺栓,14.61,GE,,600-0020-200
20039220,GE,"BOLT, HEX HD","BOLT, HEX HD","螺栓, 六方",2.1,GE,,600-0020-200
20039221,GE,"NUT, HEX","NUT, HEX","螺帽, 六方",3.33,GE,,600-0020-200
20039224,GE,CABLE MARKER,CABLE MARKER,电缆标记,120.61,GE,,600-0020-200
20039225,GE,CABLE MARKER,CABLE MARKER,电缆标记,101.73,GE,,600-0020-200
20039226,GE,"WASHER, CONCAVE","WASHER, CONCAVE",弹簧钢凹形垫片,107.17,GE,,600-0020-200
20039227,GE,"BOLT, SL HEX HD","BOLT, SL HEX HD",一字六角螺栓,117.3,GE,,600-0020-200
20039231,GE,STUD,STUD,螺栓,147.34,GE,,600-0020-200
20039240,NTE200,,CAP PLATE,二通插装阀盖板,,,,050-0060
20039241,NTE200,·VALVE CORE,VALVE CORE,二通插装阀阀芯,3501.18,Гидравлическая система,,050-0060
20039242,NTE200,·SHUTTLE VALVE,SHUTTLE VALVE,梭阀,529.92,Электрооборудование,,050-0060
20039243,NTE200,,CAP PLATE,二通插装阀盖板,,,,050-0060
20039244,NTE200,·VALVE CORE,VALVE CORE,二通插装阀阀芯,3501.18,Гидравлическая система,,050-0060
20039245,NTE200,,CAP PLATE,二通插装阀盖板,,,,050-0060
20039246,NTE200,·VALVE CORE,VALVE CORE,二通插装阀阀芯,10669.92,Гидравлическая система,,050-0060
20039247,NTE200,,CAP PLATE,二通插装阀盖板,,,,050-0060
20039248,NTE200,·VALVE CORE,VALVE CORE,二通插装阀阀芯,7295.59,Гидравлическая система,,050-0060
20039366,NTE200,·CHECK VALVE,CHECK VALWE,单向阀,598.1,Электрооборудование,,050-0210
20039377,NTE200,·ELECTROMAGNETIC DIRECTIONAL CONTROL VALVE,DIRECTIONAL CONTROL VALVE,电磁换向阀,2505.75,Электрооборудование,,050-0060
20039378,NTE200,RELIFE VALVE,RELIFE VALVE,溢流阀,8179.41,Электрооборудование,,050-0060
20039379,NTE200,·CAP PLATE,CAP PLATE,二通插装阀盖板,8631.7,Гидравлическая система,,050-0060
20039380,NTE200,·VALVE CORE,VALVE CORE,二通插装阀阀芯,10283.81,Гидравлическая система,,050-0060
20039381,NTE200,·ELECTROMAGNETIC VALVE,ELECTROMAGNETIC VALVE,浮动电磁阀,3258.89,Электрооборудование,,050-0060
20039382,NTE200,,BLOCK VALVE ·ELECTROMAGNETIC,阀体,,,,050-0060
20039383,NTE200,·ELECTROMAGNETIC DIRECTIONAL CONTROL VALVE,DIRECTIONAL CONTROL VALVE,电磁换向阀,2505.75,Электрооборудование,,050-0060
20039766,NTE200,Плафон кабины,WORK INDICATOR LIGHT,工作指示灯,2170.95,,,210-0360
20039789,NTE200,·OIL-DRAIN-VALVE-,VALVE OIL DRAIN,放油阀,23.02,,,070-0020 070-0070
20039811,NTE200,RATING---,RATING PLATE-SERIES,系列标牌,81.49,,,100-0190
20039876,NTE200,Фильтр салона,FILTER,滤芯,3242.88,Фильтр,,210-0920
20040011,NTE200,BOARD,BOARD,板,28.5,,,100-0120
20040065,NTE200,BOARD,BOARD,板,28.5,,,100-0120
20040110,NTE200,WHEELMOTORS ASSY,WHEELMOTORS ASSY,电动轮总成,3872285.28,GE,,070-0050
20040174,NTE200,·RING,RING,环,100.41,Гидравлическая система,,050-0080
20040175,NTE200,·RETAINER RING,RETAINER RING,挡圈,2110.21,Гидравлическая система,,050-0080
20040176,NTE200,·PISTON,PISTON,活塞,42095.85,Гидравлическая система,,050-0080
20040179,NTE200,·GUIDE SLEEVE,GUIDE SLEEVE,导向套,10085.15,,,050-0080
20040213,NTE200,VALVE BONNET ASSY,VALVE BONNET ASSY,阀罩总成,787.35,,,070-0020 070-0070
20040215,NTE200,•STEEL BALL,STEEL BALL,钢球,7.45,,,070-0020 070-0070
20040282,GE,SPEED SENSOR,SPEED SENSOR,速度传感器,12076.13,GE,,600-0020-200
20040283,GE,HUB,HUB,连接盘,47044.8,GE,,600-0020-200
20040290,GE,"BRACKET, INSULATED","BRACKET,","支架, 绝缘",689.03,GE,,600-0020-200
20040291,GE,"BRACKET, INSULATED","BRACKET,","支架, 绝缘",963.59,GE,,600-0020-200
20040292,GE,"BOLT, HEX HD","BOLT, HEX HD","螺栓, 六方",6.83,GE,,600-0020-200
20040294,GE,CABLE ASSEMBLY,CABLE ASSEMBLY,电缆总成,1237.62,GE,,600-0020-200
20040295,GE,BRAZING STRIP,BRAZING STRIP,铜条,21.76,GE,,600-0020-200
20040296,GE,CABLE ASSEMBLY,CABLE ASSEMBLY,电缆总成,11057.41,GE,,600-0020-200
20040299,GE,COVER,COVER,盖板,1908.53,GE,,600-0020-200
20040300,GE,INSULATION PAD,INSULATION PAD,"绝缘衬垫,",996.97,GE,,600-0020-200
20040304,GE,GROMMET,GROMMET,合成橡胶孔套管,99.89,GE,,600-0020-200
20040305,GE,CABLE MARKER,CABLE MARKER,电缆标记,153.73,GE,,600-0020-200
20040306,GE,CABLE MARKER,CABLE MARKER,电缆标记,153.73,GE,,600-0020-200
20040308,GE,FRONT PLATE,FRONT PLATE,前部盖板,2349.09,GE,,600-0020-200
20040316,GE,SLIPPER STRIP,SLIPPER STRIP,弹簧钢引线端子,1119.21,GE,,600-0020-200
20040317,GE,COLLECTOR RING ASSEMBLY,COLLECTOR RING,集电环总成,146615.16,GE,,600-0020-200
20040318,GE,CONNECTION STRAP,CONNECTION TRAP,连接带,278.31,GE,,600-0020-200
20040319,GE,TIE RING,TIE RING,绑扎环,5792.1,GE,,600-0020-200
20040320,GE,GLASS TAPE,GLASS TAPE,玻璃纤维带,469,GE,,600-0020-200
20040321,GE,FASTENING,FASTENING,扎带,152.74,GE,,600-0020-200
20040322,GE,BALL BEARING,BALL BEARING,球轴承,8571.73,GE,,600-0020-200
20040323,GE,BEARING HOUSING,BEARING HOUSING,轴承室,30139.13,GE,,600-0020-200
20040324,GE,BEARING CAP,BEARING CAP,轴承盖,13030.19,GE,,600-0020-200
20040325,GE,FLINGER,FLINGER,抛油环,4538.81,GE,,600-0020-200
20040326,GE,SLEEVE,SLEEVE,衬套,11104.46,GE,,600-0020-200
20040327,GE,SEAL,SEAL,密封,7253.64,GE,,600-0020-200
20040329,GE,"BOLT, HEX HD","BOLT, HEX HD","螺栓, 六方",45.19,GE,,600-0020-200
20040331,GE,HUB,HUB,连接盘,14892.28,GE,,600-0020-200
20040333,GE,BRAZING STRIP,BRAZING STRIP,铜条,20.1,GE,,600-0020-200
20040334,GE,BALANCE WEIGHT,BALANCE WEIGHT,平衡块,1911.92,GE,,600-0020-200
20040335,GE,BALANCE WEIGHT,BALANCE WEIGHT,平衡块,1245.89,GE,,600-0020-200
20040336,GE,END PLATE,END PLATE,连接盘,46923.35,GE,,600-0020-200
20040337,GE,,LUBRIPLATE,润滑脂,,,,600-0020-200
20040338,GE,IMPELLER,IMPELLER,风扇,369576.59,GE,,600-0020-200
20040342,GE,"BOLT, HEX HD","BOLT, HEX HD","螺栓, 六方",97.2,GE,,600-0020-200
20040344,GE,"BOLT, HEX HD","BOLT, HEX HD","螺栓, 六方",21.85,GE,,600-0020-200
20040345,GE,"BOLT, HEX HD","BOLT, HEX HD","螺栓, 六方",31.51,GE,,600-0020-200
20040346,GE,"BOLT, HEX HD","BOLT, HEX HD","螺栓, 六方",25.5,GE,,600-0020-200
20040354,GE,PIPE PLUG,PIPE PLUG,管接头,62.43,GE,,600-0020-200
20040357,GE,"BOLT, HEX HD","BOLT, HEX HD","螺栓, 六方",14.36,GE,,600-0020-200
20040359,GE,COVER ASSEMBLY,COVER ASSEMBLY,盖板总成,4224.87,GE,,600-0020-200
20040360,GE,FRONT PLATE,FRONT PLATE,前部盖板,3033.13,GE,,600-0020-200
20040361,GE,COVER ASSEMBLY,COVER ASSEMBLY,盖板总成,11005.35,GE,,600-0020-200
20040362,GE,GASKET,GASKET,衬垫,6907.78,GE,,600-0020-200
20040363,GE,LATCH ASSEMBLY,LATCH ASSEMBLY,闭锁装置,1831.62,GE,,600-0020-200
20040369,GE,CONTACTOR,CONTACTOR,接触器,146032.86,GE,,600-0040-200 600-0050-200
20040370,GE,ARC CHUTE,ARC CHUTE,灭弧罩,9786.43,GE,,600-0050-200
20040371,GE,COIL,COIL,线圈,28765.02,GE,,600-0050-200
20040372,GE,COIL,COIL,线圈,62273.17,GE,,600-0050-200
20040373,GE,RP контактор (силовые контакты)Китай,CONTACT KIT,接触套件,33636.63,GE,,600-0050-200
20040374,GE,,BRACKET,支架,,,,600-0050-200
20040375,GE,INTERLOCK,INTERLOCK,机械互锁,4040.04,GE,,600-0050-200
20040376,GE,LATCH SPRING,LATCH SPRING,灭弧罩锁扣弹簧,4540.1,GE,,600-0050-200
20040377,GE,,LEVER,杠杆,,,,600-0050-200
20040378,GE,,HOLD‐ON IRON,保持开关,,,,600-0050-200
20040379,GE,HEAD CAPSCREW,HEAD CAPSCREW,圆柱头螺钉,274.16,GE,,600-0050-200
20040380,GE,PIVOTAL TERMINAL,PIVOTAL TERMINAL,枢纽端子,18564.9,GE,,600-0050-200
20040381,GE,LEAF SPRING,LEAF SPRING,钢板弹簧,3967.88,GE,,600-0050-200
20040382,GE,CAPSCREW,CAPSCREW,内六角螺钉,139.46,GE,,600-0050-200
20040383,GE,POLE PLATE,POLE PLATE,极板,3687.57,GE,,600-0050-200
20040384,GE,BLOWOUT COIL KIT,BLOWOUT COIL KIT,灭弧线圈套件,39225.43,GE,,600-0050-200
20040385,GE,MAGNETCORE,MAGNET CORE,磁芯,3704.22,GE,,600-0050-200
20040386,GE,,INSULATING SHEET,绝缘片,,,,600-0050-200
20040387,GE,SPACER,SPACER,绝缘隔离片,2332.5,GE,,600-0050-200
20040388,GE,,CAPSCREW,螺丝,,,,600-0050-200
20040389,GE,,CAPSCREW,平头螺钉,,,,600-0050-200
20040390,GE,,LOCKWASHER,沉头锁紧垫片,,,,600-0050-200
20040391,GE,,YOKE,磁轭,,,,600-0050-200
20040397,GE,CAPACITOR,CAPACITOR,电容,98700.05,GE,,600-0040-200
20040398,GE,SENSOR,SENSOR,传感器,17819.31,GE,,600-0040-200
20040400,GE,"FUSE,","FUSE,","保险, IGBT",9954.58,GE,,600-0040-200
20040401,GE,SUPPRESSION MODULE,SUPPRESSION,总成,3331.53,GE,,600-0040-200
20040402,GE,CDI RESISTOR,CDI,,5767.27,GE,,600-0040-200
20040403,GE,CAP PLUG,CAP PLUG,盖塞,14.7,GE,,600-0040-200
20040410,GE,POWER CONVERTER,POWER,电源转换器,278505.24,GE,,600-0040-200
20040412,GE,AMBIENT AIR,AMBIENT AIR,环境温度模块,8099.11,GE,,600-0040-200
20040413,GE,TERMINAL BOARD,TERMINAL BOARD,端子排,267.54,GE,,600-0040-200
20040416,GE,,PRESSURE SENSOR,压力传感器,,,,600-0040-200
20040417,GE,FUSE PANEL,FUSE PANEL,保险盘,4025.94,GE,,600-0040-200
20040418,GE,"FUSE LIMITER, 50 AMP","FUSE, 50 AMP","保险, 50 AMP",717.62,GE,,600-0040-200
20040424,GE,SHIELD,SHIELD,防护,419.38,GE,,600-0040-200
20040425,GE,PRINTED WIRE BOARD,PRINTED WIRE,印刷电路板,15611.56,GE,,600-0040-200
20040428,GE,TOGGLE SWITCH,TOGGLE SWITCH,开关,1297.01,GE,,600-0040-200
20040430,GE,TOGGLE SWITCH,TOGGLE SWITCH,开关,1905.84,GE,,600-0040-200
20040431,GE,RESISTOR ASSEMBLY,RESISTOR,电阻总成,20091.27,GE,,600-0040-200
20040432,GE,RESISTOR,RESISTOR,电阻,984.31,GE,,600-0040-200
20040433,GE,BUSHING,BUSHING,套管,235.61,GE,,600-0040-200
20040434,GE,CONNECTION STRIP,CONNECTION,连接带,196.51,GE,,600-0040-200
20040435,GE,CURRENT MODULE,CURRENT MODULE,电流模块,40102.8,GE,,600-0040-200
20040436,GE,RESISTOR PANEL,RESISTOR PANEL,电阻盘,14624.97,GE,,600-0040-200
20040437,GE,RESISTOR UNIT,RESISTOR UNIT,电阻,6252.96,GE,,600-0040-200
20040438,GE,CONTACT CLIP,CONTACT CLIP,接触片总成,72407.61,GE,,600-0040-200
20040440,GE,THYRITE,THYRITE,压敏电阻,14441.16,GE,,600-0040-200
20040444,GE,"SHIELD, INSULATION","SHIELD,","防护,绝缘",443.26,GE,,600-0040-200
20040445,GE,"SHIELD, INSULATION","SHIELD,","防护,绝缘",431.24,GE,,600-0040-200
20040446,GE,BASE,BASE,底座,1471.49,GE,,600-0040-200
20040447,GE,SHIELD,SHIELD,防护,344,GE,,600-0040-200
20040449,GE,"BOLT, HEX HD","BOLT, HEX HD","螺栓, 六方头",25.67,GE,,600-0040-200
20040450,GE,INSULATOR,INSULATOR,绝缘,2992.72,GE,,600-0040-200
20040451,GE,"BOLT, HEX HD","BOLT, HEX HD","螺栓, 六方",34.82,GE,,600-0040-200
20040453,GE,"BOLT, HEX HD","BOLT, HEX HD","螺栓, 六方",34.82,GE,,600-0020-200 600-0040-200
20040455,GE,"BOLT, HEX HD","BOLT, HEX HD","螺栓, 六方",23.63,GE,,600-0040-200
20040456,GE,WASHER,WASHER,垫片,32.13,GE,,600-0040-200
20040468,GE,STUD,STUD,螺栓,261.73,GE,,600-0040-200
20040469,GE,SPACER,SPACER,套管,346.74,GE,,600-0040-200
20040471,GE,SUPPORT WITH SCREW,SUPPORT,带螺栓支撑,173.2,GE,,600-0040-200
20040472,GE,SUPPORT WITH SCREW,SUPPORT,带螺栓支撑,88.16,GE,,600-0040-200
20040473,GE,WASHER,WASHER,垫片,21.36,GE,,600-0040-200
20040476,GE,"WASHER, FLAT","WASHER, FLAT","垫片, 平",14.34,GE,,600-0040-200
20040477,GE,LENS CAP,LENS CAP,灯罩,1121.92,GE,,600-0040-200
20040478,GE,WASHER,WASHER,垫片,49.32,GE,,600-0040-200 600-0050-200
20040479,GE,"BOLT, HEX HD","BOLT, HEX HD","螺栓, 六方",8.93,GE,,600-0040-200
20040480,GE,"BOLT, HEX HD","BOLT, HEX HD","螺栓, 六方",5.6,GE,,600-0040-200
20040482,GE,SUPPORT,SUPPORT,支撑,548.94,GE,,600-0040-200
20040486,GE,"BOLT, HEX HD","BOLT, HEX HD","螺栓, 六方",35.86,GE,,600-0040-200
20040487,GE,FILTER PANEL,FILTER PANEL,滤波盘总成,48054.57,GE,,600-0040-200
20040488,GE,RESISTOR ASSEMBLY,RESISTOR,电阻总成,6813.49,GE,,600-0040-200
20040489,GE,RESISTOR,RESISTOR,电阻,811.7,GE,,600-0040-200
20040490,GE,CAPACITOR,CAPACITOR,电容总成,4448.04,GE,,600-0040-200
20040491,GE,"SCREW, SL HEX HD","SCREW, SL HEX HD","螺丝, 六方",43.35,GE,,600-0040-200
20040492,GE,,"SCREW, SL HEX HD","螺丝, 六方",,,,600-0040-200
20040493,GE,,SPACER,套管,,,,600-0040-200
20040494,GE,INSULATION WASHER,WASHER,绝缘垫片,25.7,GE,,600-0040-200
20040495,GE,"BOLT, HEX HD","BOLT, HEX HD","螺栓, 六方",8.75,GE,,600-0040-200
20040496,GE,SCREW,SCREW,"螺丝, 六方",4.56,GE,,600-0040-200 600-0050-200
20040499,GE,PANEL,PANEL,盘总成,20073.27,GE,,600-0040-200
20040500,GE,STUD,STUD,螺栓,48.7,GE,,600-0040-200
20040501,GE,SUPPORT,SUPPORT,支撑,1063.68,GE,,600-0040-200
20040504,GE,BUS BAR,BUS BAR,母线板,50471.83,GE,,600-0040-200
20040506,GE,BUS BAR,BUS BAR,母线板,26453.87,GE,,600-0040-200
20040507,GE,BUS BAR,BUS BAR,母线板,22455.09,GE,,600-0040-200
20040509,GE,BUS BAR,BUS BAR,母线板,45859.05,GE,,600-0040-200
20040510,GE,BUS BAR,BUS BAR,母线板,46614.54,GE,,600-0040-200
20040516,GE,BUS BAR,BUS BAR,母线板,10892.7,GE,,600-0040-200
20040517,GE,BUS BAR,BUS BAR,母线板,4716.29,GE,,600-0040-200
20040519,GE,BUS BAR,BUS BAR,母线板,17979.8,GE,,600-0040-200
20040520,GE,BUS BAR WITH BOLT,BUS BAR WITH BOLT,带螺栓母线板,28828.02,GE,,600-0040-200
20040521,GE,INSULATOR,INSULATOR,绝缘,192.1,GE,,600-0040-200
20040523,GE,"BOLT, HEX HD","BOLT, HEX HD","螺栓, 六方",14.3,GE,,600-0040-200
20040525,GE,GROMMET,GROMMET,绝缘垫圈,345.66,GE,,600-0040-200
20040526,GE,"BOLT, HEX HD","BOLT, HEX HD","螺栓, 六方",91.4,GE,,600-0040-200
20040528,GE,STUD,STUD,螺栓,70.57,GE,,600-0040-200
20040529,GE,STUD,STUD,螺栓,54.09,GE,,600-0040-200
20040530,GE,,CEMENT,密封胶,,,,600-0040-200
20040531,GE,BRACKET ASSEMBLY,BRACKET,支撑,849.61,GE,,600-0040-200
20040532,GE,"BOLT, HEX HD","BOLT, HEX HD","螺栓, 六方",6.02,GE,,600-0040-200
20040534,GE,WASHER,WASHER,垫片,8.09,GE,,600-0040-200
20040535,GE,"BOLT, HEX","BOLT, HEX HD","螺栓, 六方",3.06,GE,,600-0020-200 600-0040-200 600-0050-200
20040537,GE,GROMMET,GROMMET,绝缘套圈,145.12,GE,,600-0040-200
20040538,GE,GROMMET,GROMMET,绝缘套圈,51.35,GE,,600-0040-200
20040551,GE,"BOLT, HEX HD","BOLT, HEX HD","螺栓, 六方头",7.68,GE,,600-0030-200 600-0040-200
20040552,GE,"BOLT, HEX HD","BOLT, HEX HD","螺栓, 六方头",17.01,GE,,600-0030-200
20040559,GE,CAPACITOR ASSEMBLY,CAPACITOR,电容总成,9441.09,GE,,600-0040-200
20040560,GE,RESISTOR,RESISTOR,电阻,758.5,GE,,600-0040-200
20040564,GE,ADAPTER,ADAPTER,连接件,1568.06,GE,,600-0040-200
20040566,GE,"BOLT, HEX HD","BOLT, HEX HD","螺栓, 六方",17.01,GE,,600-0040-200
20040568,GE,WASHER,WASHER,垫片,57.82,GE,,600-0040-200
20040573,GE,WASHER,WASHER,垫片,92.64,GE,,600-0040-200
20041106,NTE200,,including and NO.7.,,,,,150-0010
20041184,NTE200,,BRACKET ASSY,支架总成,,,,050-0030
20041218,NTE200,CAIDAN JOINT,CARDAN,万向节,1620.02,,,100-0120
20041458,NTE200,CLAMP,CLAMP,管夹,526.21,,,040-0080
20041631,NTE200,,TIRE,轮胎,,,,150-0010
20041633,NTE200,ROD - VALVE,ROD VALVE,气门杆,433.45,,,150-0010
20041867,NTE200,PLATE,BOARD,板,30.29,,,100-0120
20041885,NTE200,HARNESS,PRESSURE TUBE,测压线,978.5,Электрооборудование,,100-0120
20041886,NTE200,NIPPLE,BLOCK,测压块,138.2,Электрооборудование,,100-0120
20042008,NTE200,·PISTON ROD,PISTON ROD,活塞杆,6453.4,,,050-0140
20042022,NTE200,CONDESNOR,CONDENSER,冷凝器,4352.81,Кабина,,090-0140
20042024,NTE200,CONDENSOR-AIR DONDITIONER,COMPRESSOR,压缩机,4700.22,,,090-0140
20042051,NTE200,BOARD,BOARD,母线板,249.82,,,030-0160
20042062,NTE200,SWITCH -RISER,SWITCH-RISER,升降器开关,57.54,Кабина,,090-0030 090-0040
20042064,NTE200,ELCE.-SAFEGUARD--,ELCE. SAFEGUARD,电路保护器,241.66,Кабина,,090-0030 090-0040
20042100,NTE200,WELDING ASSY - HYDRAULIC TANK,WELDING ASSY HYDRAULIC TANK,液压油箱焊接总成,29269.3,,,050-0020
20042303,NTE200,ELEC-CONTROL CABINET VENT,ELEC-CONTROL CABINET VENT,电控柜出风口,7576.25,,,040-0080
20042304,NTE200,BRACKET,BRACKET,支架,373.45,,,040-0080
20042307,NTE200,GASKET,WASHER,垫片,15.16,,,100-0030
20042308,NTE200,CHANNEL - AIR,CHANNEL AIR,风管总成,5895.2,,,040-0080
20042311,NTE200,BRACKET,BRACKET,支架,995.1,,,040-0080
20042358,NTE200,SEAL RING,SEAL RING,防尘套,1820.59,,,070-0020
20042370,NTE200,WATER PIPE-RADIATOR（H）,WATER PIPE-RADIATOR（H）,散热器高温水管,982.32,,,040-0060
20042371,NTE200,WATER PIPE-RADIATOR（H）,WATER PIPE-RADIATOR（H）,散热器高温水管,982.32,,,040-0060
20042372,NTE200,WATER PIPE-RADIATOR（L）,WATER PIPE-RADIATOR（L）,散热器低温水管,792.97,,,040-0060
20042373,NTE200,WATER PIPE-RADIATOR（L）,WATER PIPE-RADIATOR（L）,散热器低温水管,792.97,,,040-0060
20042375,NTE200,WATER PIPE - RADIATOR,WATER PIPE RADIATOR,散热器下水管,1370.21,,,040-0060
20042404,NTE200,CAMERA-BRACKET--,BRACKET,后部环场摄像头支架,230.08,,,100-0230
20042440,NTE200,GLAND,GLAND,防水接头,645.36,,,030-0150
20042467,NTE200,HOIST CYLINDER ASSY,HOIST CYLINDER ASSY,举升缸总成,230009.3,Гидравлическая система,,050-0080
20042468,NTE200,·THIRD TUBE,THIRD TUBE,三管,47126.77,,,050-0080
20042489,NTE200,AIR CLEANER ASSY,AIR CLEANER ASSY,空滤总成,77029.98,,,040-0030 040-0040
20042490,NTE200,·GASKET,GASKET,密封垫,362.7,,,040-0030
20042491,NTE200,·INLET BOX,INLET BOX,进气箱,37822.46,,,040-0030
20042492,NTE200,·O-RING,O ·O-RING,型圈,164.67,,,040-0030
20042493,NTE200,·CLAMP,CLAMP,卡箍,802.5,,,040-0030
20042494,NTE200,·DUST VALVE,DUST VALVE,排尘阀,210.11,,,040-0030
20042495,NTE200,·PIPE,PIPE,护管,437.25,,,040-0030
20042496,NTE200,·CLAMP,CLAMP,夹子,98.5,,,040-0030
20042517,NTE200,SEAL KIT,SEAL KIT。,,1941.12,Рулевое управление,,050-0140
20042558,NTE200,·DUST CHAMBER,DUST CHAMBER,集尘杯,3516.34,,,040-0030
20042559,NTE200,SAFETY ELEMENT,SAFETY ELEMENT,安全滤芯总成,814.95,Фильтр,,040-0030
20042560,NTE200,PRIMARY ELEMENT,PRIMARY ELEMENT,初级滤芯总成,1895.1,Фильтр,,040-0030
20042561,NTE200,·COVER ASSY,COVER ASSY,盖总成,7106.36,,,040-0030
20042587,NTE200,CLAMP,CLAMP,电缆夹总成,952.03,,,030-0160
20042598,NTE200,NIPPLE,"NIPPLE, D",测压接头,433.45,,,100-0120
20042800,NTE200,Электрический шкаф управления,NTE200 CONTORL GROUP,电控柜,3728866.96,GE,,030-0140
20042801,NTE200,ГЛАВНЫЙ ГЕНЕРАТОР,ALTERNATOR,发电机总成,2237320.54,GE,,040-0000
20042802,NTE200,Ретардер в сборе,NTE200 GRID BOX,电阻柜,2788044.48,GE,,030-0130
20042827,NTE200,WHEEL FRONT,WHEEL FRONT,前轮,109348.06,,,070-0010
20042828,NTE200,GEAR RING,GEAR RING,齿圈,2505.75,,,070-0010
20042842,NTE200,·SEAL-KIT,SEAL-KIT,柱塞泵密封包,6326.63,Гидравлическая система,,050-0100
20042847,NTE200,YOKE-RIGHT THREAD,YOKE-RIGHT THREAD,叉头（右旋）,8781.23,Рулевое управление,,070-0030
20042918,NTE200,STEERING ARM.RH,STEERING ARM.RH,右转向臂总成,22130.85,,,070-0030
20042955,NTE200,STUD,STUD,螺柱,98.5,,,150-0010
20042960,NTE200,SPINDLE,SPINDLE,转向节,154285.17,,,070-0000
20043039,GE,STATOR,"TAPE, FIBERGLASS","绑带, 玻璃纤维",,GE,,600-0020-200
20043147,GE,GASKET,GASKET,垫圈，太阳轮盖,830.35,GE,,600-0010-200
20043191,GE,DOWEL PIN,DOWEL PIN,销子,1798.55,GE,,600-0020-200
20043199,GE,STATOR,"PUTTY, AIR DRY",灰,,GE,,600-0020-200
20043200,GE,STATOR,GLASS TAPE,玻璃纤维带,8.72,GE,,600-0020-200
20043206,GE,"BUS RING, INSULATED (T1)","BUS RING, (T1)","母线环, 绝缘(T1)",15349.84,GE,,600-0020-200
20043207,GE,"BUS RING, INSULATED (T2)","BUS RING, (T2)","母线环, 绝缘(T2)",13063.19,GE,,600-0020-200
20043208,GE,"BUS RING, INSULATED (T3)","BUS RING, (T3)","母线环, 绝缘(T3)",15130.38,GE,,600-0020-200
20043209,GE,"BUS RING, INSULATED","BUS RING,","母线环, 绝缘",17821.22,GE,,600-0020-200
20043210,GE,"TIE RING, INSULATED","TIE RING,","绑扎环, 绝缘",9340.01,GE,,600-0020-200
20043211,GE,STATOR,CONNECTION TRAP,"连接带, 绝缘",,GE,,600-0020-200
20043233,GE,WASHER,WASHER,垫片,2.33,GE,,600-0030-200 600-0040-200
20043237,GE,PANEL,PANEL,盘,251577.88,GE,,600-0040-200 600-0050-200
20043239,GE,INSULATOR ASSEMBLY,INSULATOR,绝缘,783.83,GE,,600-0040-200
20043315,GE,Поддерживающий рычаг контактора,HOLDER ARM,动触头固定架臂,24200.07,GE,,600-0050-200
20043330,GE,,LOCKWASHER,弹簧垫片,,,,600-0050-200
20043331,GE,WASHER,WASHER,垫片,1.45,GE,,600-0050-200
20043391,GE,MOLDED BOX,MOLDED BOX,型箱,14160.37,GE,,600-0050-200
20043392,GE,,COVER ASSEMBLY,护盖总成,,,,600-0050-200
20043393,GE,GASKET,GASKET,垫圈,236.83,GE,,600-0050-200
20043394,GE,GASKET,GASKET,垫圈,555.27,GE,,600-0050-200
20043395,GE,,BUS BAR ASSEMBLV,母线总成,,,,600-0050-200
20043396,GE,BuS BAR,BuS BAR,母线,1366.65,GE,,600-0050-200
20043397,GE,BUS BAR,BUS BAR,母线,4029.87,GE,,600-0050-200
20043398,GE,,BUS BAR,母线,,,,600-0050-200
20043399,GE,BUS BAR ASSEMBLY,BUS BAR ASSEMBLY,母线总成,4567.61,GE,,600-0050-200
20043400,GE,"BOLT, HEX","BOLT, HEX HD","螺栓, 六方",24.47,GE,,600-0020-200 600-0050-200
20043401,GE,BUS BAR,BUS BAR,母线,252.23,GE,,600-0050-200
20043402,GE,BUS BAR,BUS BAR,母线,298.83,GE,,600-0050-200
20043403,GE,"BOLT, HEX","BOLT, HEX",六角螺栓,9.53,GE,,600-0050-200
20043404,GE,BUS BAR,BUS BAR,隔片,114.81,GE,,600-0050-200
20043405,GE,BUS BAR,BUS BAR,隔片,283.11,GE,,600-0050-200
20043407,GE,BUS BAR,BUS BAR,隔片,255.91,GE,,600-0050-200
20043410,GE,"SCREW,SL PAN HI","SCREW,SL PAN HI",螺钉,10.33,GE,,600-0050-200
20043411,GE,HEAT SINK ASSEMBLY,HEAT SINK,散热器总成,29570.3,GE,,600-0050-200
20043413,GE,DIODE,DIODE,二极管,8032.18,GE,,600-0050-200
20043415,GE,CLAMP,CLAMP,卡箍,4330.79,GE,,600-0050-200
20043418,GE,SUPPORT BAR,SUPPORT BAR,支撑杆,239.35,GE,,600-0050-200
20043419,GE,,TUBE,管,,,,600-0050-200
20043441,GE,"BOLT, HEX","BOLT, HEX",六角螺栓,256.55,GE,,600-0050-200
20043451,GE,COVER,COVER,带通风口盖板,8769.51,GE,,600-0030-200
20043569,NTE200,·NEEDLE VAVLE,NEEDLE VAVLE,节流阀,2106.41,Рулевое управление,,050-0150
20043571,NTE200,·ELECTROMAGNETIC VALVE,VALVE,电磁阀,2876.6,Электрооборудование,,050-0150
20043585,NTE200,ANTI SWIVEL,ANTI SWIVEL,防转环,17.06,Кабина,,090-0050
20043586,NTE200,CABLE CLAMP,CABLE CLAMP,电缆夹总成,2003.31,Электрооборудование,,030-0160
20043658,NTE200,CAMERA-BRACKET--,BRACKET,摄像头支架总成,331.26,Электрооборудование,,100-0230
20043672,NTE200,BRACKET,BRACKET,支架,478.25,,,030-0160
20043677,NTE200,·FIRST TUBE,FIRST TUBE,一管,50531.36,,,050-0080
20043680,NTE200,·SECONDARY TUBE,SECONDARY TUBE,二管,40631.77,,,050-0080
20043698,NTE200,TUBE ASSY,TUBE ASSY,钢管总成,1003.07,,,050-0040
20043705,NTE200,SEAL-KIT---,SEAL-KIT,密封包,13632.96,Гидравлическая система,,050-0060
20043706,NTE200,STEERING ARM.LH,STEERING ARM.LH,左转向臂总成,22128.96,,,070-0030
20043818,NTE200,BEARER ASSY,BEARER ASSY,托架总成,646.16,,,040-0080
20043878,NTE200,GASKET,GASKET,衬垫,1722.22,,,040-0080
20043879,NTE200,GASKET,GASKET,衬垫,694.59,,,040-0080
20043881,NTE200,GASKET,GASKET,衬垫,776.01,,,040-0080
20043887,NTE200,EXHAUST PIPE - TAIL,EXHAUST PIPE,排气管,1540.51,,,040-0070 100-0170
20043889,NTE200,HUMP PIPE,HUMP PIPE,驼峰管,755.16,,,040-0040
20043890,NTE200,ELBOW - RUBBER,ELBOW RUBBER,橡胶弯头,666.21,,,040-0040
20043891,NTE200,AIR PIPE,AIR PIPE,进气管,4059.48,,,040-0040
20043893,NTE200,AIR PIPE,AIR PIPE,进气管,4381.19,,,040-0040
20043894,NTE200,PIPE - EXHAUST,EXHAUST PIPE,排气管,3094.33,,,040-0070 100-0170
20043895,NTE200,PIPE - EXHAUST,EXHAUST PIPE,排气管,3385.77,,,040-0070 100-0170
20043896,NTE200,PIPE - EXHAUST,EXHAUST PIPE,排气管,5501.49,,,040-0070 100-0170
20043897,NTE200,PIPE - EXHAUST,EXHAUST PIPE,排气管,5310.34,,,040-0070 100-0170
20043898,NTE200,TUBE - FLEXIBLE,FLEXIBLE TUBE,柔性管,1033.35,,,040-0070 100-0170
20043899,NTE200,PIPE - EXHAUST,FLEXIBLE TUBE,柔性管,596.21,,,040-0070 100-0170
20043900,NTE200,PIPE - EXHAUST,TUBE,管总成,2518.99,,,040-0070 100-0170
20043901,NTE200,THERMAL SLEEVE,INSULATION SLEEVE,隔热套,2551.18,,,040-0070 100-0170
20043902,NTE200,THERMAL SLEEVE,INSULATION SLEEVE,隔热套,4252.52,,,040-0070 100-0170
20043903,NTE200,THERMAL SLEEVE,INSULATION SLEEVE,隔热套,7195.31,,,040-0070 100-0170
20043973,NTE200,HOOD ASSY,HOOD ASSY,护罩总成,40787.02,,,020-0030
20043978,NTE200,GRILL,GRILL,护栅,3754.71,,,020-0030
20043979,NTE200,GRILL,GRILL,护栅,3754.71,,,020-0030
20043980,NTE200,BRACKET ASSY,BRACKET ASSY,支架总成,10164.56,,,020-0020
20043982,NTE200,BRACKET ASSY,BRACKET ASSY,支架总成,10164.56,,,020-0020
20043984,NTE200,BRACKET ASSY,BRACKET ASSY,支架总成,1254.79,,,020-0020
20043992,NTE200,BREAKER,BREAKER,断路器,864.98,Кузов,,030-0200
20043996,NTE200,PAD,PAD,密封垫片,68.2,,,090-0050
20043997,NTE200,GLAND,GLAND,防水接头,503.45,Кабина,,090-0050
20044020,NTE200,BRACKET ASSY,BRACKET ASSY,支架总成,9905.33,,,020-0020
20044021,NTE200,WASHER CONDENSOR BRACKET,BRACKET-CONDENSER,冷凝器支架,2350.51,,,090-0140
20044044,NTE200,THERMAL SLEEVE,INSULATION SLEEVE,隔热套,3722.61,,,040-0070 100-0170
20044048,NTE200,THERMAL SLEEVE,INSULATION SLEEVE,隔热套,2623.09,,,040-0070 100-0170
20044055,NTE200,CHIMNEY FLUE ASSY,FLUE BOX,烟道箱,5363.4,,,040-0070 100-0170
20044074,NTE200,·CHECK VALVE,CHECK VALVE,单向阀阀芯,9348.96,Гидравлическая система,,050-0060
20044117,NTE200,STRIP,BRACKET,吊带,85.24,,,040-0070 100-0170
20044132,NTE200,FLEXIBLE TUBE-SQUARE,FLEXIBLE TUBE-SQUARE,矩形柔性管,4801.06,GE,,040-0080
20044133,NTE200,FLEXIBLE TUBE-SQUARE,FLEXIBLE TUBE-SQUARE,矩形柔性管,2726.88,GE,,040-0080
20044165,NTE200,CABLE TA101,CABLE TA101,轮马达动力电缆TA101,7573.79,Электрооборудование,,030-0150
20044166,NTE200,CABLE TA102,CABLE TA102,轮马达动力电缆TA102,7573.79,Электрооборудование,,030-0150
20044167,NTE200,CABLE TB101,CABLE TB101,轮马达动力电缆TB101,7573.79,Электрооборудование,,030-0150
20044168,NTE200,CABLE TB102,CABLE TB102,轮马达动力电缆TB102,7573.79,Электрооборудование,,030-0150
20044169,NTE200,CABLE TC101,CABLE TC101,轮马达动力电缆TC101,7573.79,Электрооборудование,,030-0150
20044170,NTE200,CABLE TC102,CABLE TC102,轮马达动力电缆TC102,7573.79,Электрооборудование,,030-0150
20044171,NTE200,CABLE TA201,CABLE TA201,轮马达动力电缆TA201,6625.69,Электрооборудование,,030-0150
20044172,NTE200,CABLE TA202,CABLE TA202,轮马达动力电缆TA202,6625.69,Электрооборудование,,030-0150
20044173,NTE200,CABLE TB201,CABLE TB201,轮马达动力电缆TB201,6625.69,Электрооборудование,,030-0150
20044174,NTE200,CABLE TB202,CABLE TB202,轮马达动力电缆TB202,6625.69,Электрооборудование,,030-0150
20044175,NTE200,CABLE TC201,CABLE TC201,轮马达动力电缆TC201,6625.69,Электрооборудование,,030-0150
20044176,NTE200,CABLE TC202,CABLE TC202,轮马达动力电缆TC202,6625.69,Электрооборудование,,030-0150
20044177,NTE200,,CABLE T101,主发电机动力电缆T101,,,,030-0150
20044178,NTE200,,CABLE T201,主发电机动力电缆T201,,,,030-0150
20044179,NTE200,,CABLE T301,主发电机动力电缆T301,,,,030-0150
20044180,NTE200,,CABLE T19,主发电机动力电缆T19,,,,030-0150
20044181,NTE200,,CABLE T20,主发电机动力电缆T20,,,,030-0150
20044182,NTE200,,CABLE F1,主发电机动力电缆F1,,,,030-0150
20044183,NTE200,,CABLE F2,主发电机动力电缆F2,,,,030-0150
20044184,NTE200,,CABLE RP2F,制动电阻柜动力电缆RP2F,,,,030-0150
20044185,NTE200,,CABLE RP1F,制动电阻柜动力电缆RP1F,,,,030-0150
20044186,NTE200,,CABLE,制动电阻柜动力电缆CVBB01,,,,030-0150
20044187,NTE200,,CABLE DCP06,制动电阻柜动力电缆DCP06,,,,030-0150
20044188,NTE200,,CABLE,制动电阻柜动力电缆CVBC01,,,,030-0150
20044189,NTE200,,CABLE DCP07,制动电阻柜动力电缆DCP07,,,,030-0150
20044190,NTE200,,CABLE DCP05,制动电阻柜动力电缆DCP05,,,,030-0150
20044191,NTE200,,CABLE DCP04,制动电阻柜动力电缆DCP04,,,,030-0150
20044192,NTE200,,CABLE,制动电阻柜动力电缆BMFF03,,,,030-0150
20044194,NTE200,,CABLE,制动电阻柜动力电缆BMFF05,,,,030-0150
20044196,NTE200,CABLE BAT+,GE CABLE BAT+,电控柜正极电源线,1591.65,Электрооборудование,,030-0150
20044197,NTE200,CABLE BAT-,GE CABLE BAT-,电控柜负极电源线,1409.93,Электрооборудование,,030-0150
20044203,NTE200,BRACKET,BRACKET,传感器支架,811.93,,,100-0050
20044225,NTE200,BATTERY BOX,BATTERY BOX,电瓶箱,4394.43,Электрооборудование,,030-0040
20044227,NTE200,,CABLE-KEY SWITCH,钥匙开关电缆,,,,030-0040
20044228,NTE200,CABLE-START1,CABLE-START1,起动机1 电缆,5554.54,Электрооборудование,,030-0040
20044229,NTE200,CABLE-START2,CABLE-START2,起动机2 电缆,5649.1,Электрооборудование,,030-0040
20044241,NTE200,BRACKET---,BRACKET,断路器支架,262.12,,,030-0200
20044242,NTE200,TERMINAL BOARD,TERMINAL BOARD,接线排,1213.17,,,030-0200
20044265,NTE200,,HYDRAULIC OIL CONNECTOR.,快速接头（液压油）CONNECTOR.,,,,100-0035
20044266,NTE200,,CONNECTOR. OIL,快速接头（机油）,,,,100-0035
20044267,NTE200,,LUBRICATION GREASE,快速接头（润滑脂）,,,,100-0035
20044268,NTE200,,COOLANT,快速接头（冷却液）CONNECTOR.,,,,100-0035
20044269,NTE200,quick adaptor for engine oil,HYDRAULIC OIL NOZZLE.,充注接头（液压油）NOZZLE.,5732.45,,,100-0035
20044270,NTE200,quick adaptor for coolant,NOZZLE. OIL,充注接头（机油）,5732.45,,,100-0035
20044271,NTE200,quick adaptor for hyd.oil,LUBRICATION GREASE,充注接头（润滑脂）,5732.45,,,100-0035
20044272,NTE200,quick adaptor for grease,COOLANT,充注接头（冷却液）NOZZLE.,5732.45,,,100-0035
20044314,NTE200,Elevator assembly,RAISER ASSY-LH,左升降器总成,803.5,Кабина,,090-0030
20044347,NTE200,,SAUCER,杯托,,,,090-0020
20044348,NTE200,,ASHTRAY,烟灰缸,,,,090-0020
20044350,NTE200,TERMINAL-BOARD--,CONNECTION POST,接线柱,440.82,,,030-0200
20044351,NTE200,TERMINAL-BOARD--,CONNECTION POST,接线柱,446.18,,,030-0200
20044393,NTE200,CONTROLLER,CONTROLLER,控制器,19706.55,Кабина,,090-0050
20044394,NTE200,MODUEL,Module,模块,7961.8,,,030-0200
20044423,NTE200,"·MECHANISM -
RISER （DOUBLE
ARM）",ARM-SLIDING,升降器机构,778.62,Кабина,,090-0030
20044477,NTE200,,COLOUR BAR DECALS,彩条贴片,,,,100-0190
20044478,NTE200,,COLOUR BAR DECALS,彩条贴片,,,,100-0190
20044716,NTE200,BENT PLATE,BENT PLATE,弯板,425.82,,,090-0150 090-0160
20045610,NTE200,,O RONG,"3""密封圈",,,,090-0100
20045611,NTE200,,O RONG,"4""密封圈",,,,090-0100
20045612,NTE200,,O RONG,"5""密封圈",,,,090-0100
20045613,NTE200,,GROMMET,过孔胶圈,,,,090-0100
20045865,NTE200,DOOR HARNESS LH,DOOR HARNESS-LH,左门线束,382.3,Кабина,,090-0030
20045866,NTE200,DOOR HARNESS RH,HARNESS-RH,右门线束,382.3,Кабина,,090-0040
20045956,NTE200,BRACKET,BRACKET,支架,213.92,,,020-0040 030-0020 040-0010 040-0020
20045957,NTE200,BRACKET,BRACKET,支架,242.3,,,040-0010
20046021,NTE200,,COVER PLATE-LOWER,前围下盖板,,,,090-0010
20046202,NTE200,BRACKET ASSY,BRACKET ASSY,支架总成,3264.62,,,020-0020
20046323,NTE200,RADIATOR ASSY.,RADIATOR ASSY.,散热器总成,387134.24,Cummins,,040-0060
20046325,NTE200,BEND PLATE,BEND PLATE,弯板,310.39,,,040-0080
20046326,NTE200,,PLATE,板,,,,040-0060
20046413,NTE200,,FLEXIBLE BADDER,软梯总成,,,,020-0020
20046416,NTE200,MIRROR BRACKET ASSY,MIRROR BRACKET ASSY,镜支架总成,1775.18,,,090-0160
20046444,NTE200,BRACKET,BRACKET,支架,44.99,,,030-0160
20046500,NTE200,DUMP CONTROL VALVE,DUMP CONTROL VALVE,主举升阀,105767.45,Гидравлическая система,,050-0040 050-0060
20046515,NTE200,LADDER ASSY,LADDER ASSY,梯子总成,6865.97,,,020-0020
20046520,NTE200,HANDRAIL,HANDRAIL,护栏总成,8896.67,,,020-0020
20046526,NTE200,HANDRAIL,HANDRAIL,护栏总成,3521.94,,,020-0020
20046531,NTE200,HANDRAIL,HANDRAIL,护栏总成,2445.18,,,020-0020
20046562,NTE200,BRACKET ASSY,BRACKET ASSY,支架总成,1311.55,,,020-0020
20046567,NTE200,BRACKET ASSY,BRACKET ASSY,支架总成,26871.47,,,020-0020
20046569,NTE200,HANDRAIL,HANDRAIL,护栏总成,5149.48,,,020-0020
20046576,NTE200,HANDRAIL ASSY,HANDRAIL ASSY,护栏总成,1792.22,,,020-0020
20046578,NTE200,PLATE,PLATE,板,989.82,,,020-0020
20046580,NTE200,HANDRAIL ASSY,HANDRAIL ASSY,护栏总成,2761.18,,,020-0020
20046584,NTE200,PLATE,PLATE,板,1224.49,,,020-0020
20046586,NTE200,HANDRAIL ASSY,HANDRAIL ASSY,护栏总成,3607.19,,,020-0020
20046592,NTE200,HANDRAIL ASSY,HANDRAIL ASSY,护栏总成,5681.31,,,020-0020
20046598,NTE200,HANDRAIL ASSY,HANDRAIL ASSY,护栏总成,2528.42,,,020-0020
20046604,NTE200,HANDRAIL ASSY,HANDRAIL ASSY,护栏总成,4084.04,,,020-0020
20046609,NTE200,BRACKET ASSY,BRACKET ASSY,支架总成,3544.71,,,020-0020
20046611,NTE200,PLATE,PLATE,板,1175.26,,,020-0020
20046624,NTE200,REAR BRACKET.LH,REAR BRACKET.LH,发动机左后托架,17077.86,,,040-0000
20046625,NTE200,REAR BRACKET.RH,REAR BRACKET.RH,发动机右后托架,17077.86,,,040-0000
20046626,NTE200,FRONT BRACKET,FRONT BRACKET,发动机前支撑架,21093.7,,,040-0000
20046627,NTE200,SHOCK PAD,SHOCK PAD,减震垫,782.24,Cummins,,020-0040 040-0000
20046628,NTE200,SHOCK PAD,SHOCK PAD,减震垫,880.02,Кузов,,040-0000
20046630,NTE200,INSPIRATOR,RESPIRATOR,呼吸器,10306.57,,,020-0040
20046631,NTE200,FLANGE COUPLING,JOINT,快充接头,5777.88,,,020-0040
20046634,NTE200,FILTER,FILTER,过滤器,452.98,Фильтр,HF6510,020-0040
20046693,NTE200,,PLATE,板,,,,040-0060
20046694,NTE200,·RADIATING PIPE,RADIATING PIPE,散热管,265.44,,,040-0060
20046695,NTE200,·RUBBER,RUBBER,上胶套,24.67,,,040-0060
20046696,NTE200,·RUBBER,RUBBER,下胶套,24.67,,,040-0060
20046712,NTE200,BENT PLATE,BENT PLATE,弯板,143.92,,,020-0020
20046752,NTE200,,FOOTREST,歇脚板,,,,090-0010
20046814,NTE200,PLATE,PLATE,板,986.01,Кабина,,090-0050
20046828,NTE200,GUAGE-FUEL LEVEL,FUEL POSITION SENSOR,燃油位置传感器,1487.55,,,020-0040
20046923,NTE200,Sealing component of energy storage device,SEAL UNITS。,,4508.61,рулевое управление,,050-0110
20046924,NTE200,Brake accumulator sealing component,SEAL UNITS。,,22000.98,,,050-0180
20046958,NTE200,FRAME,FRAME,框架,22.78,Кабина,,090-0050
20046979,NTE200,·EVAPORATOR,EVAPORATOR,蒸发器,2178.32,Кабина,,090-0100
20046980,NTE200,·HEAT EXCHANGER,HEATER,换热器,2146.13,Кабина,,090-0100
20046984,NTE200,,EXPANSION VALVE BRACKET,膨胀阀支架,,,,090-0100
20046987,NTE200,,TOP COVER,上盖板,,,,090-0100
20046988,NTE200,,BLOWER BRACKET,风机支架,,,,090-0100
20046991,NTE200,·PERFORMER,ACTUATOR,执行器,447.44,,,090-0100
20046994,NTE200,·WATER VALVE ASSY,WATER VALVE ASSY,电控水阀组件,582.97,Кабина,,090-0140
20046996,NTE200,,AIR COND. KIT,空调安装组件,,,,090-0140
20047220,GE,"NUT, HEX","NUT, HEX","螺帽, 六方",6.02,GE,,600-0050-200
20047221,GE,SCREW,SCREW,螺丝,92.02,GE,,600-0050-200
20047321,GE,,CAPACITOR,电容,,,,600-0050-200
20047322,GE,,CAPACITOR,电容,,,,600-0050-200
20047335,GE,DIODE,DIODE,二极管,6.44,GE,,600-0050-200
20047500,GE,GEAR AND PINION,GEAR AND PINION,行星齿轮,438967.44,GE,,600-0010-200
20047501,GE,TORQUE TUBE,TORQUE TUBE,钮力管,1462862.32,GE,,600-0010-200
20047502,GE,WHEEL HUB,WHEEL HUB,轮毂,1897989.8,GE,,600-0010-200
20047503,GE,ROLLER BEARING,ROLLER BEARING,滚柱轴承,22039.54,GE,,600-0010-200
20047504,GE,SLEEVE,SLEEVE,衬套,17954.63,GE,,600-0010-200
20047505,GE,BEARING CAP,BEARING CAP,轴承盖,36527.08,GE,,600-0010-200
20047506,GE,BEARING CAP,BEARING CAP,轴承盖,19981.47,GE,,600-0010-200
20047508,GE,SEAL RING,SEAL RING,密封环,262295.04,GE,,600-0010-200
20047509,GE,FLINGER,FLINGER,抛油环,298587.01,GE,,600-0010-200
20047510,GE,PACKING,PACKING,毡密封,3400.53,GE,,600-0010-200
20047511,GE,WEAR BAND,WEAR BAND,耐磨带,7111.48,GE,,600-0010-200
20047512,GE,OIL SEAL,OIL SEAL,油封,46080,GE,,600-0010-200
20047513,GE,RING,RING,环,1415.13,GE,,600-0010-200
20047515,GE,HOSE,HOSE,管,303.2,GE,,600-0010-200
20047517,GE,BRAKE LINE,BRAKE LINE,制动管,3592.09,GE,,600-0010-200
20047518,GE,BRAKE LINE,BRAKE LINE,制动管,,CRRC,,600-0010-200
20047519,GE,BRAKE LINE,BRAKE LINE,制动管,3575.78,GE,,600-0010-200
20047520,GE,BRAKE LINE,BRAKE LINE,制动管,3575.56,GE,,600-0010-200
20047521,GE,FITTING,FITTING,堵头,147.96,GE,,600-0010-200
20047522,GE,"BOLT, HEX HD","BOLT, HEX HD","螺栓, 六方头",39.17,GE,,600-0010-200
20047523,GE,"BOLT, HEX HD","BOLT, HEX HD","螺栓, 六方头",17.41,GE,,600-0010-200
20047524,GE,BOLT,BOLT,螺栓,308.56,GE,,600-0010-200
20047526,GE,FRAMEHEAD,FRAMEHEAD,机架头,139241.13,GE,,600-0010-200
20047527,GE,BRAKE ADAPTER RING,BRAKE ADAPTER,制动连接环,208512.42,GE,,600-0010-200
20047528,GE,SUN PINION  ASSEMBLY,SUN PINION,太阳轮总成,118677.37,GE,,600-0010-200
20047532,GE,,CLAMP PLATE,夹具,,,,600-0020-200
20047533,GE,CABLE ASSEMBLY,CABLE ASSEMBLY,电缆总成,2669.31,GE,,600-0020-200
20047534,GE,CABLE ASSEMBLY,CABLE ASSEMBLY,电缆总成,2473.72,GE,,600-0020-200
20047535,GE,КАБЕЛЬ В СБОРЕ Д. СКОРОСТИ,CABLE ASSEMBLY,电缆总成,72451.95,GE,,600-0020-200
20047536,GE,,"SCREW, SL PAN HD","螺丝, 平头",,,,600-0020-200
20047537,GE,,WASHER,垫片,,,,600-0020-200
20047538,GE,STATOR ASSEMBLY,STATOR ASSEMBLY,定子总成,2794950.82,GE,,600-0020-200
20047539,GE,STATOR,STATOR AND CORE,定子支架和铁芯总成,1721884.43,GE,,600-0020-200
20047540,GE,ROTOR ASSEMBLY,ROTOR ASSEMBLY,转子总成,2252655.03,GE,,600-0020-200
20047541,GE,,"CORE, ROTOR",转子铁芯,,,,600-0020-200
20047542,GE,"SHAFT, ROTOR","SHAFT, ROTOR",转子轴,118898.53,GE,,600-0020-200
20047543,GE,ROTOR,ROTOR COIL,带极片的转子绕组,,GE,,600-0020-200
20047544,GE,GASKET,GASKET,垫片,403.2,GE,,600-0020-200
20047545,GE,PACKING,PACKING,密封,651.93,GE,,600-0020-200
20047546,GE,V‐RING SEAL,V‐RING SEAL,V形密封,3976.4,GE,,600-0020-200
20047548,GE,INLET HOUSING,INLET HOUSING,进风壳,992802.34,GE,,600-0020-200
20047549,GE,Крышка корпуса вентилятора обдува тягового генератора,OUTLET HOUSING,出风壳,44758.97,,,600-0020-200
20047550,GE,ROTOR LOCK,ROTOR LOCK,转子锁止件,12008.72,GE,,600-0020-200
20047551,GE,,"BOLT, HEX HD","螺栓, 六方",,,,600-0020-200
20047552,GE,,MAIN CONNECTION COVER ASSEMBLY,盖板总成,,,,600-0020-200
20047553,GE,,HOSE (TM SLEEVE),管 (TM 套管),,,,600-0020-200
20047554,GE,CONNECTOR,CONNECTOR,连接头,4985.58,GE,,600-0020-200
20047555,GE,,NOT USED,未使用,,,,600-0020-200
20047556,GE,,"BOLT, HEX HD","螺栓, 六方",,,,600-0020-200
20047557,GE,"NUT, HEX","NUT, HEX","螺帽, 六方",12.64,GE,,600-0020-200
20047559,GE,,RETARDER,制动总成,,,,600-0030-200
20047560,GE,COVER,COVER,盖板,2288.58,GE,,600-0030-200
20047561,GE,COVER,COVER,带通风口盖板,2288.58,GE,,600-0030-200
20047562,GE,COVER ASSEMBLY,COVER ASSEMBLY,盖板总成,4068.5,GE,,600-0030-200
20047563,GE,COVER,COVER,盖板,2805.94,GE,,600-0030-200
20047564,GE,COVER,COVER,盖板,2944.28,GE,,600-0030-200
20047565,GE,Крышка блока резисторов,COVER,盖板总成,5489.42,,,600-0030-200
20047566,GE,DIFFUSER ASSEMBLY,DIFFUSER SSEMBLY,扩散器总成,86482.54,GE,,600-0030-200
20047567,GE,FRAME ASSEMBLY,FRAME ASSEMBLY,框架总成,19157.76,GE,,600-0030-200
20047568,GE,WASHER,WASHER,垫片,593.18,GE,,600-0030-200
20047570,GE,WASHER,WASHER,垫片,27.62,GE,,600-0030-200
20047571,GE,GROMMET,GROMMET,金属扣眼,483.64,GE,,600-0030-200
20047572,GE,,BUS BAR,母线板,,,,600-0030-200
20047573,GE,BUS BAR,BUS BAR,"母线板 , 绝缘",3940.31,GE,,600-0030-200
20047574,GE,,BUS BAR,厚 母线板,,,,600-0030-200
20047575,GE,,BUS BAR,母线板,,,,600-0030-200
20047576,GE,BUS BAR,BUS BAR,"母线板, 绝缘",3396.91,GE,,600-0030-200
20047577,GE,,GRID SPACER,厚 电阻栅片套管,,,,600-0030-200
20047581,GE,ICP2 PANEL,ICP2 PANEL,ICP2盘,1139477.89,GE,,600-0040-200
20047582,GE,,,继电器盘,,,,600-0040-200
20047583,GE,IGBT MODULE ASSEMBLY,IGBT MODULE,IGBT 模块总成,9943.36,GE,,600-0040-200
20047584,GE,,RESISTOR PANEL,电阻盘,,,,600-0040-200
20047585,GE,OHV AC POWER,OHV AC POWER,电源,489442.98,GE,,600-0040-200
20047586,GE,CLAMP BAR,CLAMP BAR,夹具,161.84,GE,,600-0040-200
20047587,GE,,BUS BAR,母线板,,,,600-0040-200
20047588,GE,,BUS BAR,母线板,,,,600-0040-200
20047589,GE,BUS BAR,BUS BAR,母线板,13876.27,GE,,600-0040-200
20047590,GE,,BUS BAR,母线板,,,,600-0040-200
20047591,GE,BUS BAR,BUS BAR,母线板,35039.74,GE,,600-0040-200
20047592,GE,BUS BAR,BUS BAR,母线板,29615.57,GE,,600-0040-200
20047593,GE,,BUS BAR,母线板,,,,600-0040-200
20047594,GE,BUS BAR WASHER,BUS BAR WASHER,母线板垫片,70.46,GE,,600-0040-200
20047595,GE,,"BOLT, HEX HD","螺栓, 六方",,,,600-0040-200
20047596,GE,OPERATING LEVER,OPERATING LEVER,操作杆,3581.24,GE,,600-0050-200
20047597,GE,,LOCKWASHER,弹簧垫圈,,,,600-0050-200
20047598,GE,,LOCICWASIIER,弹簧垫圈,,,,600-0050-200
20047599,GE,,BUS BAR,隔片,,,,600-0050-200
20047600,GE,,BUS BAR,母线,,,,600-0050-200
20047601,GE,,HANDLE,把手,,,,600-0050-200
20047602,GE,,HEAT SINK,散热器,,,,600-0050-200
20047603,GE,Литое кольцо,MOLDED RING,成型环,2422.13,GE,,600-0050-200
20047604,GE,,GROMMET,扣眼,,,,600-0050-200
20047605,GE,,GLASTIC SHIELD,GLASTIC 屏蔽,,,,600-0050-200
20047606,GE,,SPRING,弹簧,,,,600-0050-200
20047607,GE,,WASHER,垫片,,,,600-0050-200
20047608,GE,,CONTACT,触点,,,,600-0050-200
20047609,GE,,COIL,操作线圈,,,,600-0050-200
20047610,GE,,TERMINAL BOARD,端子排,,,,600-0050-200
20047611,GE,,TERMINAL BLOCK,带螺柱的端子排,,,,600-0050-200
20047612,GE,,TFASTENER,紧固件,,,,600-0050-200
20047613,GE,,LOCKWASHER,弹簧垫圈,,,,600-0050-200
20047614,GE,,"NUT, HEX",连接杆,,,,600-0050-200
20047615,GE,,BASE,底座,,,,600-0050-200
20047616,GE,CAPACITOR,CAPACITOR,电容,2130.67,GE,,600-0050-200
20047617,GE,,CLAMP,夹具,,,,600-0050-200
20047618,GE,RESISTOR,RESISTOR,电阻,1550.25,GE,,600-0050-200
20047619,GE,RESISTOR,RESISTOR,电阻,1550.25,GE,,600-0050-200
20047620,GE,MODULE,MODULE,模块,34158.29,GE,,600-0050-200
20047621,GE,PWB ASSEMBLY,PWB ASSEMBLY,电路板,9761.86,GE,,600-0050-200
20047622,GE,,RESISTOR,"电阻,",,,,600-0050-200
20047623,GE,,DIODE,二极管,,,,600-0050-200
20047624,GE,TRANSFORMER,TRANSFORMER,变压器,32443.31,GE,,600-0050-200
20047625,GE,,TERMINAL BOARD,端子排,,,,600-0050-200
20047626,GE,,RESISTOR,电阻,,,,600-0050-200
20047627,GE,,BRACKET,支架,,,,600-0050-200
20047628,GE,BRACKET,BRACKET,支架,613.14,GE,,600-0050-200
20047629,GE,,WASHER,垫片,,,,600-0050-200
20047630,GE,,DECAL,标牌,,,,600-0050-200
20047631,GE,MODULE,MODULE,模块,5207.73,GE,,600-0050-200
20047632,GE,RESISTOR,RESISTOR,电阻,359.12,GE,,600-0050-200
20047633,GE,,RESISTOR,电阻,,,,600-0050-200
20047634,GE,,CAPACITOR,电容,,,,600-0050-200
20047635,GE,,LAMP,灯,,,,600-0050-200
20047636,GE,,TRANSIPAD,转换器,,,,600-0050-200
20047637,GE,,WASHER,垫片,,,,600-0050-200
20047638,GE,SCREW,SCREW,螺丝,222.54,GE,,600-0050-200
20047639,GE,RETAINING,RETAINING,垫片,10.01,GE,,600-0050-200
20047640,GE,GASKET,GASKET,衬垫,11.71,GE,,600-0050-200
20047641,GE,,SCREW,螺丝,,,,600-0050-200
20047642,GE,SCREW,SCREW,螺丝,35.25,GE,,600-0050-200
20047643,GE,MODULE,MODULE,模块,14578.55,GE,,600-0050-200
20047644,GE,CABLE CLAMP,CABLE CLAMP,电缆夹具,12.01,GE,,600-0050-200
20047645,GE,SCREW,SCREW,螺丝,41.66,GE,,600-0050-200
20047646,GE,SPACER,SPACER,套管,171.49,GE,,600-0050-200
20047647,GE,,SET OF LABELS,成套标签,,,,600-0050-200
20047648,GE,WASHER,WASHER,垫片,95.75,GE,,600-0050-200
20047649,GE,CAP NUT,CAP NUT,"螺帽,六方",42.9,GE,,600-0050-200
20047650,GE,,SCREW,螺丝,,,,600-0050-200
20047651,GE,SCREW,SCREW,螺丝,12.05,GE,,600-0050-200
20047652,GE,ICP2 PANEL,ICP2 PANEL,ICP2 盘,1139477.89,GE,,600-0050-200
20047653,GE,CARD,BASE ASSEMBLY,底座总成,466751.85,GE,,600-0050-200
20047654,GE,"CARD GUIDE, 8 IN LONG",CARD GUIDE,"卡槽, 8 英寸长",527.32,GE,,600-0050-200
20047655,GE,,BACK COVER,后盖总成,,,,600-0050-200
20047656,GE,,BRACKET,支架总成,,,,600-0050-200
20047657,GE,BACKPLANE,BACKPLANE,背板,139976.97,GE,,600-0050-200
20047658,GE,,RESISTOR,电阻,,,,600-0050-200
20047659,GE,,RESISTOR,电阻,,,,600-0050-200
20047660,GE,,RESISTOR,电阻,,,,600-0050-200
20047661,GE,,RESISTOR,电阻,,,,600-0050-200
20047662,GE,,CAPACITOR,电容,,,,600-0050-200
20047663,GE,CAPACITOR,CAPACITOR,电容,379.95,GE,,600-0050-200
20047664,GE,,GREEN LED,绿灯,,,,600-0050-200
20047665,GE,,SCREW,螺丝和垫片总成,,,,600-0050-200
20047666,GE,,BLADE,插片保险座,,,,600-0050-200
20047667,GE,,CONNECTOR,接,,,,600-0050-200
20047668,GE,,CONNECTOR,接头,,,,600-0050-200
20047669,GE,,CONNECTOR,接头,,,,600-0050-200
20047670,GE,,CONNECTOR,接头,,,,600-0050-200
20047671,GE,CPU CARD,CPU CARD USE 17FB187A5FV,17FB187A5FV CPU 卡,388932.85,GE,,600-0050-200
20047672,GE,DIGITAL I/O INPUT CARD NO 2,DIGITAL I/O INPUT CARD NO 2,数字量 I/O 卡,59367.79,GE,,600-0050-200
20047673,GE,ANALOG INPUT CARD,ANALOG INPUT CARD,17FB173B4FV模拟卡,260268.81,GE,,600-0050-200
20047674,GE,DUAL INVERTER I/O CARD,DUAL INVERTER I/O CARD,17FB190A7FV 变频器卡,534374.71,GE,,600-0050-200
20048256,GE,,STATOR ASSEMBLY,定子总成,,,,600-0010-200
20048259,GE,,"PUNCHING, MAIN",转子冲片,,,,600-0010-200
20048260,GE,,"END RING, ROTOR",转子端环,,,,600-0010-200
20048262,GE,FRAME HEAD,FRAMEHEAD,机架头,205303.17,GE,,600-0010-200
20048263,GE,"BALL BEARING,",BALL BEARING,球轴承,33089.49,GE,,600-0010-200
20048266,GE,,"COMPOUND, RUST",防尘件,,,,600-0010-200
20048303,GE,,"RE-GREASER ASSEMBLY, INTERNAL",加注润滑脂总成，入口,,,,600-0020-200
20048307,GE,,"PIN, SPRING DOWEL","销子, 弹性",,,,600-0020-200
20048322,GE,,MOTORIZED WHEEL,电动轮,,,,600-0010-200
20048323,GE,FRAME,FRAME,机架,,CRRC,,600-0010-200
20048324,GE,"HOUSING, SEAL",SEAL HOUSING,密封室,,CRRC,,600-0010-200
20048325,GE,PLANET COVER ASSEMBLY,COVER ASSEMBLY,行星轮盖板总成,,CRRC,,600-0010-200
20048326,GE,BRAKE LINE AS,BRAKE LINE ASSEMBLY,制动管总成,,CRRC,,600-0010-200
20048327,GE,AC MOTOR,MOTOR ASSEMBLY,电机总成,,CRRC,,600-0010-200
20048328,GE,,REWIND KIT,绕组组件,,,,600-0010-200
20048329,GE,,BUS RING KIT,定子总成母线组件,,,,600-0010-200
20048330,GE,,ROTOR ASSEMBLY,转子总成,,,,600-0010-200
20048331,GE,,ALTERNATOR,发电机,,,,600-0020-200
20048332,GE,КАБЕЛЬ В СБОРЕ,CABLE ASSEMBLY,电缆总成,,GE,,600-0020-200
20048333,GE,,CLAMP ASSEMBLY,夹具总成,,,,600-0020-200
20048334,GE,ГОЛОВА РАМЫ,FRAMEHEAD,机架头,605462.91,GE,,600-0020-200
20048335,GE,,"RE-GREASER ASSEMBLY, OUTLET",加注润滑脂总成，出口,,,,600-0020-200
20048336,GE,,CONTROL GROUP,控制柜,,,,600-0040-200
20048337,GE,,RETARDING,制动电阻栅,,,,600-0030-200
20048338,GE,,RESISTOR,电阻总成,,,,600-0030-200
20048339,GE,,RESISTOR,电阻总成,,,,600-0030-200
20048340,GE,,RESISTOR,电阻总成,,,,600-0030-200
20048341,GE,,RESISTOR,电阻总成,,,,600-0030-200
20048343,GE,АДАПТОР,ADAPTER,连接盘,263225.07,GE,,600-0020-200
20048552,NTE200,PIPE,BUSHING,管,22.78,,,090-0140
20048553,NTE200,BEND PLATE,BEND PLATE,弯板,283.92,,,090-0140
20048557,NTE200,,HOSE-BULK,风管,,,,090-0100
20048558,NTE200,,HOSE-BULK,风管,,,,090-0100
20048559,NTE200,,HOSE-BULK,风管,,,,090-0100
20048560,NTE200,,HOSE-BULK,风管,,,,090-0100
20048561,NTE200,,HOSE-BULK,风管,,,,090-0100
20048562,NTE200,,HOSE-BULK,风管,,,,090-0100
20048563,NTE200,,HOSE-BULK,风管,,,,090-0100
20048570,NTE200,MUFFLER,MUFFLER,消音装置,31403.99,,,040-0080
20048572,NTE200,AIR INLET DUCT,AIR INLET DUCT,进风口,13198.32,,,040-0080
20048631,NTE200,SCREEN,SCREEN,滤网,410.69,,,040-0080
20048632,NTE200,PLATE,PLATE,板,1194.22,,,040-0080
20048670,NTE200,BENT PLATE ASSY.,BENT PLATE ASSY.,弯板总成,1023.92,,,040-0080
20048673,NTE200,BENT PLATE ASSY.,BENT PLATE ASSY.,弯板总成,1190.39,,,040-0080
20048831,NTE200,,TRIM-ROOF,顶棚,,,,090-0010
20048853,NTE200,·VENT,AIR DIFFUSER,出风口,343.29,Кабина,,090-0010
20048872,NTE200,MOTOR-WINDOW REGULATOR--LEFT,MOTOR,升降器电机,675.54,Кабина,,090-0040
20048881,NTE200,"INSIDE PLATE ASSY
- LH",DOOR TRIM-LH,左门内板总成,3101.04,Кабина,,090-0030
20048882,NTE200,"INSIDE PLATE ASSY
- RH",DOOR TRIM-RH,右门内板总成,3101.04,Кабина,,090-0040
20048883,NTE200,LOCK FRONT-COVER PLATE-LOWER,LATCH,卡锁,202.58,Кабина,,090-0010
20048884,NTE200,HINGE-FRONT COVER PLATE-LOWER,HINGE,铰链,295.25,Кабина,,090-0010
20048886,NTE200,,CLOTHES HOOK,衣帽钩,,,,090-0010
20048889,NTE200,INTTRUMENT HOOD,DASHBOARD EDGING,仪表台护罩,3862.61,Кабина,,090-0010
20048890,NTE200,HOOD-STEERING COLUMN,SHIELD-STRCOL,转向柱护罩,2835,Кабина,,090-0010
20048891,NTE200,INSTRUMENT ASSY,DASHBOARD ASSY,仪表台总成,16585.37,Кабина,,090-0010
20048994,NTE200,,GUIDE,滑轨,,,,050-0040
20049085,NTE200,·SEAL-KIT----,SEAL-KIT,阀块密封包,3000.9,Рулевое управление,,050-0150
20049086,NTE200,·CHECK VAVLE,CHECK VAVLE ·ELECTROMAGNETIC,单向阀,1146.88,Рулевое управление,,050-0150
20049087,NTE200,·RELIEF VALVE,RELIEF VALVE,安全阀,1843.37,Рулевое управление,,050-0150
20049188,NTE200,PLATE,PLATE,板,427.73,,,020-0020
20049317,NTE200,PLATE,PLATEN,压板,5974.62,,,020-0040
20049323,NTE200,STEERING COLUMN,STEERING COLUMN,转向柱,13902.32,,,090-0130
20049332,NTE200,WASHER,WASHER,垫圈,179.82,,,020-0040 040-0000
20049465,NTE200,BRACKET-RIGHT LAMP,RIGHT LIGHT BRACKET,右大灯支架,1073.07,,,030-0060
20049466,NTE200,BRACKET-LEFT LAMP,LEFT LIGHT BRACKET,左大灯支架,1073.07,,,030-0060
20049470,NTE200,STEERING WHEEL,STEERING WHEEL,方向盘,2276.7,,,090-0130
20049517,NTE200,,ACCESS COVER,检修盖,,,,090-0010
20049518,NTE200,,LATCH,卡锁,,,,090-0010
20049519,NTE200,WENT-DEFROST,AIR DIFFUSER,除霜风口,111.73,Кабина,,090-0010
20049521,NTE200,·SUN BLIND,SUN BLIND,遮阳帘,908.5,Кабина,,090-0010
20049523,NTE200,,SHIELD ASSY-A/C,空调护罩,,,,090-0010
20049524,NTE200,,RAISER ASSY-RH,右升降器总成,,,,090-0040
20049526,NTE200,·MECHANISM - RISER (DOUBLEARM),ARM-SLIDING,升降器机构,908.5,Кабина,,090-0040
20049551,NTE200,MUD GUARD,MUD GUARD,挡泥板,705.93,,,020-0110
20049552,NTE200,BRACKET,BRACKET,支架,749.44,,,020-0110
20049553,NTE200,MUD GUARD,MUD GUARD,挡泥板,772.21,,,020-0110
20049554,NTE200,MUD GUARD,MUD GUARD,挡泥板,910.31,,,020-0110
20049556,NTE200,PLATE,PLATE,压条,246.11,,,020-0110
20049557,NTE200,BRACKET LEFT,BRACKET LEFT,左支架总成,1341.83,,,020-0110
20049562,NTE200,BEAD PLATE,BEAD PLATE,弯板,329.35,,,020-0110
20049563,NTE200,MUD GUARD,MUD GUARD,挡泥板,710.18,,,020-0110
20049629,NTE200,,CONTROL HANDLE,手柄总成,,,,090-0050
20049644,NTE200,Двигатель QSK50,ENGINE QSK50,发动机QSK50,6358093.56,Cummins,,040-0000
20049645,NTE200,,REDUCER UNION,变径接头,,,,100-0030
20049700,NTE200,,PRESSURE SWITCH,压力开关,,,,100-0100
20049726,NTE200,DISPLAY ASSEMBLY,DISPLAY ASSEMBLY,显示器总成,52526.05,,,100-0220
20049749,NTE200,,BRACKET,支架,,,,040-0070 100-0170
20049768,NTE200,DECAL-SERVICE,DECAL-SERVICE,保养提示贴片,607.53,,,100-0190
20050033,NTE200,O RING,O O RING,型圈,130.69,Гидравлическая система,,050-0020
20050039,NTE200,FLANGE PLUG,FLANGE PLUG,法兰堵头,47.34,,,050-0040
20050054,NTE200,,U U-CLIP,型卡子,,,,040-0060
20050055,NTE200,CLIP,CLIP,卡箍,1432.7,,,040-0070 100-0170
20050056,NTE200,CLIP,CLIP,夹子,143.92,,,040-0070 100-0170
20050057,NTE200,CLIP,CLIP,夹子,210.11,,,040-0070 100-0170
20050075,NTE200,,ADAPTER,接头,,,,040-0010
20050090,NTE200,CLAMP---,clamp,管夹,134.41,,,030-0200
20050091,NTE200,CLAMP---,clamp STARTER SOLENOID,管夹,41.23,,,030-0200
20050092,NTE200,ELBOW,ADAPTER,接头,448.59,,,040-0010
20050093,NTE200,ADAPTER,ADAPTER,接头,179.82,,,040-0010 040-0020
20050094,NTE200,,ADAPTER,直接头,,,,040-0020
20050582,NTE200,,ADAPTER,接头,,,,040-0010
20050591,NTE200,,SEAL,密封圈,,,,050-0110
20050592,NTE200,,SEAL,密封圈,,,,050-0110
20050593,NTE200,,O O RING,形圈,,,,050-0110
20050594,NTE200,,RING-BACK UP,挡圈,,,,050-0110
20050596,NTE200,•SEAL RING,SEAL RING,密封圈,1139.36,,,070-0020
20050597,NTE200,•RING,RING A NOTES：,导向环 注  包括在密封包,560.2,,,070-0020
20050598,NTE200,•SEAL RING,SEAL RING,密封圈,3697.94,,,070-0020
20050599,NTE200,•O RING,O •O RING,型圈,1707.08,,,070-0020
20050600,NTE200,•RETAINER RING,RETAINER RING,挡圈,372.88,,,070-0020
20050602,NTE200,,ADAPTER,接头,,,,040-0010
20050610,NTE200,,CLAMP,管夹,,,,050-0170
20050614,NTE200,,SEAL,密封圈,,,,050-0180
20050615,NTE200,,SEAL,密封圈,,,,050-0180
20050616,NTE200,,O O RING,形圈,,,,050-0180
20050617,NTE200,,RING-BACK UP,挡圈,,,,050-0180
20050620,NTE200,,CLIP PIPE,管夹,,,,050-0040
20050638,NTE200,TEE JOINT,TEE,三通,293.35,,,040-0010 040-0020
20050644,NTE200,,ADAPTOR,直接头,,,,050-0090
20050651,NTE200,,CLAMP,管夹,,,,050-0170
20050654,NTE200,,JOINT,接头,,,,050-0170
20050657,NTE200,,CLAMP,管夹,,,,050-0170
20050665,NTE200,,CLAMP,管夹,,,,090-0140
20050666,NTE200,,CLAMP,管夹,,,,090-0140
20050843,NTE200,·DUST RING,DUST RING,密封圈,5219.59,,,070-0070
20050844,NTE200,·RING,RING A.包括在密封包20063219。 NOTE:,导向带 注 包括在密封包,1004.98,,,070-0070
20050845,NTE200,·O RING,O ·O RING,型圈,825.16,,,070-0070
20050851,NTE200,ADAPTER,ADAPTER,接头,113.64,,,040-0020
20050852,NTE200,ADAPTER,ADAPTER,接头,151.44,,,040-0020
20050890,NTE200,,JOINT,弯头,,,,020-0040
20050891,NTE200,,CLAMP,管夹,,,,050-0090 050-0170
20050914,NTE200,,CLAMP,管夹,,,,050-0090 050-0170
20050916,NTE200,,CLAMP,管夹,,,,090-0140
20050929,NTE200,,ELBOW,弯头,,,,040-0020
20050987,NTE200,,CLIP PIPE,管夹,,,,050-0040
20050995,NTE200,,ADAPTER,接头,,,,040-0010
20050996,NTE200,,JOINT,接头,,,,020-0040
20051012,NTE200,,JOINT,接头,,,,050-0170 080-0000
20051020,NTE200,,ELBOW,弯头,,,,040-0020
20051032,NTE200,,JOINT,接头,,,,050-0170
20051033,NTE200,,TEE,三通,,,,040-0020
20051034,NTE200,,ADAPTER,接头,,,,080-0000
20051035,NTE200,,ADAPTER,接头,,,,080-0000
20051062,NTE200,,TEE,三通,,,,040-0010
20055048,NTE200,GLASS SUPPORT LH,GLASS SUPPORT LH,左玻璃托架 注 号车开始执行,194.97,Кабина,,090-0030
20055049,NTE200,,GLASS SUPPORT RH,右玻璃托架 注 号车开始执行,,,,090-0040
20055052,NTE200,·GLASS - REAR,GLASS-REAR,后窗玻璃,1230.23,Кабина,,090-0010
20055138,NTE200,,TEE,线缆三通,,,,100-0100
20055168,NTE200,,HARNESS-CAB,驾驶室内部线束,,,,090-0010
20055270,NTE200,,SHIELD,护罩,,,,090-0010
20055277,NTE200,,NOZZLE,喷嘴,,,,090-0010
20055419,NTE200,,FILLING BOX,充注箱,,,,100-0030
20055646,NTE200,COVER,COVER ASSEMBLY,盖总成,437.25,,,020-0040
20056518,NTE200,,CAP-HYDRAULIC END A.包括在20046923 NOTE:,液端盖 注 包括在 密封组件中,,,,050-0110
20056520,NTE200,,PISTON,活塞,,,,050-0110
20056521,NTE200,,CAP-GAS END,气端盖,,,,050-0110
20056522,NTE200,,GUARD-GAS VALVE,气阀护罩,,,,050-0110 050-0180
20056548,NTE200,COMB INSTRUMENT,COMB INSTRUMENT,组合仪表,8444.38,Электрооборудование,,090-0050
20056570,NTE200,RADIATOR,RADIATOR,液压油散热器,7043.87,,,050-0240
20056575,NTE200,,TUBE ASSY.,管总成,,,,050-0110
20056576,NTE200,Гидроаккумулятор,ACCUMULATOR,储能器总成,52109.68,,,050-0090 050-0110
20056579,NTE200,•GUIDE SLEEVE,GUIDE SLEEVE,导向套,37679.47,,,070-0020
20056590,NTE200,BALL VALVE,VALVE,球阀,1161.36,,,040-0020
20056688,NTE200,PLATE,PLATE,板,978.5,Кабина,,090-0050
20056822,NTE200,,BRACKET,支架,,,,030-0060
20056846,NTE200,GEAR SHIFT SELECTOR,FNR HADLE,档位手柄,14260.55,Электрооборудование,,090-0050
20056847,NTE200,RAISE CONTROL HANDLE,RAISE HANDLE,举升手柄,13657.23,Электрооборудование,,090-0050
20056863,NTE200,·SEQUENCE VALVE,SEQUENCE VALVE,顺序阀,2257.84,Тормозная система,,050-0210
20056865,NTE200,· REDUCING VALVE,REDUCING VALVE,减压阀,2055.26,Тормозная система,,050-0210
20056866,NTE200,·NEEDLE VALVE,THOTTLE VALVE,节流阀,1854.69,Тормозная система,,050-0210
20057329,NTE200,Brake energy storage device,ACCUMULATOR ASSY,储能器总成,17632.96,Тормозная система,,050-0180 050-0250
20057330,NTE200,,TUBE ASSY. A.包括在20046924 NOTE:,管总成 注 包括在 密封组件中,,,,050-0180
20057331,NTE200,,PISTON,活塞,,,,050-0180
20057332,NTE200,,CAP-GAS END,气端盖,,,,050-0180
20058175,NTE200,,ELECTRIC MANUAL BRACKET,电子手启动器,,,,100-0100
20058176,NTE200,,EMA BRACKET,电子手启动器支架,,,,100-0100
20058177,NTE200,,POWER CABLE,供电线缆,,,,100-0100
20058178,NTE200,,0.91m POWER CABLE WITH FUSE,带保险供电线缆,,,,100-0100
20058180,NTE200,TEE,TEE,检测电路三通,3125.76,,,100-0100
20058226,NTE200,Карданный вал,SHAFT,传动轴,2448.82,,,050-0030
20058459,NTE200,,BRACKET,支架总成,,,,030-0030
20058473,NTE200,BRACKET,BRACKET,支架,473.15,,,020-0110
20058474,NTE200,BRACKET,BRACKET,支架,473.15,,,020-0110
20058477,NTE200,MUD GUARD,MUD GUARD,挡泥板,485.66,,,020-0110
20058478,NTE200,BCAKING PLATE,BCAKING PLATE,压板,221.44,,,020-0110
20058991,NTE200,FRONT SUSPENSION SASSY,FRONT RIDE CYLINDER ASSY,前悬缸总成,238150.81,Передняя ось,,070-0020
20058992,NTE200,SEAL KIT,SEAL KIT.,,11258.19,Передняя ось,,070-0020
20059107,NTE200,BRACKET,BRACKET,支架,174.21,,,030-0190
20059149,NTE200,,CABLE,起动机到发电机电缆,,,,030-0040
20059532,NTE200,,GREEN MESSAGE LABEL,环保信息标签,,,,100-0190
20059910,NTE200,,ELEMENT AND SEAL UNITS (INCLUDE ITEM AND,滤芯组件及密封组件（包括序号005、006、007、,,,,050-0070
20059932,NTE200,STRIP,STRIP,吊带,90.13,,,040-0040
20060237,NTE200,,ASSY,乘员座椅总成,,,,090-0080
20060238,NTE200,,PASSENGER SEAT,乘员座椅,,,,090-0080
20060239,NTE200,,SAFETY BELT,安全带,,,,090-0080
200605,NTE200,,SPOOL ASSY,阀芯总成,,,,050-0130
20061131,NTE200,RUBBER PLATE,RUBBER PLATE,橡胶垫,43.02,,,050-0020
20061132,NTE200,RUBBER PLATE,RUBBER PLATE,橡胶垫,80.05,,,050-0020
20061360,NTE200,PUMP-STATION--,PUMP STATION,泵站（GRACO),130335.24,,,100-0000
20061361,NTE200,PUMP,DYNA-STAR PUMP,泵,76193.43,ЦСС,,100-0005
20061362,NTE200,Клапан сброса давления,VENT VALVE,泄压阀,21070.99,,,100-0005
20061363,NTE200,,GREASE RESERVOIR,油脂桶,,,,100-0005
20061364,NTE200,,˙PLUG,˙堵头,,,,100-0005
20061365,NTE200,,˙NUT,˙螺母,,,,100-0005
20061366,NTE200,,˙SCREW,˙螺钉,,,,100-0005
20061367,NTE200,,˙BREATHER,˙呼吸器,,,,100-0005
20061368,NTE200,,˙GASKET,˙垫圈,,,,100-0005
20061369,NTE200,,˙PAIL,˙桶,,,,100-0005
20061370,NTE200,,˙COVER,˙桶盖,,,,100-0005
20061371,NTE200,,˙PLUG,˙堵头,,,,100-0005
20061372,NTE200,,SCREW,˙螺钉,,,,100-0005
20061373,NTE200,,˙GASKET,˙垫圈,,,,100-0005
20061374,NTE200,,˙WASHER,˙垫片,,,,100-0005
20061375,NTE200,,AUTO-FILL SHUT OFF VALVE,自动充注截止阀,,,,100-0005
20061376,NTE200,,AUTO SHUT OFF VALVE,自动截止阀,,,,100-0005
20061377,NTE200,,˙DIAPHRAGM,˙隔板,,,,100-0005
20061378,NTE200,,˙TUBE,˙管子,,,,100-0005
20061379,NTE200,,˙CONNECTOR,˙接头,,,,100-0005
20061380,NTE200,˙BOLT---,˙BOLT,˙螺栓,1220.09,,,100-0005 100-0020
20061381,NTE200,,˙SEAL,˙密封垫,,,,100-0005 100-0020
20061382,NTE200,,LABEL,标签,,,,100-0005 100-0020
20061383,NTE200,,LABEL,标签,,,,100-0005 100-0020
20061384,NTE200,,LABEL,标签,,,,100-0005 100-0020
20061385,NTE200,LOW LEVEL,LOW LEVEL,低油位传感器,,,,100-0005 100-0020
20061386,NTE200,SWITCH,˙SWITCH,˙低油位开关,,,,100-0005 100-0020
20061387,NTE200,,˙COVER,˙帽,,,,100-0005 100-0020
20061388,NTE200,,"˙O ˙O-RING A． B． NOTE: A. THE FOLLOWING ITEMS WITH ARE CHILD PARTS. B. THE NUMBER OF PUMP STATION IS 20061360,IT CONTAINS ALL OF THE ABOVE PARTS.",形圈 注  带的连续几项为该件子件  泵站总成的件号为包含以上所有零部件,,,,100-0005 100-0020
20061389,NTE200,,O O–RING,形圈,,,,100-0020
20061468,NTE200,,ONLY.,,,,,100-0020
20061469.,NTE200,,,,,,,100-0020
20061470.,NTE200,,,,,,,100-0020
20061471,NTE200,,GEAR BOX,齿轮箱,,,,100-0010
20061472,NTE200,,KIT(PUMP ADAPTER),配件包（泵适配器）,,,,100-0010
20061473,NTE200,,TUBE-IN-TUBE,管中管,,,,100-0010
20061474,NTE200,,SCREW,螺钉,,,,100-0010
20061475,NTE200,,GASKET,垫圈,,,,100-0010
20061476,NTE200,,SCREW,螺钉,,,,100-0010
20061477,NTE200,,PIN,销,,,,100-0010
20061478,NTE200,,RETAINING SPRING,固定弹簧,,,,100-0010
20061479,NTE200,,GASKET,垫圈,,,,100-0010
20061582,NTE200,,OUTLET ADAPTER,出口适配器,,,,100-0010
20061583,NTE200,,O O-RING,形圈,,,,100-0010
20061584,NTE200,,SCREW,螺钉,,,,100-0010
20061585,NTE200,,LABEL,标签,,,,100-0010
20061586,NTE200,,PLUG,塞,,,,100-0010
20061587,NTE200,,PRESSURE RELIEF VALVE,压力释放阀,,,,100-0010
20061588,NTE200,,VENT VALVE KIT,泄压阀配件包,,,,100-0010
20061589,NTE200,,MOTOR REPLACEMENT KIT,马达更换配件包,,,,100-0010
20061590,NTE200,,LABEL,标签,,,,100-0010
20061591,NTE200,,LABEL,标签,,,,100-0010
20061592,NTE200,,CONNECTOR KIT,接头配件包,,,,100-0010
20061593,NTE200,,PUMP LOWER ASSEMBLY,泵下部组件,,,,100-0010
20061594,NTE200,,GEAR BOX HOUSING,齿轮箱壳体,,,,100-0010
20061595,NTE200,,CONNECTING ROD,连接杆,,,,100-0010
20061596,NTE200,,GEAR BOX TO PUMP BRACKET,齿轮箱到泵支架,,,,100-0010
20061597,NTE200,,SCREW,螺钉,,,,100-0010
20061598,NTE200,,BOLT,螺栓,,,,100-0010
20061599,NTE200,,O O-RING PACKING,形圈封装,,,,100-0010
20061600,NTE200,,GEAR,齿轮,,,,100-0010
20061601,NTE200,,RETAINING INTERNAL RING,内部定位环,,,,100-0010
20061602,NTE200,,GEAR HOUSING,齿轮箱,,,,100-0010
20061603,NTE200,,SCREW,螺钉,,,,100-0010
20061604,NTE200,,CONTROL BOARD,控制面板,,,,100-0010
20061605,NTE200,,CONTROL BOX COVER SEAL,控制箱盖密封,,,,100-0010
20061606,NTE200,,CONTROL BOX COVER,控制箱盖,,,,100-0010
20061607,NTE200,,O O-RING PACKING,形圈封装,,,,100-0010
20061608,NTE200,,MOTOR,马达,,,,100-0010
20061609,NTE200,,LOCK WASHER,锁紧垫圈,,,,100-0010
20061610,NTE200,,SCREW,螺钉,,,,100-0010
20061611,NTE200,,COVER,盖,,,,100-0010
20061613,NTE200,,BOLT,螺栓,,,,100-0010
20061614,NTE200,,RING,环,,,,100-0010
20061615,NTE200,,NUT,螺母,,,,100-0010
20061616,NTE200,,WASHER,垫圈,,,,100-0010
20061617,NTE200,,NUT,螺母,,,,100-0010
20061618,NTE200,,U U-CUP PACKING,形杯封装,,,,100-0010
20061619,NTE200,,CYLINDER,气缸,,,,100-0010
20061620,NTE200,,CYLINDER,气缸,,,,100-0010
20061621,NTE200,,GASKET,垫圈,,,,100-0010
20061622,NTE200,,SEAL,密封,,,,100-0010
20061623,NTE200,,CYLINDER,气缸,,,,100-0010
20061624,NTE200,,O O-RING,形圈,,,,100-0010
20061625,NTE200,,SEAL,密封,,,,100-0010
20061626,NTE200,,DISPLACEMENT ROD,位移杆,,,,100-0010
20061627,NTE200,,PISTON ROD,活塞杆,,,,100-0010
20061628,NTE200,,PISTON SEAL,活塞密封件,,,,100-0010
20061629,NTE200,,ROD,连杆,,,,100-0010
20061630,NTE200,,PISTON,活塞,,,,100-0010
20061631,NTE200,,"PIN,",销,,,,100-0010
20061756,NTE200,,TEE,三通,,,,100-0000
20061759,NTE200,CONTROLLER,CONTROLLER,控制器,13858.1,ЦСС,,100-0000
20061761,NTE200,,CONNECTOR,活接头,,,,100-0000
20061762,NTE200,,CONNECTOR,隔板接头,,,,100-0000
20061763,NTE200,,TEE,三通,,,,100-0000
20061765,NTE200,,OIL EJECTOR SL-1-3,注油器GL-1-3,,,,100-0000
20061767,NTE200,,CONNECTOR,接头,,,,100-0000
20061768,NTE200,Инжектор ЦСС GL1-4,OIL EJECTOR SL-1-4,注油器GL-1-4,17271.39,ЦСС,,100-0000
20061769,NTE200,Масляная форсунка ЦСС,OIL EJECTOR SL-1-2,注油器GL-1-2,5989.71,ЦСС,,100-0000
20061770,NTE200,,CONNECTOR,对接头,,,,100-0000
20061771,NTE200,,PLUG,堵头,,,,100-0000
20061773,NTE200,Адаптер,CONNECTOR,接头,67.08,,,100-0000
20061970,NTE200,,CONNECTOR,接头,,,,100-0000
20061971,NTE200,,CONNECTOR,接头,,,,100-0000
20061972,NTE200,Реле давления,PRESSURE SWITCH,压力开关,2436.6,,,100-0000
20062030,NTE200,·GUIDE SLEEVE,GUIDE SLEEVE,导向套,57376.48,,,070-0070
20062223,NTE200,,PLATE,板,,,,050-0020
20062224,NTE200,PIN,PIN,销轴,5995.49,Рулевое управление,,070-0030
20062225,NTE200,PLATE,PLATE,压板,181.73,,,070-0030
20062226,NTE200,PIN,PIN,销轴,5995.49,Рулевое управление,,070-0030
20062228,NTE200,,YOKE-LEFT THREAD,叉头（左旋）,,,,070-0030
20062231,NTE200,WINDOW-SHADES,WINDOW-SHADES,电动百叶窗,51791.93,,,100-0260
20062241,NTE200,CHARGED MIRROR,CHARGED MIRROR,电加热平面镜,2698.69,,,090-0150
20062243,NTE200,CHARGED MIRROR,CHARGED MIRROR,电加热凸面镜,2588.99,,,090-0160
20062250,NTE200,WHEEL CHOCK,WHEEL CHOCK,车轮掩块,7910.65,,,100-0250
20062264,NTE200,BRACKET,BRACKET,支架,424.02,,,040-0070 100-0170
20062265,NTE200,TUBE,TUBE,管,1502.7,,,040-0070 100-0170
20062266,NTE200,TUBE,TUBE,管,1534.89,,,040-0070 100-0170
20062267,NTE200,MIRROR BRACKET,MIRROR BRACKET,镜支架,2476.61,,,090-0150
20062269,NTE200,,PLATE,板,,,,100-0270
20062270,NTE200,,HEATER MTG BRACKET,加热器安装架,,,,100-0270
20062274,NTE200,,HEATER,加热器,,,,100-0270
20062275,NTE200,,SWITCH,开关,,,,100-0270
20062276,NTE200,,AIR PIPE,进气管,,,,100-0270
20062277,NTE200,HEATER ASSM,HEATER ASSY,加热器总成,15769.94,,,100-0270
20062278,NTE200,,EXHAUST PIPE,排气管,,,,100-0270
20062281,NTE200,,FUEL HOSE,油管,,,,100-0270
20062282,NTE200,,FUEL PUMP,油泵,,,,100-0270
20062312,NTE200,,HEATER DIESEL TANK,加热器柴油箱,,,,100-0270
20062389,NTE200,HARNESS REAR LAMP,BRIDGEBOX LIGHT HARNESS,桥箱灯线束,425.82,Электрооборудование,,030-0020
20062391,NTE200,HARNESS ENGINE STAR,ENGINESTART HARNESS,发动机起动线束,556.5,Электрооборудование,,030-0020
20062392,NTE200,HARNESS SHAUTTER,SHADE HARNESS,百叶窗线束,535.64,Электрооборудование,,030-0020
20062719,NTE200,,BRACKET-COMPRESSOR,压缩机支架,,,,090-0140
20062720,NTE200,,HOOD,压缩机护罩,,,,090-0140
20062721,NTE200,,PLATE,板,,,,090-0140
20062748,NTE200,электропривод жалюзи радиатора,ELECTRIC POLE,电动推杆,17442.04,Cummins,,100-0260
20062807,NTE200,,SCREEN,风口,,,,100-0270
20062829,NTE200,,BASE SEAL,密封垫,,,,100-0270
20062830,NTE200,,HEATER HARNESS,加热器线束,,,,100-0270
20062831,NTE200,,PUMP HARNESS,油泵线束,,,,100-0270
20062832,NTE200,Топливный фильтр отопителя,FILTER,油滤,112.64,Фильтр,,100-0270
20063046,NTE200,,YOKE-RIGHT THREAD,叉头（右旋）,,,,070-0030
20063054,NTE200,,PLATE,螺纹垫板,,,,030-0020
20063219,NTE200,SEAL KIT,SEAL KIT.,,11657.83,Задний мост,,070-0070
20064092,NTE200,,BRACKET ASSY,支架总成,,,,050-0040 050-0090 050-0170
20064137,NTE200,,BRACKET ASSY,支架总成,,,,050-0170
20064288,NTE200,,BRACKET,支架总成,,,,050-0090
20064339,NTE200,,BRACKET,支架总成,,,,050-0090
20064417,NTE200,,BRACKET,支架总成,,,,050-0240
20064422,NTE200,,BRACKET ASSY,支架总成,,,,050-0170
20064504,NTE200,,BRACKET ASSY,支架总成,,,,020-0110
20064587,NTE200,,PIN,销,,,,020-0010
20064589,NTE200,,PERSS PLATE,压板,,,,020-0010
20064624,NTE200,,SUPPORT,支座,,,,020-0010
20064625,NTE200,,PERSS PLATE,压板,,,,020-0010
20064646,NTE200,Сиденье водителя в сборе,"SEAT ASSY BACKREST ASSY ,LH,",座椅总成 靠背总成,46421.68,,,090-0070
20064665,NTE200,,CONTROL TOWER ASSEMBLY,操纵塔总成,,,,090-0020
20064671,NTE200,,ADAPTOR,接头,,,,090-0140
20064672,NTE200,shock pad,SHOCK PAD,减震垫,97.95,,,020-0010
20064703,NTE200,,VALVE,测压阀块,,,,050-0170
20064704,NTE200,,STEERING VALVE,转向阀块,,,,050-0090 050-0150
20064705,NTE200,FOOT BRAKE VALVE,PEDAL VALVE,脚制动阀,32306.72,,,050-0170 050-0190
20064714,NTE200,,BRACKET,支架总成,,,,020-0040
20064752,NTE200,,BRACKET,支架总成,,,,040-0010
20065044,NTE200,Трубка тормозная,PARKING BRAKES,驻车制动器钢管,578.15,,,080-0010
20065045,NTE200,Трубка тормозная,SERVICE BRAKES,行车制动器钢管,592.37,,,080-0010
20065046,NTE200,Трубка тормозная,SERVICE BRAKES,行车制动钢管,692.43,,,080-0010
20065061,NTE200,Spherical Plain Bearing,BEARING JOINT,关节轴承,1447.99,,,070-0040
20065062,NTE200,respirator,BREATHER,呼吸器,928.75,Гидравлическая система,,050-0020
20065067,NTE200,Dust ring,DUST RING,防尘环,591.97,,,070-0070
20065070,NTE200,,ELEMENT ASSY,滤芯总成,,,,050-0010
20065080,NTE200,pin shaft,PIN,销,8870.12,,,070-0070
20065082,NTE200,Подшипник,BEARING,轴承,3634.39,,,070-0070
20065151,NTE200,,PLATE,板,,,,090-0050
20065294,NTE200,,PLATE,开关板,,,,090-0050
20065463,NTE200,,BINDING ADMIXTURE NOTE: ITEM AND MAINTENANCE,粘结剂 注 序号 无图示用于序号 与车架中横梁详见维修手册说明,,,,070-0040
20065464,NTE200,,STEM SCREW,螺杆,,,,070-0040
20065465,NTE200,,HANDLE,手柄,,,,070-0040
20065466,NTE200,,PIN LOCATING,挡板,,,,070-0040
20065503,NTE200,,FRONT HOOD LH,左前护罩,,,,040-0040
20065504,NTE200,,VALVE,球阀,,,,040-0010
20065520,NTE200,pin shaft,PIN ROLL,销轴,8164.7,,,070-0040
20065591,NTE200,,NIPPLE JOINT,螺纹接管,,,,050-0020
20065592,NTE200,,FILTER ASSY,压力过滤器,,,,050-0040 050-0090
20065593,NTE200,Filter Core Assembly,LOW PRESSURE OIL FILTER ASSY,低压过滤器总成,6307.28,Фильтр,,050-0010 050-0020
20065598,NTE200,,BRACKET,流量放大器支架,,,,050-0090
20065599,NTE200,,HOOD SENSOR,传感器护罩,,,,050-0020
20065626,NTE200,,STOPPER,挡块,,,,070-0070
20065671,NTE200,Пусковое реле,MAGNETIC SWITCH,启动继电器,1600.08,,,030-0200
20066150,NTE200,BLOCK - MULTIPLE,BLOCK MULTIPLE,多路块,5951.36,,,050-0040
20066151,NTE200,,SEAT-PIPE CLIP,管夹座,,,,050-0040
20066212,NTE200,,RUBBING BUSHING,橡胶衬套,,,,050-0030
20066266,NTE200,,GASKET,垫片,,,,050-0030
20066307,NTE200,,GUIDE,滑轨,,,,050-0090
20066326,NTE200,,BRACKET,支架,,,,030-0030 090-0140
20066332,NTE200,,BOX,箱体,,,,090-0100
20066333,NTE200,,DEFROST FLAP,除霜风门,,,,090-0100
20066334,NTE200,,DRIVER FLAP,吹面风门,,,,090-0100
20066335,NTE200,,THERMOSTAT-AIR,回风温度传感器,,,,090-0100
20066336,NTE200,,ACTUATOR,执行器,,,,090-0100
20066693,NTE200,,REAR DOOR-LH,左后门,,,,090-0010
20066694,NTE200,,REAR DOOR-RH,右后门,,,,090-0010
20066696,NTE200,,EXTINGUISHER,灭火器,,,,090-0010
20066697,NTE200,,HARNESS,电缆总成,,,,030-0200
20066700,NTE200,,CONTROL TOWER WELD,操纵塔焊接,,,,090-0020
20066706,NTE200,,BRACE REAR AXLE,后桥拉杆,,,,070-0040
20066715,NTE200,Barrier ring,RING RETAINER,挡环,268.58,,,070-0040
20066719,NTE200,Контроллер,CAMERA,环场影响组件,15930.55,,,100-0230
20067096,NTE200,,STRIKER,锁柱,,,,090-0010
20067097,NTE200,LOCK,DOOR LOCK-LH,左门锁,1030.74,Кузов,,090-0030
20067098,NTE200,LOCK,DOOR LOCK-RH,右门锁,1030.74,Кузов,,090-0040
20067147,NTE200,#N/A,INTERIOR LAMP,室内灯,747.94,Кабина,,090-0010
20067185,NTE200,,SLIDE RAIL-UPPER,上导轨总成,,,,090-0030
20067186,NTE200,,SLIDE RAIL-LOWER,下导轨总成,,,,090-0030
20067187,NTE200,Стекло двери,DOOR GLASS,门玻璃,1571.43,Кабина,,090-0030 090-0040
20067189,NTE200,,SLIDE RAIL-UPPER,上导轨总成,,,,090-0040
20067190,NTE200,,SLIDE RAIL-LOWER,下导轨总成,,,,090-0040
20067222,NTE200,,NAMEPLATE,铭牌,,,,100-0030
20067228,NTE200,,NAMEPLATE,铭牌,,,,100-0030
20067229,NTE200,,NAMEPLATE,铭牌,,,,100-0030
20067350,NTE200,HORN,HORN,双音蜗牛喇叭,484.69,,,030-0180
20067510,NTE200,,BOLT,螺栓,,,,040-0070 100-0170
20067512,NTE200,,ADAPTER,接头,,,,050-0020
20067513,NTE200,,NUT,视窗螺母,,,,020-0040 050-0020
20067532,NTE200,,Lamp,配电箱灯,,,,030-0200
20067535,NTE200,,CABLE ASM,驾驶室接地电缆总成,,,,030-0200
20068156,NTE200,,ADAPTER,接头,,,,040-0010
20068157,NTE200,,VALVE,球阀,,,,040-0010
20068166,NTE200,Barrier ring,RING RETAINER,挡环,248.19,,,070-0040
20068167,NTE200,KEYSTOPPING,KEY STOPPING,止动键,,,,070-0040
20068168,NTE200,,COVER ASSY,盖总成,,,,070-0040
20068253,NTE200,,TUBE ASSY,钢管总成,,,,050-0040
20068334,NTE200,Клапан,AMPLIFIER,流量放大器,36522.87,Гидравлическая система,,050-0090
20068386,NTE200,,BRACKET,支架,,,,030-0030
20068426,NTE200,,"CLOTH COVER,IPS,HEAT BACKREST",•靠背,,,,090-0070
20068427,NTE200,,COVER-CLOTH IPS-AIR LUMBAR,•腰部支撑,,,,090-0070
20068428,NTE200,,CHAMBERS,,,,,090-0070
20068429,NTE200,,"HEADREST ASSY,CLOTH PLASTIC SHOULDER",头枕 安全带支架,,,,090-0070
20068430,NTE200,,"BELT COVER LH SEAT BELT ASM,",点安全带,,,,090-0070
20068431,NTE200,Ремень безопастности,"POINT,LH BLACK SHOULDER BOLTS FOR",螺栓,1858.55,,,090-0070
20068432,NTE200,,BACKREST,,,,,090-0070
20068433,NTE200,,CUSHION GLIDES,坐垫滑轨,,,,090-0070
20068434,NTE200,,"SEAT BELT RETRACTOR SIDECOVER RH,",安全带插头 右侧护盖,,,,090-0070
20068435,NTE200,,OPPOSITE CONTROLS LOWER BACKREST,靠背锁止组件,,,,090-0070
20068436,NTE200,,"LOCKING, LH,BOLT HANDLE FOR BACKREST",靠背调节手柄,,,,090-0070
20068437,NTE200,,ADJ,,,,,090-0070
20068438,NTE200,,SIDECOVER LH,左侧护盖,,,,090-0070
20068439,NTE200,,HEATER SWITCH,加热开关,,,,090-0070
20068440,NTE200,,IPS-VALVE LH ADJUSTMENT FOR,左腰部支撑阀,,,,090-0070
20068441,NTE200,SHOCK ABSORBER,"SHOCK ABSORBER, LH ADJUSTMENT FOR",减震调节手柄,,,,090-0070
20068442,NTE200,,INCLINATION ADJUSTMENT,角度调节装置,,,,090-0070
20068443,NTE200,Клапан регулировки по весу и высоте,VALVE FOR WEIGHT AND HEIGHT,重量高度调节阀,1708.83,,,090-0070
20068444,NTE200,,FRONT COVER,前盖,,,,090-0070
20068445,NTE200,,"REAR COVER SHOCK ABSORBER,",后盖,,,,090-0070
20068446,NTE200,damper cylinder,ADJ.,减震缸,928.2,,,090-0070
20068447,NTE200,Подушка сиденья,AIR SPRING,减震气囊,4209.93,,,090-0070
20068448,NTE200,Компрессор сиденья,COMPRESSOR 24V,压缩机,6269.39,,,090-0070
20068449,NTE200,,RELAY,继电器,,,,090-0070
20068450,NTE200,,BELLOWS BELLOW,波纹护罩,,,,090-0070
20068451,NTE200,,FASTENERS,护罩固定件,,,,090-0070
20068452,NTE200,,SLIDE SET,滑道,,,,090-0070
20068453,NTE200,,SLIDE HANDLE,滑道手柄,,,,090-0070
20068454,NTE200,,"CLOTH COVER, HEAT CLOTH COVER FOR",•坐垫,,,,090-0070
20068455,NTE200,,SEAT CUSHION HANDLE SEAT CUSHION,•坐垫调节手,,,,090-0070
20068456,NTE200,,ADJ.,柄,,,,090-0070
20068457,NTE200,,ARMREST KIT-LH,左扶手,,,,090-0070
20068458,NTE200,,ARMREST KIT-RH,右扶手,,,,090-0070
20068459,NTE200,,WIRE CONNECTOR KIT,线束插头,,,,090-0070
20068477,NTE200,,REAR DOOR LOCK,后门锁,,,,090-0010
20068478,NTE200,,HAMMER,逃生锤,,,,090-0010
20068562,NTE200,,POWER MODE,电源模块,,,,090-0050
20068563,NTE200,,POWER SOCKET,电源接口12V,,,,090-0050
20068564,NTE200,,RJ45 RJ45,接口,,,,090-0050 100-0120
20068659,NTE200,,GROUND CABLE,接地电缆总成,,,,030-0020
20068660,NTE200,,GROUND CABLE,接地电缆总成,,,,030-0020
20068806,NTE200,,BRACKET-HORN,喇叭支架,,,,030-0180
20068808,NTE200,,WIRE,线束,,,,040-0020
20069172,NTE200,,CROSS,专用四通,,,,100-0100
20069432,NTE200,,SHADE,信息复位灯罩,,,,100-0120
20069500,NTE200,,SILENCER,消音器,,,,040-0070 100-0170
20069867,NTE200,,BRACKET,支架,,,,040-0020
20069894,NTE200,,REAR DOOR SEAL-LH,左后门密封条,,,,090-0010
20069895,NTE200,,REAR DOOR SEAL-RH,右后门密封条,,,,090-0010
20069896,NTE200,,HINGE A,铰链A,,,,090-0010
20069897,NTE200,,HINGE B,铰链B,,,,090-0010
20069900,NTE200,,HARNESS-SWITCH,驾驶室顶部线束,,,,090-0010
20069991,NTE200,,BRACKET,支架,,,,090-0010
20070004,NTE200,РВД,HOSE ASSY,软管总成,2819.05,,,090-0140
20070024,NTE200,,COVER PLATE FR,前盖板,,,,090-0100
20070025,NTE200,,FILTER COVER,滤芯盖板,,,,090-0100
20070152,NTE200,,BRACKET,支架,,,,040-0040 040-0070 100-0170
20070153,NTE200,,CLIP,夹子,,,,040-0040 040-0070 100-0170
20070199,NTE200,,HEATER,加热器,,,,210-0413
20070200,NTE200,,BREASTPLATE,标牌,,,,020-0040
20070201,NTE200,,PLUG SCREW,螺塞,,,,020-0040
20070202,NTE200,,VALVE,单向阀,,,,020-0040
20070203,NTE200,,CONICAL TUBE,锥管,,,,020-0040
20070210,NTE200,,BRACKET,支架,,,,040-0040
20070485,NTE200,,PAD PAD,,,,,100-0100
20070486,NTE200,,CONTROLLER,控制盒,,,,100-0100
20070487,NTE200,,PLATE,控制盒支架,,,,100-0100
20070488,NTE200,,ICM ICM,,,,,100-0100
20070489,NTE200,,ICM ICM BATTERY,电池,,,,100-0100
20070490,NTE200,,CABLE,探测回路连接线（3.05m）,,,,100-0100
20070491,NTE200,,CABLE,释放回路连接线（3.05m）,,,,100-0100
20070492,NTE200,,CABLE,探测回路连接线（1.53m）,,,,100-0100
20070493,NTE200,,CABLE,探测回路连接线（6.10m）,,,,100-0100
20070494,NTE200,,RELAY CABLE,继电器连接线,,,,100-0100
20070495,NTE200,,RELAY CABLE,继电器线,,,,100-0100
20070496,NTE200,,AA HOSE AA,软管,,,,100-0100
20070497,NTE200,,BB HOSE BB,软管,,,,100-0100
20070498,NTE200,,CC HOSE CC,软管,,,,100-0100
20070499,NTE200,,AH HOSE AH,软管,,,,100-0100
20070501,NTE200,,AH11 HOSE AH11,软管,,,,100-0100
20070502,NTE200,,AH12 HOSE AH12,软管,,,,100-0100
20070504,NTE200,,AH21 HOSE AH21,软管,,,,100-0100
20070505,NTE200,,AH22 HOSE AH22,软管,,,,100-0100
20070507,NTE200,,AH31 HOSE AH31,软管,,,,100-0100
20070508,NTE200,,AH32 HOSE AH32,软管,,,,100-0100
20070509,NTE200,,BH HOSE BH,软管,,,,100-0100
20070511,NTE200,,BH11 HOSE BH,软管,,,,100-0100
20070512,NTE200,,BH12 HOSE BH,软管,,,,100-0100
20070514,NTE200,,BH21 HOSE BH21,软管,,,,100-0100
20070515,NTE200,,BH22 HOSE BH,软管,,,,100-0100
20070517,NTE200,,BH31 HOSE BH31,软管,,,,100-0100
20070518,NTE200,,BH32 HOSE BH32,软管,,,,100-0100
20070519,NTE200,,CH HOSE CH,软管,,,,100-0100
20070521,NTE200,,CH11 HOSE CH11,软管,,,,100-0100
20070522,NTE200,,CH12 HOSE CH12,软管,,,,100-0100
20070524,NTE200,,CH21 HOSE CH21,软管,,,,100-0100
20070525,NTE200,,CH22 HOSE CH22,软管,,,,100-0100
20070528,NTE200,,CH31 HOSE CH31,软管,,,,100-0100
20070529,NTE200,,CH32 HOSE CH32,软管,,,,100-0100
20070530,NTE200,,CABLE,电缆,,,,100-0100
20070596,NTE200,Фильтр тормозной линии,FILTER,过滤器,5185.61,Фильтр,,050-0170
20070636,NTE200,Контроллер,ACCA CONTROLLER,控制器,133324.03,Электрооборудование,,100-0120
20070637,NTE200,Дисплей,ACCA ACCA DISPLAY,显示器,166556.93,Электрооборудование,,100-0120
20070640,NTE200,Датчик наклона,ACCA SENSOR,倾角传感器,18342.61,,,100-0120
20070641,NTE200,Датчик давления,ACCA SENSOR,压力传感器,2060.25,,,100-0120
20070711,NTE200,,PLATE,板,,,,090-0050
20070981,NTE200,,C C-NOZZLE,型喷头,,,,100-0100
20071022,NTE200,,HOOD FRONT,前护罩,,,,040-0040
20071023,NTE200,,FRONT HOOD RH,右前护罩,,,,040-0040
20071024,NTE200,T clamp,T T-CLIP,夹子,238.17,,,040-0040
20071436,NTE200,Сдвоенный насос,PUMP,齿轮泵,44974.97,Гидравлическая система,,050-0030 050-0050
20071502,NTE200,,BRACKET,支架,,,,030-0020
20071531,NTE200,,PLATE,板,,,,050-0030
20071534,NTE200,,ADAPTOR,隔板接头,,,,050-0090 050-0170
20071535,NTE200,Манометр,GUAGE,压力表,680.05,Гидравлическая система,,050-0090 050-0170
20071757,NTE200,,HARNESS-A/C,空调控制面板线束,,,,090-0010
20071782,NTE200,Кондиционер,A/C&HEATER UNIT,空调主机,15356.71,,,090-0100 090-0140
20071783,NTE200,,HARNESS,线束,,,,090-0100
20071784,NTE200,Панель управления,CONTROL PANEL,控制面板,1570.97,Электрооборудование,,090-0100
20071787,NTE200,,ADAPTOR,接头,,,,090-0100
20071788,NTE200,,HOSE,软管,,,,090-0100
20072000,NTE200,Фильтр кондиционера,FILTER ELEMENT,回风滤芯,359.91,Фильтр,,090-0100
20072077,NTE200,Лампа,BACKUP LIGHT,倒车灯/后照灯,521.21,,,030-0060
20072078,NTE200,Фара ближнего света,DIPPED HEADLIGHT,近光灯,1099.36,Электрооборудование,,030-0060
20072802,GE,,POSITIVE IGBT,正极IGBT模块,,,,600-0040-200
20072803,GE,,NEGATIVE IGBT,负极IGBT模块,,,,600-0040-200
20072900,NTE200,,FRAME ASSY,车架总成,,,,020-0000
20072952,NTE200,,PLATE,板,,,,090-0050 100-0120
20073558,NTE200,,CABLE ASM,供电电缆总成,,,,030-0200
20073910,NTE200,,CAB ASSY,驾驶室总成,,,,090-0010
20073911,NTE200,,CAB WELDMENT ASSY,驾驶室焊接总成,,,,090-0010
20073922,NTE200,,FLOORMAT,地板垫,,,,090-0010
20073930,NTE200,,SEAL,密封条,,,,090-0010
20073937,NTE200,,LINKAGE,连杆,,,,020-0010
20073941,NTE200,,COVER,盖,,,,020-0010
20074392,NTE200,,BRACKET,支架总成,,,,050-0240
20074643,NTE200,CALIPER,CALIPER，BRAKE,制动钳,39626.36,,,080-0000
20074645,NTE200,,SHIM- BRAKE,调隙片,,,,080-0000
20074648,NTE200,,ANGLE BRAKET,角钢,,,,080-0000
20074762,NTE200,,BRACKET,支架总成,,,,050-0240
20074865,NTE200,,TUBE,钢管总成,,,,050-0170
20074866,NTE200,,TUBE,钢管总成,,,,050-0170
20074867,NTE200,,TUBE,钢管总成,,,,050-0170
20074868,NTE200,,TUBE,钢管总成,,,,050-0170
20074893,NTE200,,TUBE ASSY,钢管总成,,,,050-0090
20074915,NTE200,,TUBE ASSY,钢管总成,,,,050-0040
20074916,NTE200,,TUBE ASSY,钢管总成,,,,050-0040
20074919,NTE200,,BRACKET FILTER,过滤器支架,,,,050-0040
20075203,NTE200,,STRAP OIL TANK,油箱捆带,,,,050-0020
20075217,NTE200,,TUBE,钢管总成,,,,050-0170
20075229,NTE200,,BACKFLOW PREVENTION PLATE,防回流板,,,,210-0423
20075230,NTE200,,BACKFLOW PREVENTION PLATE,防回流板,,,,210-0423
20075231,NTE200,,BACKFLOW PREVENTION PLATE,防回流板,,,,210-0423
20075232,NTE200,,BACKFLOW PREVENTION PLATE,防回流板,,,,210-0423
20075370,NTE200,,TANK CAP,油箱盖,,,,100-0270
20075421,NTE200,,ADAPTOR,接头,,,,050-0090 050-0170
20075435,NTE200,,PLATE,诊断板,,,,090-0050
20075496,NTE200,,BRACKET ASSY,支架总成,,,,050-0170
20075559,NTE200,,PERSS PLATE,压板,,,,020-0010
20075560,NTE200,,PERSS PLATE,压板,,,,020-0010
20075561,NTE200,,LINKAGE,连杆,,,,020-0010
20075617,NTE200,,FUSE,保险,,,,100-0270
20075618,NTE200,,OIL EXTRACTOR,取油器,,,,100-0270
20075619,NTE200,,HOSE CONNECT KIT,油路连接包,,,,100-0270
20075620,NTE200,,CLAMP KIT,卡箍包,,,,100-0270
20076004,NTE200,return pipe,HOSE,溢流管,1002.82,,,100-0000
20076199,NTE200,,CLAMP,电缆夹,,,,100-0230
20076290,NTE200,,PIPE,弯接管,,,,040-0020
20076293,NTE200,,R1/2—1 CONNECTOR NPT3/4—1,对丝   对,,,,100-0000
20076294,NTE200,,CONNECTOR,丝,,,,100-0000
20076503,NTE200,Фара,LED LED LIGHT 27W,灯-27W,1114.29,Электрооборудование,,030-0060
20076515,NTE200,,TEE,专用三通,,,,100-0100
20076516,NTE200,,JOINT,接头,,,,100-0100
20076603,NTE200,steel pipe,TUBE-STEEL,钢管,468.9,,,080-0000
20076604,NTE200,steel pipe,TUBE-STEEL,钢管,304.38,,,080-0000
20076605,NTE200,steel pipe,TUBE-STEEL,钢管,438.06,,,080-0000
20076634,NTE200,Светодиодный дисплей,LED DISPLAY,称重LED 屏,26605.41,Электрооборудование,,100-0120
20076635,NTE200,,BRACKET,称重LED 显示器支架1,,,,100-0120
20076636,NTE200,,BRACKET,称重LED 显示器支架2,,,,100-0120
20076685,NTE200,,HARNESS,燃油含水线束,,,,030-0020
20076718,NTE200,,PARTITION,隔板,,,,040-0020
20076883,NTE200,,PLATE,垫块,,,,050-0090
20076921,NTE200,Шланг,HOSE,软管,87.47,,,040-0020
20077286,NTE200,,NPT 1/8—M14 CONNECTOR,对丝,,,,100-0000
20078077,NTE200,,SPACER RIM,轮辋隔圈,,,,150-0010
20078078,NTE200,Распорный клин,CLIP RIM,轮辋夹子,610.74,,,150-0010
20078198,NTE200,,BRACKET ASSY,支架总成,,,,050-0170
20078306,NTE200,fuel tank,TANK ASSY,燃油箱总成,63474.9,,,020-0040
20079356,NTE200,Фара ближнего света,DIPPED HEADLIGHT,近光灯,5514.29,Электрооборудование,,030-0060
20079357,NTE200,Фара дальнего света,HIGH BEAM,远光灯,5514.29,Электрооборудование,,030-0060
20079820,NTE200,,BRACK VALUE,制动阀块,,,,050-0210 050-0250
20080072,NTE200,Противотуманный фонарь,FOG LAMP,雾灯,6619.41,Электрооборудование,,030-0060
20080260,NTE200,,WIPER KIT,雨刷器组件,,,,090-0010
20080264,NTE200,,WIPER BLADE,雨刷片,,,,090-0010
20080265,NTE200,,WIPER ARM,雨刷臂,,,,090-0010
20080266,NTE200,Мотор стеклоочистителя NTE200/240,WIPER MOTOR,雨刷电机,2238.22,,,090-0010
20080267,NTE200,ROD ASSY,ROD ASSY,连杆总成,,,,090-0010
20080457,NTE200,Уплотнение,SEAL-KIT,密封包,2547.11,Гидравлическая система,,050-0050
20080605,NTE200,Retaining Ring,CIRCLIP,卡簧,448.59,,,070-0070
20081710,NTE200,,BRACKETR,蓄能器支架,,,,050-0250
20081711,NTE200,,BRACKETR,蓄能器支架,,,,050-0250
20082356,NTE200,,BEND PLATE,板总成,,,,020-0030
20082466,NTE200,Корпус воздушного фильтра,CAB AIR PRESSURIZER,驾驶室增压器,27784.46,,,210-0920
20082467,NTE200,,RUBBER ELBOW,橡胶弯头,,,,210-0920
20083119,NTE200,,VALUE BODY,阀体,,,,050-0210
20083120,NTE200,,REVERSING VALVE,换向阀,,,,050-0210
20083121,NTE200,Клапан,SOLENOID VALVE,电磁阀,2862.71,,,050-0210
20083122,NTE200,,SHUTTLE VALVE,梭阀,,,,050-0210
20083123,NTE200,Клапан,SOLENOID VALVE,电磁换向阀,3031.4,Тормозная система,,050-0210
20083124,NTE200,Обратный клапан,CHECK VALWE,单向阀,1222.75,Тормозная система,,050-0210
20083127,NTE200,,COIL,线圈,,,,050-0210
20083128,NTE200,,COIL,线圈,,,,050-0210
20083129,NTE200,,SEALING ELEMENT,密封包,,,,050-0210
20083183,NTE200,,GASKET,调隙片5mm,,,,020-0010
20083184,NTE200,,GASKET,调隙片10mm,,,,020-0010
20083185,NTE200,,GASKET,调隙片3mm 序号 数量按需,,,,020-0010
20083718,NTE200,snap ring,CIRCLIP,卡簧,504.67,,,070-0070
20083933,NTE200,,TUBE ASSY,钢管总成,,,,050-0090
20083934,NTE200,,TUBE ASSY,钢管总成,,,,050-0090
20083935,NTE200,,TUBE ASSY,钢管总成,,,,050-0090
20083936,NTE200,,TUBE ASSY,钢管总成,,,,050-0090
20083937,NTE200,,TUBE ASSY,钢管总成,,,,050-0090
20083938,NTE200,Hose assembly,HOSE ASSY,软管总成,612.87,,,050-0090
20083939,NTE200,Hose assembly,HOSE ASSY,软管总成,610.16,,,050-0090
20083940,NTE200,Hose assembly,HOSE ASSY,软管总成,615.58,,,050-0090
20083941,NTE200,,HOSE ASSY,软管总成,,,,050-0090
20083951,NTE200,,HOSE ASSY,软管总成,,,,050-0090
20083952,NTE200,,TUBE ASSY,钢管总成,,,,050-0090
20083953,NTE200,,TUBE ASSY,钢管总成,,,,050-0090
20083954,NTE200,,TUBE ASSY,钢管总成,,,,050-0090
20083955,NTE200,,TUBE ASSY,钢管总成,,,,050-0090
20083956,NTE200,,TUBE ASSY,钢管总成,,,,050-0090
20084018,NTE200,Hose assembly,HOSE ASSY,软管总成,1068.45,,,050-0090
20084019,NTE200,Hose assembly,HOSE ASSY,软管总成,1331.49,,,050-0090
20084020,NTE200,Hose assembly,HOSE ASSY,软管总成,4944.14,,,050-0090
20084021,NTE200,Hose assembly,HOSE ASSY,软管总成,2654,,,050-0090
20084022,NTE200,Hose assembly,HOSE ASSY,软管总成,2873.38,,,050-0090
20084023,NTE200,Hose assembly,HOSE ASSY,软管总成,5187.6,,,050-0090
20084024,NTE200,Hose assembly,HOSE ASSY,软管总成,1404.59,,,050-0090
20084025,NTE200,РВД,HOSE ASSY,软管总成,13051.58,,,050-0090
20084026,NTE200,Hose assembly,HOSE ASSY,软管总成,1019.64,,,050-0090
20084027,NTE200,Hose assembly,HOSE ASSY,软管总成,1658.75,,,050-0090
20084028,NTE200,Hose assembly,HOSE ASSY,软管总成,1741.69,,,050-0090
20084029,NTE200,,TUBE ASSY,钢管总成,,,,050-0090
20084030,NTE200,,TUBE ASSY,钢管总成,,,,050-0090
20084031,NTE200,,TUBE ASSY,钢管总成,,,,050-0090
20084032,NTE200,,TUBE ASSY,钢管总成,,,,050-0090
20084040,NTE200,Hose assembly,HOSE,软管总成,820.58,,,050-0170
20084041,NTE200,Hose assembly,HOSE,软管总成,837.04,,,050-0170
20084042,NTE200,Hose assembly,HOSE,软管总成,647.83,,,050-0170
20084043,NTE200,Hose assembly,HOSE,软管总成,647.83,,,050-0170
20084044,NTE200,Hose assembly,HOSE,软管总成,2348.64,,,050-0170
20084045,NTE200,Hose assembly,HOSE,软管总成,1992.85,,,050-0170
20084046,NTE200,Hose assembly,HOSE,软管总成,1063.26,,,050-0170
20084067,NTE200,Hose assembly,HOSE,软管总成,1875.62,,,050-0170
20084068,NTE200,Hose assembly,HOSE,软管总成,1052.98,,,050-0170
20084069,NTE200,Hose assembly,HOSE,软管总成,976.89,,,050-0170
20084070,NTE200,Hose assembly,HOSE,软管总成,1038.58,,,050-0170
20084071,NTE200,Hose assembly,HOSE,软管总成,1069.43,,,050-0170
20084072,NTE200,Hose assembly,HOSE,软管总成,1820.09,,,050-0170
20084073,NTE200,Hose assembly,HOSE,软管总成,273.53,,,050-0170
20084074,NTE200,Hose assembly,HOSE,软管总成,267.36,,,050-0170
20084075,NTE200,Hose assembly,HOSE,软管总成,579.96,,,050-0170
20084076,NTE200,Hose assembly,HOSE,软管总成,579.96,,,050-0170
20084078,NTE200,,TUBE ASSY,钢管总成,,,,050-0240
20084079,NTE200,,TUBE ASSY,钢管总成,,,,050-0240
20084080,NTE200,,TUBE ASSY,钢管总成,,,,050-0240
20084081,NTE200,,TUBE ASSY,钢管总成,,,,050-0240
20084082,NTE200,,TUBE ASSY,钢管总成,,,,050-0240
20084083,NTE200,,HOSE ASSY,软管总成,,,,050-0240
20084084,NTE200,,HOSE ASSY,软管总成,,,,050-0240
20084085,NTE200,,TUBE,钢管总成,,,,050-0170
20084086,NTE200,,TUBE,钢管总成,,,,050-0170
20084087,NTE200,,TUBE,钢管总成,,,,050-0170
20084088,NTE200,,TUBE,钢管总成,,,,050-0170
20084089,NTE200,,TUBE,钢管总成,,,,050-0170
20084090,NTE200,,TUBE,钢管总成,,,,050-0170
20084091,NTE200,,TUBE,钢管总成,,,,050-0170
20084092,NTE200,,TUBE,钢管总成,,,,050-0170
20084093,NTE200,,TUBE,钢管总成,,,,050-0170
20084094,NTE200,,TUBE,钢管总成,,,,050-0170
20084095,NTE200,,TUBE,钢管总成,,,,050-0170
20084096,NTE200,,TUBE,钢管总成,,,,050-0170
20084097,NTE200,,TUBE,钢管总成,,,,050-0170
20084098,NTE200,,TUBE,钢管总成,,,,050-0170
20084099,NTE200,,TUBE,钢管总成,,,,050-0170
20084100,NTE200,,TUBE,钢管总成,,,,050-0170
20084101,NTE200,,TUBE,钢管总成,,,,050-0170
20084102,NTE200,,TUBE,钢管总成,,,,050-0170
20084103,NTE200,,TUBE,钢管总成,,,,050-0170
20084115,NTE200,Отопитель,HEATER,加热器,32126.6,,,040-0020
20084116,NTE200,,TUBE,钢管总成,,,,050-0170
20084117,NTE200,,TUBE,钢管总成,,,,050-0170
20084118,NTE200,,TUBE,钢管总成,,,,050-0170
20084121,NTE200,,HEATER BOX,加热器箱,,,,040-0020
20084224,NTE200,Hose assembly,HOSE ASSY,软管总成,946.42,,,050-0020
20084225,NTE200,Hose assembly,HOSE ASSY,软管总成,1027.77,,,050-0020
20084226,NTE200,Hose assembly,HOSE ASSY,软管总成,1144.38,,,050-0040
20084289,NTE200,,CAB HARNESS HARNESS-WATER,配电线束,,,,030-0200
20084290,NTE200,,CAB HARNESS,驾驶室线束,,,,030-0200
20084291,NTE200,,VALVE,水泵与水阀线束,,,,030-0200
20084327,NTE200,,LABEL WARNING,警告标志,,,,100-0180
20084328,NTE200,,LABEL WARNING,警告标志,,,,100-0180
20084329,NTE200,,LABEL WARNING,警告标志,,,,100-0180
20084330,NTE200,,LABEL CAUTION,注意标志,,,,100-0180
20084360,NTE200,,LUBRICATION HARNESS,集中润滑线束,,,,030-0020
20084361,NTE200,Подогреватель АКБ,HEATER,蓄电池加热器,7234.49,Электрооборудование,,210-0340
20084362,NTE200,,WIDTHLIGHT HARNESS,示宽灯线束,,,,030-0020
20084367,NTE200,,CNX1 CNX1 HARNESS,线束,,,,030-0030
20084368,NTE200,,CNX2-5 CNX2-5 HARNESS,线束,,,,030-0030
20084385,NTE200,Теплообменник топлива,FUEI HEATER,燃油加热器,25810.5,,,040-0010
20084437,NTE200,,ACCA BRACKET,显示器支架总成,,,,100-0120
20084452,NTE200,,LABEL CAUTION,注意标志,,,,100-0180
20084453,NTE200,,LABEL CAUTION,注意标志,,,,100-0180
20084454,NTE200,,LABEL CAUTION,注意标志,,,,100-0180
20084455,NTE200,,LABEL CAUTION,注意标志,,,,100-0180
20084456,NTE200,,LABEL CAUTION,注意标志,,,,100-0180
20084457,NTE200,,LABEL CAUTION,注意标志,,,,100-0180
20084458,NTE200,,LABEL CAUTION,注意标志,,,,100-0180
20084459,NTE200,,LABEL DANGER,危险标志,,,,100-0180
20084460,NTE200,,LABEL DANGER,危险标志,,,,100-0180
20084461,NTE200,,LABEL DANGER,危险标志,,,,100-0180
20084462,NTE200,,LABEL DANGER,危险标志,,,,100-0180
20084463,NTE200,,LABEL DANGER,危险标志,,,,100-0180
20084464,NTE200,,LABEL DANGER,危险标志,,,,100-0180
20084472,NTE200,,CONTROLLER WIRE,控制器线束,,,,100-0000
20084473,NTE200,,BUMP SENSOR WIRE,泵端线束,,,,100-0000
20084474,NTE200,Манометр,PRESSURE GAGE,压力表,1184.32,,,100-0000
200845,Cummins,,THREADED INSERT,ФУТОРКА С РЕЗЬБОЙ,,,,Q11-OP6100-11 QO11-OP6100-12
20084546,NTE200,,WASHER BOTTLE,风挡洗涤器,,,,090-0010
20084547,NTE200,,COVER PLATE,右避让盒盖板,,,,090-0010
20084556,NTE200,main oil pipe,HOSE,主油管,1063.26,,,100-0000
20084558,NTE200,High pressure hose of rear axle main oil pipe,HOSE,后桥主油管,1063.26,,,100-0000
20084559,NTE200,Front axle main oil pipe high-pressure hose,HOSE,前桥主油管,2003.13,,,100-0000
20084560,NTE200,Right front axle main oil pipe high-pressure hose,HOSE,右前桥主油管,1472.53,,,100-0000
20084561,NTE200,РВД,HOSE,左前桥主油管,678.89,,,100-0000
20084562,NTE200,,PRESSURE SWITCH WIRE,压力开关线束,,,,100-0000
20084564,NTE200,Remote oil replenishment pipe,SUPPLY HOSE,远程补脂管,1147.36,,,100-0000
20084575,NTE200,,HOSE ASSEMBLY,润滑管总成,,,,100-0000
20084603,NTE200,Кузов NTE200(с футеровкой),DUMP BODY ASSY,车厢总成,2785000,,,020-0050
20084642,NTE200,Rear suspension cylinder assembly,CYLINDER Assy,前悬缸总成,233358.58,,,070-0070
20084643,NTE200,,CYLINDER ASSY,缸筒总成,,,,070-0070
20084644,NTE200,,PISTON ROD ASSY,活塞杆总成,,,,070-0070
20084653,NTE200,,WEAR PLATE,耐磨板,,,,100-0160
20084654,NTE200,,WEAR PLATE,耐磨板,,,,100-0160
20084655,NTE200,,WEAR PLATE,耐磨板,,,,100-0160
20084656,NTE200,,WEAR PLATE,耐磨板,,,,100-0160
20084657,NTE200,,WEAR PLATE,耐磨板,,,,100-0160
20084658,NTE200,,WEAR PLATE,耐磨板,,,,100-0160
20084659,NTE200,,WEAR PLATE,耐磨板,,,,100-0160
20084660,NTE200,,WEAR PLATE,耐磨板,,,,100-0160
20084661,NTE200,,WEAR PLATE,耐磨板,,,,100-0160
20084685,NTE200,,AIR COND. ASSY,空调总成,,,,090-0140
20084700,NTE200,,HOSE ASSY,软管总成,,,,040-0020
20084701,NTE200,,HOSE ASSY,软管总成,,,,040-0020
20084702,NTE200,,HOSE ASSY,软管总成,,,,040-0020
20084703,NTE200,,HOSE ASSY,软管总成,,,,040-0020
20084706,NTE200,,DIMENSION DECALS ENTIRE TRUCK,整车尺寸贴片,,,,100-0180
20084739,NTE200,Hose assembly,HOSE ASSY,软管总成,1307.09,,,040-0010
20084740,NTE200,Hose assembly,HOSE ASSY,软管总成,1209.46,,,040-0010
20084742,NTE200,Hose assembly,HOSE ASSY,软管总成,1749.71,,,040-0010
20084744,NTE200,Hose assembly,HOSE ASSY,软管总成,3068.68,,,040-0010
20084745,NTE200,Hose assembly,HOSE ASSY,软管总成,2734.26,,,040-0010
20084747,NTE200,Hose assembly,HOSE ASSY,软管总成,1298.9,,,040-0010
20084767,NTE200,Жгут проводов,ACCA CABLE,称重驾驶室线束1,1373.18,,,100-0120
20084768,NTE200,,ACCA CABLE,称重配电柜线束,,,,100-0120
20084769,NTE200,,ACCA FRAME HARNESS,称重车架线束,,,,100-0120
20084770,NTE200,Жгут проводов,ACCA CABLE,称重驾驶室线束2,5620.93,,,100-0120
20084771,NTE200,Жгут проводов,ACCA CABLE,称重驾驶室线束3,1113.71,,,100-0120
20084772,NTE200,,PLATE,夹板,,,,100-0120
20084773,NTE200,,PLATE,夹板,,,,100-0120
20084798,NTE200,Шланг,HOSE,软管总成,711.73,,,050-0170
20084799,NTE200,Hose assembly,HOSE,软管总成,1355.3,,,050-0170
20084800,NTE200,Hose assembly,HOSE,软管总成,1073.55,,,050-0170
20084801,NTE200,Hose assembly,HOSE,软管总成,1073.55,,,050-0170
20084802,NTE200,Hose assembly,HOSE,软管总成,1137.3,,,050-0170
20084803,NTE200,Hose assembly,HOSE,软管总成,1075.6,,,050-0170
20084804,NTE200,Hose assembly,HOSE,软管总成,2661.24,,,050-0170
20084805,NTE200,Hose assembly,HOSE,软管总成,2661.24,,,050-0170
20084806,NTE200,Hose assembly,HOSE,软管总成,2352.75,,,050-0170
20084807,NTE200,,BRACKET ASSY,支架总成,,,,050-0030
20084810,NTE200,,DOOR ASSY,左门总成,,,,210-0230
20084811,NTE200,,DOOR ASSY,右门总成,,,,210-0230
20084812,NTE200,,BEND PLATE ASSY,左立柱弯板总成,,,,210-0230
20084813,NTE200,,BEND PLATE ASSY,右立柱弯板总成,,,,210-0230
20084814,NTE200,,BEND PLATE,左下弯板,,,,210-0230
20084815,NTE200,,BEND PLATE,右下弯板,,,,210-0230
20084816,NTE200,,BEND PLATE,左上弯板,,,,210-0230
20084817,NTE200,,BEND PLATE,右上弯板,,,,210-0230
20084826,NTE200,,PIPE,软管,,,,020-0040
20084828,NTE200,,BRACKET,支架,,,,040-0070 100-0170
20084829,NTE200,Thermal insulation sleeve,INSULATION SLEEVE,隔热套,8190,,,040-0070 100-0170
20084830,NTE200,Thermal insulation sleeve,INSULATION SLEEVE,隔热套,2636.56,,,040-0070 100-0170
20084839,NTE200,,HOSE ASSY,软管总成,,,,040-0020
20084840,NTE200,,PIPE,弯接管,,,,040-0020
20084841,NTE200,,HOSE ASSY,软管总成,,,,040-0020
20084846,NTE200,Rear axle box,AXLE BOX,桥箱,1322729.03,,,070-0040
20084851,NTE200,Hose assembly,HOSE ASSY,软管总成,984.38,,,050-0090
20084852,NTE200,Hose assembly,HOSE ASSY,软管总成,1231.16,,,050-0090
20084853,NTE200,Hose assembly,HOSE ASSY,软管总成,2164.4,,,050-0090
20084854,NTE200,Hose assembly,HOSE ASSY,软管总成,2645.97,,,050-0090
20084855,NTE200,Hose assembly,HOSE ASSY,软管总成,1185.06,,,050-0090
20084856,NTE200,Hose assembly,HOSE ASSY,软管总成,1674.8,,,050-0090
20084864,NTE200,Hose assembly,HOSE ASSY,软管总成,2252.69,,,040-0010
20084872,NTE200,,BEND PLATE ASSY,左前弯板总成,,,,210-0230
20084873,NTE200,,BEND PLATE ASSY,右前弯板总成,,,,210-0230
20084876,NTE200,Hose assembly,HOSE ASSY,软管总成,1071.16,,,040-0010
20084877,NTE200,Hose assembly,HOSE ASSY,软管总成,949.13,,,040-0010
20084878,NTE200,Hose assembly,HOSE ASSY,软管总成,1345.73,,,040-0010
20084879,NTE200,,AIR PIPE,进气管,,,,040-0040
20084880,NTE200,,AIR PIPE,进气管,,,,040-0040
20084907,NTE200,,BRACKET,蓄能器支架,,,,050-0090
20084952,NTE200,hose,HOSE,充注管,1144,,,100-0030
20084953,NTE200,hose,HOSE,连通管,1144,,,100-0030
20084954,NTE200,hose,HOSE,充注管,1144,,,100-0030
20084955,NTE200,hose,HOSE,充注管,1540.39,,,100-0030
20084976,NTE200,Hose assembly,HOSE ASSY,软管总成,7408.18,,,050-0040
20084977,NTE200,РВД,HOSE ASSY,软管总成,7980.34,,,050-0040
20084978,NTE200,Hose assembly,HOSE ASSY,软管总成,5152.82,,,050-0040
20084979,NTE200,Hose assembly,HOSE ASSY,软管总成,5152.82,,,050-0040
20084980,NTE200,Hose assembly,HOSE ASSY,软管总成,9146.59,,,050-0040
20084981,NTE200,Hose assembly,HOSE ASSY,软管总成,6747.36,,,050-0040
20084982,NTE200,Hose assembly,HOSE ASSY,软管总成,6327.32,,,050-0040
20084983,NTE200,Hose assembly,HOSE ASSY,软管总成,4058.58,,,050-0040
20084984,NTE200,Hose assembly,HOSE ASSY,软管总成,3726.83,,,050-0040
20084985,NTE200,Hose assembly,HOSE ASSY,软管总成,4981.59,,,050-0040
20084988,NTE200,,BEND PLATE ASSY,左门顶弯板,,,,210-0230
20084989,NTE200,,BEND PLATE ASSY,右门顶弯板,,,,210-0230
20084992,NTE200,,BEND PLATE ASSY,左连接弯板总成,,,,210-0230
20084993,NTE200,,BEND PLATE ASSY,右连接弯板总成,,,,210-0230
20084994,NTE200,,MUD GUARD,燃油箱挡泥板,,,,020-0110
20084995,NTE200,,MUD GUARD,挡泥板,,,,020-0110
20084996,NTE200,,BEND PLATE,弯板,,,,020-0110
20085001,NTE200,,FRAME HARNESS,车架线束,,,,030-0020
20085002,NTE200,,PLATFORM HARNESS,平台线束,,,,030-0020
20085003,NTE200,,FRONTLIGHT HARNESS,前大灯线束,,,,030-0020
20085013,NTE200,,LABEL HYDRAULIC PRESSURE GAUGE,液压表标志,,,,100-0180
20085051,NTE200,,BOX,液压控制柜总成,,,,050-0250
20085125,NTE200,,BRACKET ASSY,支架总成,,,,030-0060
20085128,NTE200,,BRACKET,支架,,,,030-0060
20085129,NTE200,,BRACKET,支架,,,,030-0060
20085130,NTE200,,BRACKET,支架,,,,030-0060
20085131,NTE200,,BRACKET ASSY,支架总成,,,,030-0060
20085134,NTE200,,BENDING PLATE,弯板,,,,030-0060
200861,Cummins,,INCH,ПЛОСКАЯ ШАЙБА,,,,Q07-FW6075-04 QO07-FW6075-05
20087458,NTE200,,BEND PLATE,左弯板,,,,210-0210
20087459,NTE200,,BEND PLATE,右弯板,,,,210-0210
20087460,NTE200,,MUD GUARD,左挡泥板,,,,210-0210
20087461,NTE200,,MUD GUARD,右挡泥板,,,,210-0210
20087462,NTE200,,PLATE,压条,,,,210-0210
20087642,NTE200,,TRIM-B PILLAR-LL,左B 柱下护板皮革,,,,090-0010
20087643,NTE200,,TRIM-B PILLAR-LU,左B 柱上护板皮革,,,,090-0010
20087644,NTE200,,TRIM-B PILLAR-RL,右B 柱下护板皮革,,,,090-0010
20087645,NTE200,,TRIM-B PILLAR-RU,右B 柱上护板皮革,,,,090-0010
20087646,NTE200,,TRIM-C PILLAR-L,左C 柱护板皮革,,,,090-0010
20087647,NTE200,,TRIM-C PILLAR-R,右C 柱护板皮革,,,,090-0010
20087648,NTE200,,TRIM-RU,后围上护板皮革,,,,090-0010
20087649,NTE200,,TRIM-RM,后围中护板皮革,,,,090-0010
20087650,NTE200,,TRIM-RL,后围下护板皮革,,,,090-0010
20088042,NTE200,,COVER,玻璃压条,,,,090-0010
20089167,NTE200,,TAILLIGHT HARNESS,尾灯线束,,,,030-0020
20089366,NTE200,,LEFT MIRROR HEATING HARNESS,左镜加热线束,,,,030-0020
20089367,NTE200,,RIGHTT MIRROR HEATING HARNESS,右镜加热线束,,,,030-0020
20089498,NTE200,,BRACKET ASSY,支架总成,,,,050-0040
2016146,NTE200,,CAP,保护帽,,,,100-0020
20161460,NTE200,,DISPLACEMENT PISTON,位移活塞,,,,100-0020
20161461,NTE200,,COMPRESSION SPRING,压缩弹簧,,,,100-0020
20161462,NTE200,,PLUNGER,活塞,,,,100-0020
20161463,NTE200,,FLUOROELASTOMER PACKING,装配橡胶,,,,100-0020
20161464,NTE200,,INLET VALVE,入口阀,,,,100-0020
20161467,NTE200,,O O–RING A． B． C． NOTE:,形圈 注  以上零件仅包含在注油器维修包 中  以上零件包含在调节螺钉包 中  以上零件包含在注油器保护帽包 中,,,,100-0020
202159,Cummins,,- 11 X 2 INCH,БОЛТ С ДВЕНАДЦАТИГРАННОЙ ГОЛОВКОЙ,,,,Q07-FA6270-03 QO07-FA6270-05
203760,Cummins,,INCH,ПЛОСКАЯ ШАЙБА,,,,Q07-CF6009-01 Q07-EH6054-02 Q08-EH6054-02 QO07-CF6009-01 QO07-EH6054-02 QO08-EH6054-02
203933,Cummins,,EXPANSION PLUG,КОМПЕНСАЦИОННАЯ ЗАГЛУШКА,,,,Q02-PP43379-09 Q03-PP43379-09 Q03-RL6718-10 Q10-PP43379-09 QO02-PP43379-10 QO03-PP43379-10 QO03-RL6718-10 QO10-PP43379-10
204165,Cummins,,- 18 X 1 INCH,БОЛТ С ШЕСТИГРАННОЙ ГОЛОВКОЙ,,,,Q07-FW6075-04 QO07-FW6075-05
204736,Cummins,,- 14 X 1 INCH,БОЛТ С ШЕСТИГРАННОЙ,,,,Q10-FP6990-02 QO10-FP6990-03
205059,Cummins,,INCH,ПЛОСКАЯ ШАЙБА,,,,Q07-FW6075-04 Q09-TB6054-03 QO07-FW6075-05 QO09-TB6054-03
205069,Cummins,,CAM FOLLOWER LEVER,РЫЧАГ ТОЛКАТЕЛЯ КОНТРОВОЧНАЯ,,,,Q03-BB67054-00 QO03-BB67054-01
205091,Cummins,,VALVE COLLET,СУХАРЬ КЛАПАНА,,,,Q02-PP43379-09 Q03-PP43379-09 Q10-PP43379-09 QO02-PP43379-10 QO03-PP43379-10 QO10-PP43379-10
205094,Cummins,,VALVE SPRING RETAINER,ТАРЕЛКА КЛАПАННОЙ ПРУЖИНЫ,,,,Q02-PP43379-09 Q03-PP43379-09 Q10-PP43379-09 QO02-PP43379-10 QO03-PP43379-10 QO10-PP43379-10
205126,Cummins,,INCH,ПЛОСКАЯ ШАЙБА,,,,Q03-BB67054-00 Q03-PP6871-02 QO03-BB67054-01 QO03-PP6871-02
205128,Cummins,Плоская шайба (на ось коромысла),INCH,ПЛОСКАЯ ШАЙБА,235.66,,,Q03-RL6718-10 QO03-RL6718-10
205129,Cummins,"DOWEL,RING",Available Kits,НАПРАВЛЯЮЩАЯ ВТУЛКА,94.57,Cummins,,Q03-RL6718-10 Q09-TB6771-06 QO03-RL6718-10 QO09-TB6771-06
205227,Cummins,,EXPANSION PLUG,КОМПЕНСАЦИОННАЯ ЗАГЛУШКА,,,,Q03-BB67054-00 QO03-BB67054-01
205230,Cummins,BUSHING,BUSHING,ВТУЛКА,744.3,Cummins,,Q03-BB67054-00 QO03-BB67054-01
205269,Cummins,,RETAINING RING,СТОПОРНОЕ КОЛЬЦО,,,,Q03-PP6871-02 QO03-PP6871-02
205354,Cummins,,- 16 X 1 INCH,БОЛТ С ДВЕНАДЦАТИГРАННОЙ ГОЛОВКОЙ,,,,Q06-TB6817-15 QO06-TB6817-15
205357,Cummins,,- 13 X 3 INCH,БОЛТ С ДВЕНАДЦАТИГРАННОЙ ГОЛОВКОЙ,,,,Q03-RL6718-10 QO03-RL6718-10
205375,Cummins,,- 16 X 2 INCH,БОЛТ С ДВЕНАДЦАТИГРАННОЙ ГОЛОВКОЙ,,,,Q07-FA6270-03 QO07-FA6270-05
205377,Cummins,,- 16 X 3 INCH,БОЛТ С ДВЕНАДЦАТИГРАННОЙ ГОЛОВКОЙ,,,,Q11-LP6709-02 QO11-LP6709-02
205393,Cummins,,- 13 X 2 INCH,БОЛТ С ДВЕНАДЦАТИГРАННОЙ ГОЛОВКОЙ,,,,Q03-RL6718-10 QO03-RL6718-10
205394,Cummins,,- 13 X 4 INCH,БОЛТ С ДВЕНАДЦАТИГРАННОЙ ГОЛОВКОЙ,,,,Q03-RL6718-10 QO03-RL6718-10
205401,Cummins,,EXPANSION PLUG,КОМПЕНСАЦИОННАЯ ЗАГЛУШКА,,,,Q02-PP43379-09 Q03-PP43379-09 Q10-PP43379-09 QO02-PP43379-10 QO03-PP43379-10 QO10-PP43379-10
205413,Cummins,,TWELVE POINT CAP SCREW,,,,,QO10-FT60821-15
205438,Cummins,LOCKWIRE,TAPPET ROLLER PIN LOCKWIRE,ПРОВОЛОКА ШТИФТА РОЛИКОВОГО,39.1,Cummins,,Q03-BB67054-00 QO03-BB67054-01
205439,Cummins,,RETAINING RING,СТОПОРНОЕ КОЛЬЦО,,,,Q03-BB67054-00 QO03-BB67054-01
205565,Cummins,,- 10 X 7 INCH,БОЛТ С ДВЕНАДЦАТИГРАННОЙ ГОЛОВКОЙ,,,,Q07-FH6073-05 QO07-FH6073-06
205584,Cummins,,- 10 X 2 INCH,БОЛТ С ДВЕНАДЦАТИГРАННОЙ ГОЛОВКОЙ,,,,Q03-BB67054-00 QO03-BB67054-01
205659,Cummins,"SPRING,COMPRESSION",COMPRESSION SPRING,НАЖИМНАЯ ПРУЖИНА,548.17,Cummins,,Q11-LF6080-11 QO11-LF6080-12
205683,Cummins,BUSHING,BUSHING,ВТУЛКА,6758.23,Cummins,,Q03-GG6908-00 Q07-GG6908-00 QO03-GG6908-02 QO07-GG6908-02
205684,Cummins,,ENGINE LIFTING BRACKET,ПОДЪЕМНЫЙ КРОНШТЕЙН ДВИГАТЕЛЯ,,,,Q07-LA6716-02 QO07-LA6716-02
205976,Cummins,,RETAINING RING,СТОПОРНОЕ КОЛЬЦО,,,,Q06-WM6719-02 QO06-WM6719-02
206028,Cummins,,- 10 X 2 INCH,БОЛТ С ГОЛОВКОЙ ПОД ТОРЦЕВОЙ КЛЮЧ,,,,Q07-LA6716-02 Q09-TB6054-03 QO07-LA6716-02 QO09-TB6054-03
206079,Cummins,,,ЭЛАСТИЧНАЯ МУФТА,,,,Q07-FW6075-04
206090,Cummins,,RETAINING RING,СТОПОРНОЕ КОЛЬЦО,,,,Q07-CB6705-03 QO07-CB6705-03
206091,Cummins,,ENGINE BARRING GEAR,УСТРОЙСТВО ДЛЯ ПРОВОРАЧИВАНИЯ КОЛЕНЧАТОГО ВАЛА,,,,Q07-CB6705-03 QO07-CB6705-03
206092,Cummins,,COMPRESSION SPRING,НАЖИМНАЯ ПРУЖИНА,,,,Q07-CB6705-03 QO07-CB6705-03
206099,Cummins,,OIL PAN COVER,КРЫШКА ПОДДОНА КАРТЕРА,,,,Q11-OP6100-11 QO11-OP6100-12
206158,Cummins,,HYDRAULIC PUMP FLANGE COVER,ФЛАНЦЕВАЯ КРЫШКА ГИДРОНАСОСА,,,,Q07-DF6009-03 QO07-DF6009-03
206224,Cummins,,EXPANSION PLUG,КОМПЕНСАЦИОННАЯ ЗАГЛУШКА,,,,Q02-PP43379-09 Q03-PP43379-09 Q10-PP43379-09 QO02-PP43379-10 QO03-PP43379-10 QO10-PP43379-10
206406,Cummins,,HYDRAULIC PUMP FLANGE COVER,ФЛАНЦЕВАЯ КРЫШКА ГИДРОНАСОСА,,,,Q07-DF6009-03 QO07-DF6009-03
206407,Cummins,,HAND HOLE GASKET,КРЫШКИ СМОТРОВОГО ЛЮЧКА,,,,Q07-DF6009-03 QO07-DF6009-03
206416,Cummins,,SUPPORT GASKET,,,,,QO04-WP6704-14 QO06-WP6704-14
206443,Cummins,Прокладка термостата,THERMOSTAT HOUSING GASKET,ПРОКЛАДКА КОРПУСА ТЕРМОСТАТА,184.8,Cummins,,Q06-TH6728-07 QO06-TH6728-07
206455,Cummins,,WATER PUMP GASKET,,,,,QO04-WP6704-14 QO06-WP6704-14
206457,Cummins,,O RING SEAL,,,,,QO04-WP6704-14 QO06-WP6704-14
206526,Cummins,,TIMING POINTER,СТРЕЛКА ДЛЯ НАСТРОЙКИ МОМЕНТА ВПРЫСКА,,,,Q03-GG6908-00 Q07-GG6908-00 QO03-GG6908-02 QO07-GG6908-02
206527,Cummins,,- 18 X INCH,БОЛТ С ДВЕНАДЦАТИГРАННОЙ ГОЛОВКОЙ,,,,Q03-GG6908-00 Q07-GG6908-00 QO03-GG6908-02 QO07-GG6908-02
206587,Cummins,,MAIN BEARING CAP,КРЫШКА КОРЕННОГО ПОДШИПНИКА,,,,Q03-BB67054-00 QO03-BB67054-01
206588,Cummins,,MAIN BEARING CAP,КРЫШКА КОРЕННОГО ПОДШИПНИКА,,,,Q03-BB67054-00 QO03-BB67054-01
206709,Cummins,,WATER TRANSFER TUBE,ВОДЯНОЙ ПАТРУБОК,,,,Q06-WM6719-02 QO06-WM6719-02
206747,Cummins,,CAMSHAFT GEAR,ШЕСТЕРНЯ РАСПРЕДЕЛИТЕЛЬНОГО ВАЛА,,,,Q02-PP43379-09 Q03-PP43379-09 Q10-PP43379-09 QO02-PP43379-10 QO03-PP43379-10 QO10-PP43379-10
206808,Cummins,,GROMMET SEAL,ИЗОЛИРУЮЩАЯ ШАЙБА,,,,Q02-TB6802-18 Q06-TB6802-18 QO02-TB6802-20 QO06-TB6802-20
206904,Cummins,,PLAIN WOODRUFF KEY,ПЛОСКАЯ ПОЛУКРУГЛАЯ ШПОНКА,,,,Q03-BB67054-00 QO03-BB67054-01
207344,Cummins,BUSHING,BUSHING,ВТУЛКА,280.96,Cummins,,Q03-RL6718-10 QO03-RL6718-10
207373,Cummins,,CAMSHAFT COVER,КРЫШКА РАСПРЕДЕЛИТЕЛЬНОГО ВАЛА,,,,Q02-PP43379-09 Q03-PP43379-09 Q10-PP43379-09 QO02-PP43379-10 QO03-PP43379-10 QO10-PP43379-10
207506,Cummins,,- 13 X 3 INCH,БОЛТ С ШЕСТИГРАННОЙ ГОЛОВКОЙ,,,,Q07-CF6009-01 QO07-CF6009-01
207509,Cummins,,SLEEVE,ВТУЛКА,,,,Q07-CF6009-01 Q07-EH6054-02 Q08-EH6054-02 QO07-CF6009-01 QO07-EH6054-02 QO08-EH6054-02
207535,Cummins,,WATER TRANSFER CONNECTION GASKET,ПРОКЛАДКА СОЕДИНИТЕЛЬНОГО ВОДЯНОГО ПАТРУБКА,,,,Q06-TB6817-15 QO06-TB6817-15
207539,Cummins,,WATER INLET CONNECTION,ВХОДНОЙ ВОДЯНОЙ ПАТРУБОК,,,,Q06-WI6029-03 QO06-WI6029-03
207572,Cummins,,TRANSMISSION ADAPTER,ПЕРЕХОДНИК ТРАНСМИССИИ,,,,Q07-FH6073-05 QO07-FH6073-06
207581,Cummins,,PIN DOWEL,НАПРАВЛЯЮЩИЙ ШТИФТ,,,,Q07-FW6075-04 QO07-FW6075-05
207603,Cummins,,COVER PLATE,КРЫШКА,,,,Q07-FA6270-03 QO07-FA6270-05
212161,Cummins,Уплотнительное кольцо,O RING SEAL,УПЛОТНИТЕЛЬНОЕ КОЛЬЦО,67.34,Cummins,,Q11-LC6704-08 QO11-LC6704-09
213559,Cummins,,CAM FOLLOWER SOCKET,ТОЛКАТЕЛЯ ГНЕЗДО ТОЛКАТЕЛЯ,,,,Q03-BB67054-00 QO03-BB67054-01
215617,Cummins,,,ГОЛОВКА ПРЕДОХРАНИТЕЛЯ ОТ КОРРОЗИИ,,,,Q06-WF6044-05
216187,Cummins,"SEAL,ORING",O RING SEAL,УПЛОТНИТЕЛЬНОЕ КОЛЬЦО,187.82,Cummins,,Q02-TP6777-08 Q06-TP6777-08 Q11-TP6777-08 QO02-TP6777-08 QO06-TP6777-08 QO11-TP6777-08
218792,Cummins,,FAN PILOT SPACER,НАПРАВЛЯЮЩАЯ РАСПОРНАЯ ВТУЛКА ВЕНТИЛЯТОРА,,,,Q07-SP6038-01 QO07-SP6038-01
219153,Cummins,,- 18 X 3 INCH,ВЫСОКОПРОЧНЫЙ БОЛТ,,,,Q03-BB67054-00 QO03-BB67054-01
2837082,Cummins,,TURBOCHARGER DIFFUSER,ДИФФУЗОР ТУРБОНАГНЕТАТЕЛЯ,,,,Q02-PP6836-06 QO02-PP6836-07
2837524,Cummins,,TURBOCHARGER,ТУРБОНАГНЕТАТЕЛЬ,,,,Q02-PP6836-06 QO02-PP6836-07
2862797,Cummins,Шланг,FLEXIBLE HOSE,ГОЛОВКОЙ ГИБКИЙ ШЛАНГ,7846.04,Cummins,,Q10-FD6740-01 QO10-FD6740-01
2862800,Cummins,Шланг,FLEXIBLE HOSE,ГИБКИЙ ШЛАНГ,3574.82,Cummins,,Q10-FD6740-01 QO10-FD6740-01
2867086,Cummins,,AIR INTAKE MANIFOLD,ВПУСКНОЙ КОЛЛЕКТОР,,,,Q02-TB6802-18 Q06-TB6802-18 QO02-TB6802-20 QO06-TB6802-20
2867088,Cummins,,AIR INTAKE MANIFOLD,ВПУСКНОЙ КОЛЛЕКТОР,,,,Q02-TB6802-18 Q06-TB6802-18 QO02-TB6802-20 QO06-TB6802-20
2867147,Cummins,INJECTOR,INJECTOR,ФОРСУНКА,100912.5,Cummins,,Q02-PP43379-09 Q03-PP43379-09 Q10-PP43379-09 QO02-PP43379-10 QO03-PP43379-10 QO10-PP43379-10
2867198,Cummins,,ELECTRONIC CONTROL MODULE SUPPORT,,,,,QO08-PH67002-05
2873450,Cummins,,ENGINE CONTROL SOFTWARE,,,,,QO13-SC61878-01
2873455,Cummins,,APPLICATION CONFIGURATION DATA,,,,,QO01-PJ60017-03 QO01-PJ60018-03
2873468,Cummins,,ENGINE CONTROL DATA,,,,,QO13-SC61878-01
2873469,Cummins,,ELECTRONIC CONSTANTS DATA,,,,,QO13-SC61878-01
2873470,Cummins,,ENGINE CONFIGURATION DATA,,,,,QO13-SC61878-01
2873472,Cummins,,SYSTEM CONTROL DATA,,,,,QO13-SC61878-01
2873473,Cummins,,INSTALLATION TRIM DATA,,,,,QO13-DO61042-00
2873863,Cummins,,ELECTRONIC SUBSYSTEM CALIBRATION,,,,,QO01-PJ60017-03
2873871,Cummins,,ELECTRONIC SUBSYSTEM CALIBRATION,,,,,QO01-PJ60018-03
2881177,Cummins,,ELECTRONIC FUEL CONTROL ACTUATOR,ЭЛЕКТРОННЫЙ ТОПЛИВНЫЙ РЕГУЛЯТОР,,,,Q10-FP6990-02 QO10-FP6990-03
2881458,NTE200,FUEL FILTER,FUEL FILTER,燃油滤芯,1711.91,Фильтр,FF5782NN,040-0000
2881589,Cummins,,ELECTRONIC CONTROL MODULE WIRING HARNESS,,,,,QO05-WR67101-01 QO08-WR67101-01
2881604,Cummins,"GASKET,INTAKEMANIFOLD",INTAKE MANIFOLD GASKET,ПРОКЛАДКА ВПУСКНОГО КОЛЛЕКТОРА,474.28,Cummins,,Q02-TB6802-18 Q06-TB6802-18 QO02-TB6802-20 QO06-TB6802-20
2888884,Cummins,,INFORMATION DECAL,,,,,QO06-WF6101-02
2896723,Cummins,,FILTER SCREEN,СЕТЧАТЫЙ ФИЛЬТР,,,,Q07-DP6726-00 QO07-DP6726-00
2896822,Cummins,,INJECTOR FUEL SUPPLY TUBE,,,,,QO10-FT60821-15
2896823,Cummins,,INJECTOR FUEL SUPPLY TUBE,,,,,QO10-FT60821-15
2896830,Cummins,,INJECTOR FUEL SUPPLY TUBE,,,,,QO10-FT60821-15
2896831,Cummins,,INJECTOR FUEL SUPPLY TUBE,,,,,QO10-FT60821-15
2896832,Cummins,,INJECTOR FUEL SUPPLY TUBE,ТРУБОПРОВОД ПОДАЧИ ТОПЛИВА К ФОРСУНКЕ,,,,Q10-FT60821-15 QO10-FT60821-15
2896833,Cummins,"TUBE,INJECTORFUELSUPPLY",INJECTOR FUEL SUPPLY TUBE,ТРУБОПРОВОД ПОДАЧИ ТОПЛИВА К ФОРСУНКЕ,5283.5,Cummins,,Q10-FT60821-15 QO10-FT60821-15
2896834,Cummins,,INJECTOR FUEL SUPPLY TUBE,ТРУБОПРОВОД ПОДАЧИ ТОПЛИВА К ФОРСУНКЕ,,,,Q10-FT60821-15 QO10-FT60821-15
2896835,Cummins,"TUBE,INJECTORFUELSUPPLY",INJECTOR FUEL SUPPLY TUBE,ТРУБОПРОВОД ПОДАЧИ ТОПЛИВА К ФОРСУНКЕ,3753.04,Cummins,,Q10-FT60821-15 QO10-FT60821-15
3000082,Cummins,,INCH,ПЛОСКАЯ ШАЙБА УПЛОТНИТЕЛЬНОЕ,,,,Q11-OP6100-11 QO11-OP6100-12
3000138,Cummins,,BEARING SUPPORT,ОПОРА ПОДШИПНИКА,,,,Q03-BB67054-00 QO03-BB67054-01
3000139,Cummins,,THRUST BEARING,УПОРНЫЙ ПОДШИПНИК,,,,Q03-BB67054-00 QO03-BB67054-01
3000204,Cummins,"WASHER,PLAIN",SEALING WASHER,УПЛОТНИТЕЛЬНАЯ ШАЙБА,143.87,Cummins,,Q11-LG6051-03 QO11-OP6100-12
3001719,Cummins,,STRAIGHT PIN,СТОПОРНЫЙ ШТИФТ,,,,Q11-LP6709-02 QO11-LP6709-02
3002956,Cummins,,WATER TRANSFER TUBE,ВОДЯНОЙ ПАТРУБОК,,,,Q06-WM6719-02 QO06-WM6719-02
3002957,Cummins,,RETAINING CLAMP,СТОПОРНЫЙ ЗАЖИМ,,,,Q06-HC6017-01 QO06-HC6017-01
3002993,Cummins,,RING DOWEL,НАПРАВЛЯЮЩАЯ ВТУЛКА,,,,Q03-BB67054-00 Q07-FA6270-03 QO03-BB67054-01 QO07-FA6270-05
3003156,Cummins,,WIRE SEAL,УПЛОТНЕНИЕ С ПРОВОЛОЧНОЙ ПРОКЛАДКОЙ,,,,Q07-FW6075-04 QO07-FW6075-05
3003347,Cummins,,FREON COMPRESSOR BRACKET,КРОНШТЕЙН КОМПРЕССОРА КОНДИЦИОНЕРА,,,,Q07-CF6009-01 QO07-CF6009-01
3003354,Cummins,Подшипник,ROLLER BEARING,РОЛИКОВЫЙ ПОДШИПНИК,2818.31,Cummins,,Q07-FA6270-03 QO07-FA6270-05
3004057,Cummins,,- 16 UNF,СТОПОРНАЯ ГАЙКА,,,,Q07-FA6270-03 QO07-FA6270-05
3004594,Cummins,,IDLER GEAR,ПРОМЕЖУТОЧНАЯ ШЕСТЕРНЯ,,,,Q03-BB67054-00 QO03-BB67054-01
3004683,Cummins,,IDLER GEAR,ПРОМЕЖУТОЧНАЯ ШЕСТЕРНЯ,,,,Q03-BB67054-00 QO03-BB67054-01
3004686,Cummins,Втулка,BUSHING,ВТУЛКА,1258.76,Cummins,,Q03-BB67054-00 QO03-BB67054-01
3007971,Cummins,,CAMSHAFT THRUST BEARING,УПОРНЫЙ ПОДШИПНИК РАСПРЕДЕЛИТЕЛЬНОГО ВАЛА,,,,Q02-PP43379-09 Q03-PP43379-09 Q10-PP43379-09 QO02-PP43379-10 QO03-PP43379-10 QO10-PP43379-10
3008000,Cummins,,BACKUP RING,ОПОРНОЕ КОЛЬЦО,,,,Q07-FW6075-04 QO07-FW6075-05
3008002,Cummins,,FLYWHEEL RING GEAR ADAPTER,ПЕРЕХОДНИК ЗУБЧАТОГО ВЕНЦА МАХОВИКА,,,,Q07-FW6075-04 QO07-FW6075-05
3008466,Cummins,,NPT,ТРУБНАЯ ПРОБКА,,,,Q07-FA6270-03 QO07-FA6270-05
3009475,Cummins,"SHAFT,PIVOT",PIVOT SHAFT,ПОВОРОТНЫЙ ШКВОРЕНЬ,1613.09,Cummins,,Q07-FA6270-03 QO07-FA6270-05
3009477,Cummins,Sleeve,SLEEVE,ВТУЛКА,2611.24,Cummins,,Q07-FA6270-03 QO07-FA6270-05
3010410,Cummins,,ACCESS HOLE COVER,КРЫШКА ТЕХНОЛОГИЧЕСКОГО ЛЮЧКА,,,,Q07-FH6073-05 QO07-FH6073-06
3010587,Cummins,,SHIM,РЕГУЛИРОВОЧНАЯ ПРОКЛАДКА,,,,Q07-FW6075-04 QO07-FW6075-05
3010588,Cummins,,SHIM,РЕГУЛИРОВОЧНАЯ ПРОКЛАДКА,,,,Q07-FW6075-04 QO07-FW6075-05
3010595,Cummins,,- 16 X 1 INCH,БОЛТ С НЕВЫПАДАЮЩЕЙ ШАЙБОЙ,,,,Q02-PP43379-09 Q03-BB67055-00 Q03-PP43379-09 Q06-BB67055-00 Q10-PP43379-09 QO02-PP43379-10 QO03-BB67055-00 QO03-PP43379-10 QO06-BB67055-00 QO10-PP43379-10
3010596,Cummins,,- 16 X 1 INCH,БОЛТ С НЕВЫПАДАЮЩЕЙ ШАЙБОЙ,,,,Q03-CM6721-01 QO03-CM6721-01 QO04-WP6704-14 QO06-WP6704-14
3011076,Cummins,,O RING SEAL,УПЛОТНИТЕЛЬНОЕ КОЛЬЦО,,,,Q03-BB67054-00 QO03-BB67054-01
3011614,Cummins,,FLYWHEEL RING GEAR ADAPTER,ПЕРЕХОДНИК ЗУБЧАТОГО ВЕНЦА МАХОВИКА,,,,Q07-FW6075-04 QO07-FW6075-05
3011715,Cummins,,- 16 X 1 INCH,БОЛТ С НЕВЫПАДАЮЩЕЙ ШАЙБОЙ,,,,Q11-LC6704-08 QO11-LC6704-09
3011884,Cummins,,LINER INSERT,ВСТАВКА ГИЛЬЗЫ,,,,Q03-BB67054-00 QO03-BB67054-01
3013266,Cummins,"SCREW,FRACTURE RESISTANT",- 16 X 5 INCH,ВЫСОКОПРОЧНЫЙ БОЛТ,711.97,Cummins,,Q03-PP6871-02 QO03-PP6871-02
3014449,Cummins,,,ПРОКЛАДКА ФЛАНЦА,,,,Q07-FA6270-03
3014668,Cummins,,O RING SEAL,УПЛОТНИТЕЛЬНОЕ КОЛЬЦО,,,,Q03-BB67054-00 QO03-BB67054-01
3014766,Cummins,,- 16 X 1 INCH,БОЛТ С НЕВЫПАДАЮЩЕЙ ШАЙБОЙ,,,,Q03-BB67054-00 Q11-OB67067-07 QO03-BB67054-01 QO11-OB67067-07
3015283,Cummins,,- 18 X INCH,МОДУЛЯ УПРАВЛЕНИЯ БОЛТ С НЕВЫПАДАЮЩЕЙ ШАЙБОЙ,,,,Q05-WR67101-00 Q06-HC6017-01 Q07-DP6726-00 Q08-WR67101-00 QO05-WR67101-01 QO06-HC6017-01 QO07-DP6726-00 QO08-PH67002-05 QO08-WR67101-01
3015321,Cummins,,ACCESSORY DRIVE PULLEY,,,,,QO07-AD6025-03
3015460,Cummins,,FAN SUPPORT,ОПОРА ВЕНТИЛЯТОРА,,,,Q07-FA6270-03 QO07-FA6270-05
3016826,Cummins,"ROLLER,CAM FOLLOWER",CAM FOLLOWER ROLLER,РОЛИК ТОЛКАТЕЛЯ,731.21,Cummins,,Q03-BB67054-00 QO03-BB67054-01
3018920,Cummins,,WIRE TIE CLAMP,ЗАЖИМ КАБЕЛЬНОЙ СТЯЖКИ,,,,Q07-LA6716-02 QO07-LA6716-02
3018924,Cummins,,GROUND WIRE,ПРОВОД СОЕДИНЕНИЯ С &QUOT;МАССОЙ&QUOT;,,,,Q08-ST6158-03 QO08-ST6158-03
3019416,Cummins,,TORSION SPRING,ТОРСИОННАЯ ПРУЖИНА,,,,Q07-FA6270-03 QO07-FA6270-05
3021618,Cummins,"PLUNGER,PRS REGULATOR",PRESSURE REGULATOR PLUNGER,ПЛУНЖЕР РЕГУЛЯТОРА ДАВЛЕНИЯ,1116.07,Cummins,,Q11-LF6080-11 QO11-LF6080-12
3023499,Cummins,,IDLER LEVER CAP,КРЫШКА РЫЧАГА ПРОМЕЖУТОЧНОГО РОЛИКА,,,,Q07-FA6270-03 QO07-FA6270-05
3023536,Cummins,,- 16 X 3 INCH,ВЫСОКОПРОЧНЫЙ БОЛТ,,,,Q07-FW6075-04 QO07-FW6075-05
3025485,Cummins,,PLAIN WASHER,ПЛОСКАЯ ШАЙБА,,,,Q03-BB67054-00 QO03-BB67054-01
3026312,Cummins,,SHIM,РЕГУЛИРОВОЧНАЯ ПРОКЛАДКА,,,,Q11-LP6709-02 QO11-LP6709-02
3026313,Cummins,,SHIM,РЕГУЛИРОВОЧНАЯ ПРОКЛАДКА,,,,Q11-LP6709-02 QO11-LP6709-02
3026392,Cummins,,RECTANGULAR RING SEAL,УПЛОТНИТЕЛЬНОЕ КОЛЬЦО ПРЯМОУГОЛЬНОГО СЕЧЕНИЯ,,,,Q11-LP6709-02 QO11-LP6709-02
3026925,Cummins,,OIL TRANSFER CONNECTION,ПАТРУБОК ПЕРЕКАЧКИ МАСЛА,,,,Q11-LP6709-02 QO11-LP6709-02
3026927,Cummins,"PLUNGER,PRS REGULATOR",PRESSURE REGULATOR PLUNGER,ПЛУНЖЕР РЕГУЛЯТОРА ДАВЛЕНИЯ,1337.92,Cummins,,Q11-LP6709-02 QO11-LP6709-02
3027728,Cummins,,MOUNTING SPACER,ВТУЛКА КРЕПЛЕНИЯ,,,,Q07-FA6270-03 QO07-FA6270-05
3027935,Cummins,,INFORMATION DECAL,ИНФОРМАЦИОННАЯ ТАБЛИЧКА,,,,Q11-OB67067-07 QO11-OB67067-07
3028291,Cummins,"SEAL,O RING",O RING SEAL,УПЛОТНИТЕЛЬНОЕ КОЛЬЦО,69.23,Cummins,,Q06-HC6017-01 Q06-WM6719-02 QO06-HC6017-01 QO06-WM6719-02
3028408,Cummins,,IDLER PULLEY,ПРОМЕЖУТОЧНЫЙ (НАТЯЖНОЙ) ШКИВ,,,,Q07-FA6270-03 QO07-FA6270-05
3028409,Cummins,,IDLER PULLEY,ПРОМЕЖУТОЧНЫЙ (НАТЯЖНОЙ) ШКИВ,,,,Q07-FA6270-03 QO07-FA6270-05
3028410,Cummins,"SHAFT,IDLER",IDLER SHAFT,ОСЬ ПРОМЕЖУТОЧНОГО РОЛИКА,8526.19,Cummins,,Q07-FA6270-03 QO07-FA6270-05
3028552,Cummins,"BODY,BYPASS VALVE",BYPASS VALVE BODY,КОРПУС ПЕРЕПУСКНОГО КЛАПАНА,7894.25,Cummins,,Q11-LF6080-11 QO11-LF6080-12
3028696,Cummins,,OIL PAN COVER,КРЫШКА ПОДДОНА КАРТЕРА,,,,Q11-OP6100-11 QO11-OP6100-12
3029631,Cummins,Хомут,V BAND CLAMP,СТЯЖНОЙ ЛЕНТОЧНЫЙ ХОМУТ,1796.85,Cummins,,Q09-TB6054-03 QO09-TB6054-03
3029640,Cummins,"SEAL,O RING",O RING SEAL,УПЛОТНИТЕЛЬНОЕ КОЛЬЦО,475.85,Cummins,,Q09-TB6054-03 QO09-TB6054-03
3029700,Cummins,,BUSHING,ВТУЛКА,,,,Q11-LP6709-02 QO11-LP6709-02
3029701,Cummins,,SHAFT RETAINER,ФИКСАТОР ВАЛА,,,,Q11-LP6709-02 QO11-LP6709-02
3029702,Cummins,"BEARING,THRUST",THRUST BEARING,УПОРНЫЙ ПОДШИПНИК,1020.85,Cummins,,Q11-LP6709-02 QO11-LP6709-02
3029708,Cummins,"SHAFT,IDLER",IDLER SHAFT,ОСЬ ПРОМЕЖУТОЧНОГО РОЛИКА,1882.37,Cummins,,Q11-LP6709-02 QO11-LP6709-02
3030207,Cummins,,DIPSTICK RETAINER,ДЕРЖАТЕЛЬ МАСЛОМЕРНОГО ЩУПА,,,,Q11-LG6051-03 QO11-LG6051-04
3030518,Cummins,,- 13 X 3 INCH,БОЛТ С ФЛАНЦЕВОЙ ШЕСТИГРАННОЙ ГОЛОВКОЙ,,,,Q11-LP6709-02 QO11-LP6709-02
3030990,Cummins,Рычаг управления,CONTROL ROD,РЕЙКА,3740.37,Cummins,,Q07-FA6270-03 QO07-FA6270-05
3030991,Cummins,,CONTROL ROD END,НАКОНЕЧНИК УПРАВЛЯЮЩЕЙ ТЯГИ,,,,Q07-FA6270-03 QO07-FA6270-05
3030992,Cummins,,CONTROL ROD END,НАКОНЕЧНИК УПРАВЛЯЮЩЕЙ ТЯГИ,,,,Q07-FA6270-03 QO07-FA6270-05
3030993,Cummins,,- 18 UNF,СТАНДАРТНАЯ ШЕСТИГРАННАЯ СТОПОРНАЯ ГАЙКА,,,,Q07-FA6270-03 QO07-FA6270-05
3031470,Cummins,,CONTROL ROD,РЕЙКА,,,,Q07-FA6270-03 QO07-FA6270-05
3031544,Cummins,,RECTANGULAR RING SEAL,КОЛЬЦО ПРЯМОУГОЛЬНОГО,,,,Q11-OP6100-11 QO11-OP6100-12
3031989,Cummins,,TUBE CLAMP,СЕЧЕНИЯ ТРУБНЫЙ ХОМУТ,,,,Q11-OP6100-11 QO11-OP6100-12
3031998,Cummins,,OIL TUBE BRACKET,КРОНШТЕЙН МАСЛОПРОВОДА,,,,Q11-OP6100-11 QO11-OP6100-12
3032633,Cummins,,- 16 X 8 INCH,ВЫСОКОПРОЧНЫЙ БОЛТ,,,,Q02-PP43379-09 Q03-PP43379-09 Q10-PP43379-09 QO02-PP43379-10 QO03-PP43379-10 QO10-PP43379-10
3033627,Cummins,,INCH,ПЛОСКАЯ ШАЙБА,,,,Q07-DA6703-03 QO07-DA6703-03
3033629,Cummins,,ROLL PIN,ЦИЛИНДРИЧЕСКИЙ ШТИФТ,,,,Q07-DA6703-03 Q07-FH6073-05 QO07-DA6703-03 QO07-FH6073-06
3033800,Cummins,,PLAIN WASHER,,,,,QO12-SG6894-01
3033853,Cummins,,IDLER SHAFT,ОСЬ ПРОМЕЖУТОЧНОГО РОЛИКА,,,,Q03-BB67054-00 QO03-BB67054-01
3035026,Cummins,,O RING SEAL,УПЛОТНИТЕЛЬНОЕ КОЛЬЦО,,,,Q02-TB6802-18 Q06-TB6802-18 QO02-TB6802-20 QO06-TB6802-20
3035027,Cummins,,O RING SEAL,УПЛОТНИТЕЛЬНОЕ КОЛЬЦО,,,,Q07-DP6726-00 QO07-DP6726-00
3035083,Cummins,,VIBRATION ISOLATOR,,,,,QO12-SG6894-01
3035084,Cummins,,VIBRATION ISOLATOR,,,,,QO12-SG6894-01
3035228,Cummins,"SEAL,O RING",O RING SEAL,УПЛОТНИТЕЛЬНОЕ КОЛЬЦО,55.22,Cummins,,Q11-LF6080-11 QO11-LF6080-12
3035697,Cummins,,- 14 X 2 INCH,БОЛТ С ШЕСТИГРАННОЙ ГОЛОВКОЙ,,,,Q07-FA6270-03 Q10-FP6990-02 QO07-FA6270-05 QO10-FP6990-03
3036115,Cummins,,COVER PLATE,КРЫШКА,,,,Q07-DA6703-03 QO07-DA6703-03
3036460,Cummins,,SPRING WASHER,ПРУЖИННАЯ ШАЙБА,,,,Q06-TH6728-07 Q09-TB6054-03 Q11-PL6775-04 QO06-TH6728-07 QO09-TB6054-03 QO11-PL6775-05
3036900,Cummins,,INCH,ПЛОСКАЯ ШАЙБА,,,,Q10-FP6990-02 QO10-FP6990-03
3037536,Cummins,,- 18 UNF,РЕЗЬБОВАЯ ПРОБКА,,,,Q02-TB6802-18 Q06-TB6802-18 Q07-FA6270-03 Q09-TB6054-03 Q11-LF6080-11 Q11-OP6100-11 QO02-TB6802-20 QO06-TB6802-20 QO07-FA6270-05 QO09-TB6054-03 QO11-LF6080-12 QO11-OP6100-12
3037537,Cummins,Кольцо уплотнительное,O RING SEAL,УПЛОТНИТЕЛЬНОЕ КОЛЬЦО,75.45,Cummins,,Q02-TB6802-18 Q02-TP6777-08 Q06-TB6802-18 Q06-TP6777-08 Q07-FA6270-03 Q08-PH67002-03 Q08-PH6834-01 Q09-TB6054-03 Q11-LF6080-11 Q11-OP6100-11 Q11-TP6777-08 QO02-TB6802-20 QO02-TP6777-08 QO06-TB6802-20 QO06-TP6777-08 QO07-FA6270-05 QO08-PH67002-05 QO08-PH6834-01 QO09-TB6054-03 QO11-LF6080-12 QO11-OP6100-12 QO11-TP6777-08
3039164,Cummins,"LEVER,CAM FOLLOWER",CAM FOLLOWER LEVER,РЫЧАГ ТОЛКАТЕЛЯ,9069.05,Cummins,,Q03-BB67054-00 QO03-BB67054-01
3040721,Cummins,"GASKET,CAM FOL HOUSING",CAM FOLLOWER HOUSING GASKET,ПРОКЛАДКА КОРПУСА ТОЛКАТЕЛЕЙ,221.12,Cummins,,Q03-CM6721-01 QO03-CM6721-01
3040722,Cummins,,CAMSHAFT COVER GASKET,ПРОКЛАДКА КРЫШКИ РАСПРЕДЕЛИТЕЛЬНОГО ВАЛА,,,,Q02-PP43379-09 Q03-PP43379-09 Q10-PP43379-09 QO02-PP43379-10 QO03-PP43379-10 QO10-PP43379-10
3040810,Cummins,,THREADED PLUG,РЕЗЬБОВАЯ ПРОБКА,,,,Q02-TP6788-11 Q06-TP6788-11 Q07-FA6270-03 Q07-FH6722-01 Q11-LF6080-11 Q11-TP6788-11 QO02-TP6788-11 QO06-TP6788-11 QO07-FA6270-05 QO07-FH6722-01 QO11-LF6080-12 QO11-TP6788-11
3040813,Cummins,,THREADED PLUG,РЕЗЬБОВАЯ ПРОБКА,,,,Q02-TB6802-18 Q06-TB6802-18 Q07-FA6270-03 Q09-TB6054-03 Q11-LF6080-11 Q11-OP6100-11 QO02-TB6802-20 QO06-TB6802-20 QO07-FA6270-05 QO09-TB6054-03 QO11-LF6080-12 QO11-OP6100-12
3040818,Cummins,,- 12 UN,РЕЗЬБОВАЯ ПРОБКА,,,,Q11-LF6080-11 QO11-LF6080-12
3040819,Cummins,,THREADED PLUG,РЕЗЬБОВАЯ ПРОБКА,,,,Q11-LF6080-11 QO11-LF6080-12
3042327,Cummins,,INCH,СТОПОРНАЯ ШАЙБА,,,,Q02-TB6802-18 Q06-TB6802-18 QO02-TB6802-20 QO06-TB6802-20
3042328,Cummins,,INCH,ПЛОСКАЯ ШАЙБА,,,,Q02-TP6788-11 Q06-TP6788-11 Q10-FD6740-01 Q11-TP6788-11 QO02-TP6788-11 QO06-TP6788-11 QO10-FD6740-01 QO11-TP6788-11
3042329,Cummins,Шайба,INCH,ПЛОСКАЯ ШАЙБА,64.91,Cummins,,Q02-TB6802-18 Q06-TB6802-18 Q06-TB6817-15 Q07-FA6270-03 Q10-FD6740-01 Q10-FF6249-06 Q10-FT60821-15 QO02-TB6802-20 QO04-WP6704-14 QO06-TB6802-20 QO06-TB6817-15 QO06-WP6704-14 QO07-FA6270-05 QO10-FD6740-01 QO10-FF6249-06 QO10-FT60821-15 QO12-SG6894-01
3042330,Cummins,,INCH,ПЛОСКАЯ ШАЙБА,,,,Q02-TB6802-18 Q03-GG6908-00 Q06-TB6802-18 Q06-TB6817-15 Q07-GG6908-00 Q10-FP6990-02 QO02-TB6802-20 QO03-GG6908-02 QO06-TB6802-20 QO06-TB6817-15 QO07-GG6908-02 QO10-FP6990-03
3042890,Cummins,,- 16 X 4 INCH,БОЛТ С НЕВЫПАДАЮЩЕЙ ШАЙБОЙ,,,,Q03-VC6720-02 QO03-VC6720-03
3043211,Cummins,"GASKET,OIL PAN",OIL PAN GASKET,ПРОКЛАДКА ПОДДОНА КАРТЕРА,726.89,Cummins,,Q11-OP6100-11 QO11-OP6100-12
3043214,Cummins,"GASKET,OIL PAN",OIL PAN GASKET,ПРОКЛАДКА ПОДДОНА КАРТЕРА,1052.43,Cummins,,Q11-OP6100-11 QO11-OP6100-12
3043642,Cummins,,SPRING WASHER,ПРУЖИННАЯ ШАЙБА,,,,Q09-TB6054-03 QO09-TB6054-03
3043909,Cummins,,BUSHING,ВТУЛКА,,,,Q03-PP6871-02 QO03-PP6871-02
3044413,Cummins,,- 16 X 2 INCH,БОЛТ С НЕВЫПАДАЮЩЕЙ,,,,Q03-VC6720-02 QO03-VC6720-03
3046201,Cummins,,O RING SEAL,УПЛОТНИТЕЛЬНОЕ КОЛЬЦО,,,,Q02-TP6788-11 Q06-TP6788-11 Q07-FA6270-03 Q07-FH6722-01 Q11-LF6080-11 Q11-TP6788-11 QO02-TP6788-11 QO06-TP6788-11 QO07-FA6270-05 QO07-FH6722-01 QO11-LF6080-12 QO11-TP6788-11
3046202,Cummins,,- 16 UNF,РЕЗЬБОВАЯ ПРОБКА,,,,Q02-TP6788-11 Q06-TP6788-11 Q07-FA6270-03 Q07-FH6722-01 Q11-LF6080-11 Q11-TP6788-11 QO02-TP6788-11 QO06-TP6788-11 QO07-FA6270-05 QO07-FH6722-01 QO11-LF6080-12 QO11-TP6788-11
3046409,Cummins,Болт,- 18 X 2 INCH,БОЛТ С ШЕСТИГРАННОЙ ГОЛОВКОЙ,1043.89,Cummins,,Q09-TB6054-03 QO09-TB6054-03
3046410,Cummins,Гайка,- 18 UNF,СТАНДАРТНАЯ ШЕСТИГРАННАЯ ГАЙКА,77.39,Cummins,,Q09-TB6054-03 QO09-TB6054-03
3046852,Cummins,,ACCESSORY DRIVE SUPPORT GASKET,ПРОКЛАДКА ОПОРЫ ПРИВОДА ВСПОМОГАТЕЛЬНЫХ АГРЕГАТОВ,,,,Q07-DP6726-00 QO07-DP6726-00
3046943,Cummins,"SEAL,ORING",O RING SEAL,УПЛОТНИТЕЛЬНОЕ КОЛЬЦО,59.25,Cummins,,Q06-HC6017-01 Q11-PL6775-04 QO06-HC6017-01 QO11-PL6775-05
3047924,Cummins,"SCREW,HEXAGONHEADSET",- 20 X 1 INCH,ВИНТ С ШЕСТИГРАННОЙ,506.47,Cummins,,Q03-RL6718-10 QO03-RL6718-10
3049164,Cummins,,ROCKER LEVER SHAFT,ОСЬ КОРОМЫСЛА,,,,Q03-RL6718-10 QO03-RL6718-10
3050692,Cummins,"SWITCH,MAGNETIC",MAGNETIC SWITCH,ЭЛЕКТРОМАГНИТНЫЙ ВЫКЛЮЧАТЕЛЬ,2909.05,Cummins,,Q08-SB6004-01 QO08-SB6004-01
3050897,Cummins,,THREADED PLUG,РЕЗЬБОВАЯ ПРОБКА,,,,Q06-HC6017-01 QO06-HC6017-01
3050944,Cummins,"GASKET,FLANGE",FLANGE GASKET,ПРОКЛАДКА ФЛАНЦА,237.13,Cummins,,Q06-TH6728-07 QO06-TH6728-07
3050945,Cummins,,WATER INLET CONNECTION,ВХОДНОЙ ВОДЯНОЙ ПАТРУБОК,,,,Q04-WP6704-14 Q06-WP6704-14 QO04-WP6704-14 QO06-WP6704-14
3051716,Cummins,Выпускной патрубок,EXHAUST OUTLET CONNECTION,ВЫПУСКНОЙ СОЕДИНИТЕЛЬНЫЙ ПАТРУБОК,24384.53,Cummins,,Q09-TB6054-03 QO09-TB6054-03
3051719,Cummins,,EXHAUST OUTLET CONNECTION,ВЫПУСКНОЙ СОЕДИНИТЕЛЬНЫЙ ПАТРУБОК,,,,Q09-TB6054-03 QO09-TB6054-03
3051779,Cummins,"GASKET,CONNECTION",CONNECTION GASKET,ПРОКЛАДКА СОЕДИНИТЕЛЬНОГО ПАТРУБКА,183.36,Cummins,,Q09-TB6054-03 QO09-TB6054-03
3051793,Cummins,,TURBOCHARGER SUPPORT,ОПОРА ТУРБОНАГНЕТАТЕЛЯ,,,,Q09-TB6054-03 QO09-TB6054-03
3052197,Cummins,Прокладка,CONNECTION GASKET,ПРОКЛАДКА СОЕДИНИТЕЛЬНОГО ПАТРУБКА,84.55,Cummins,,Q02-TP6777-08 Q06-TP6777-08 Q11-TP6777-08 QO02-TP6777-08 QO06-TP6777-08 QO11-TP6777-08
3055069,Cummins,,18 UNS,РЕЗЬБОВАЯ ПРОБКА,,,,Q11-OP6100-11 QO11-OP6100-12
3055119,Cummins,Выпускной патрубок,EXHAUST OUTLET CONNECTION,ВЫПУСКНОЙ СОЕДИНИТЕЛЬНЫЙ ПАТРУБОК,11553.86,Cummins,,Q09-TB6054-03 QO09-TB6054-03
3055120,Cummins,,TURBOCHARGER BRACKET,КРОНШТЕЙН ТУРБОНАГНЕТАТЕЛЯ,,,,Q09-TB6054-03 QO09-TB6054-03
3055132,Cummins,,- 18 X 2 INCH,БОЛТ С ШЕСТИГРАННОЙ ГОЛОВКОЙ,,,,Q09-TB6054-03 QO09-TB6054-03
3055695,Cummins,"GASKET,EXH OUT CONNECTION",EXHAUST OUTLET CONNECTION GASKET,ПРОКЛАДКА ВЫПУСКНОГО СОЕДИНИТЕЛЬНОГО ПАТРУБКА,961.3,Cummins,,Q09-TB6054-03 QO09-TB6054-03
3057139,Cummins,"ROD,PUSH",PUSH ROD,ШТАНГА ТОЛКАТЕЛЯ,1038.97,Cummins,,Q03-RL6718-10 QO03-RL6718-10
3058423,Cummins,,PRESSURE LIMITER PLUNGER,ПЛУНЖЕР ОГРАНИЧИТЕЛЯ ДАВЛЕНИЯ,,,,Q03-BB67054-00 QO03-BB67054-01
3058424,Cummins,,COMPRESSION SPRING,НАЖИМНАЯ ПРУЖИНА,,,,Q03-BB67054-00 QO03-BB67054-01
3062329,Cummins,,WIRE TIE CLAMP,ЗАЖИМ КАБЕЛЬНОЙ СТЯЖКИ,,,,Q07-DP6726-00 QO07-DP6726-00
3063166,Cummins,"SEAL,ORING",O RING SEAL,УПЛОТНИТЕЛЬНОЕ КОЛЬЦО,113.43,Cummins,,Q11-PL6775-04 QO11-PL6775-05
3063556,Cummins,,HEXAGON FLANGE NUT,,,,,QO08-PH67002-05
3064321,Cummins,,- 16 X INCH,БОЛТ С НЕВЫПАДАЮЩЕЙ ШАЙБОЙ,,,,Q05-WR67101-00 Q08-WR67101-00 QO05-WR67101-01 QO08-WR67101-01
3065830,Cummins,Oil seal,OIL SEAL,САЛЬНИК,1525.79,Cummins,,Q07-FA6270-03 QO07-FA6270-05
3066938,Cummins,"SEAL,ORING",O RING SEAL,УПЛОТНИТЕЛЬНОЕ КОЛЬЦО,47.92,Cummins,,Q10-FD6740-01 QO10-FD6740-01
3069026,Cummins,,- 14 X 3 INCH,БОЛТ С ГОЛОВКОЙ ПОД ТОРЦЕВОЙ КЛЮЧ,,,,Q03-GG6908-00 Q07-GG6908-00 QO03-GG6908-02 QO07-GG6908-02
3069776,Cummins,,CRANKSHAFT ADAPTER,ПЕРЕХОДНИК КОЛЕНЧАТОГО ВАЛА,,,,Q07-DA6703-03 QO07-DA6703-03
3069779,Cummins,"SCREW,FRACTURERESISTANT",- 16 X 4 INCH,ВЫСОКОПРОЧНЫЙ БОЛТ,736.11,Cummins,,Q07-DA6703-03 QO07-DA6703-03
3069781,Cummins,,CRANKSHAFT SPACER,РАСПОРНАЯ ВТУЛКА КОЛЕНЧАТОГО ВАЛА,,,,Q07-DA6703-03 QO07-DA6703-03
3075658,Cummins,"SEAL,ORING",O RING SEAL,УПЛОТНИТЕЛЬНОЕ КОЛЬЦО,74.94,Cummins,,Q11-PL6775-04 QO11-PL6775-05
3077538,Cummins,,CAM FOLLOWER SHAFT,ОСЬ ТОЛКАТЕЛЯ,,,,Q03-BB67054-00 QO03-BB67054-01
3078053,Cummins,,- 16 X 3 INCH,БОЛТ С НЕВЫПАДАЮЩЕЙ ШАЙБОЙ,,,,Q03-BB67054-00 QO03-BB67054-01
3078218,Cummins,,CAM FOLLOWER SHAFT,ОСЬ ТОЛКАТЕЛЯ,,,,Q03-BB67054-00 QO03-BB67054-01
3081489,Cummins,,OIL SEAL,САЛЬНИК,,,,Q03-BB67054-00 QO03-BB67054-01
3081735,Cummins,Болт,- 16 X 8 INCH,БОЛТ С ШЕСТИГРАННОЙ ГОЛОВКОЙ,526.08,Cummins,,Q02-TB6802-18 Q06-TB6802-18 QO02-TB6802-20 QO06-TB6802-20
3082358,Cummins,,O RING SEAL,УПЛОТНИТЕЛЬНОЕ КОЛЬЦО,,,,Q02-TB6802-18 Q06-TB6802-18 QO02-TB6802-20 QO06-TB6802-20
3085185,Cummins,,TEMPERATURE SENSOR,,,,,QO08-PH67002-05
3085198,Cummins,,TEMPERATURE SENSOR,ДАТЧИК ТЕМПЕРАТУРЫ,,,,Q08-PH67002-03 QO08-PH67002-05
3085709,Cummins,"SEAL,ORING",O RING SEAL,УПЛОТНИТЕЛЬНОЕ КОЛЬЦО,47.36,Cummins,,Q10-FP6990-02 QO10-FP6990-03
3085759,Cummins,,O RING PLUG,УПЛОТНИТЕЛЬНОЕ КОЛЬЦО ПРОБКИ,,,,Q06-HC6017-01 QO06-HC6017-01
3086192,Cummins,"INSERT,VALVE",VALVE INSERT,СЕДЛО КЛАПАНА,1093.65,Cummins,,Q02-PP43379-09 Q03-PP43379-09 Q10-PP43379-09 QO02-PP43379-10 QO03-PP43379-10 QO10-PP43379-10
3086193,Cummins,"INSERT,VALVE",VALVE INSERT,СЕДЛО КЛАПАНА,1030.33,Cummins,,Q02-PP43379-09 Q03-PP43379-09 Q10-PP43379-09 QO02-PP43379-10 QO03-PP43379-10 QO10-PP43379-10
3086362,Cummins,"CROSSHEAD,VALVE",VALVE CROSSHEAD,КРЕЙЦКОПФ,1713.85,Cummins,,Q03-RL6718-10 QO03-RL6718-10
3087561,Cummins,,OIL PAN,ПОДДОН КАРТЕРА,,,,Q11-OP6100-11 QO11-OP6100-12
3088389,Cummins,,EXHAUST VALVE,ВЫПУСКНОЙ КЛАПАН,,,,Q02-PP43379-09 Q03-PP43379-09 Q10-PP43379-09 QO02-PP43379-10 QO03-PP43379-10 QO10-PP43379-10
3089019,Cummins,"SEAL,ORING",O RING SEAL,УПЛОТНИТЕЛЬНОЕ КОЛЬЦО,244.37,Cummins,,Q07-DP6726-00 Q10-FP6990-02 QO07-DP6726-00 QO10-FP6990-03
3089240,Cummins,"SEAL,ORING",O RING SEAL,УПЛОТНИТЕЛЬНОЕ КОЛЬЦО,77.39,Cummins,,Q07-FA6270-03 Q10-FD6740-01 Q10-FF6249-06 Q10-FP6990-02 QO07-FA6270-05 QO10-FD6740-01 QO10-FF6249-06 QO10-FP6990-03
3089321,Cummins,,MOUNTING SPACER,ВТУЛКА КРЕПЛЕНИЯ,,,,Q09-TB6771-06 QO09-TB6771-06
3089409,Cummins,Втулка,BUSHING,ВТУЛКА УПЛОТНЕНИЕ С,2171.25,Cummins,,Q07-DP6726-00 QO07-DP6726-00
3090450,Cummins,,Available Kits,МАСЛОСЪЕМНОЕ ПОРШНЕВОЕ КОЛЬЦО,,,,Q03-PP6871-02 QO03-PP6871-02
3093937,Cummins,,X 1.75 X 20,БОЛТ С ФЛАНЦЕВОЙ ШЕСТИГРАННОЙ ГОЛОВКОЙ,,,,Q10-FP6990-02 QO10-FP6990-03
3093957,Cummins,,X 1.5 X 16,БОЛТ С ФЛАНЦЕВОЙ ШЕСТИГРАННОЙ ГОЛОВКОЙ,,,,Q10-FT60821-15 QO10-FT60821-15
3095278,Cummins,Сальник коленчатого вала передний,OIL SEAL,САЛЬНИК,2650.54,Cummins,,Q03-GG6908-00 Q07-GG6908-00 QO03-GG6908-02 QO07-GG6908-02
3095293,Cummins,,MALE UNION,ШТУЦЕР,,,,Q07-FA6270-03 Q10-FD6740-01 QO07-FA6270-05 QO10-FD6740-01
3095295,Cummins,,MALE ADAPTER UNION,ПЕРЕХОДНЫЙ ФИТИНГ С НАРУЖНОЙ РЕЗЬБОЙ,,,,Q02-TP6788-11 Q06-TP6788-11 Q11-TP6788-11 QO02-TP6788-11 QO06-TP6788-11 QO11-TP6788-11
3099697,Cummins,,MALE UNION,ШТУЦЕР,,,,Q10-DL6043-02 Q10-FP6881-02 QO10-DL6043-02 QO10-FP6881-02
3099698,Cummins,Штуцер,MALE UNION,ШТУЦЕР,703.37,Cummins,,Q10-DL6043-02 Q10-FP6881-02 QO10-DL6043-02 QO10-FP6881-02
3101060,Cummins,,MALE UNION,ШТУЦЕР,,,,Q10-FD6740-01 QO10-FD6740-01
3101191,Cummins,,MALE UNION,ШТУЦЕР,,,,Q10-FD6740-01 QO10-FD6740-01
3102651,Cummins,БОЛТ ФЛАНЦЕВЫЙ КРЫШКИ ГОЛОВКИ БЛОКА,X 1.5 X 60,БОЛТ С ФЛАНЦЕВОЙ ШЕСТИГРАННОЙ ГОЛОВКОЙ,47.52,Cummins,,Q02-PP43379-09 Q03-PP43379-09 Q10-PP43379-09 QO02-PP43379-10 QO03-PP43379-10 QO10-PP43379-10
3171287,Cummins,"GASKET,CONNECTION",CONNECTION GASKET,ПРОКЛАДКА СОЕДИНИТЕЛЬНОГО ПАТРУБКА,66.49,Cummins,,Q02-TB6802-18 Q06-TB6802-18 QO02-TB6802-20 QO06-TB6802-20
3171722,Cummins,,MALE UNION,ШТУЦЕР,,,,Q10-FP6990-02 QO10-FP6990-03
3171723,Cummins,,MALE UNION,ШТУЦЕР,,,,Q10-FP6990-02 QO10-FP6990-03
3171818,Cummins,,MALE UNION,ШТУЦЕР,,,,Q10-FF6249-06 QO10-FF6249-06
3171819,Cummins,,MALE UNION,ШТУЦЕР,,,,Q10-FF6249-06 QO10-FF6249-06
3171883,Cummins,,MALE UNION ELBOW,ПРОХОДНОЙ УГЛОВОЙ СОЕДИНИТЕЛЬ С НАРУЖНОЙ РЕЗЬБОЙ,,,,Q10-FD6740-01 Q10-FF6249-06 QO10-FD6740-01 QO10-FF6249-06
3171973,Cummins,,MALE UNION ELBOW,ПРОХОДНОЙ УГЛОВОЙ СОЕДИНИТЕЛЬ С НАРУЖНОЙ РЕЗЬБОЙ,,,,Q10-FD6740-01 Q10-FF6249-06 QO10-FD6740-01 QO10-FF6249-06
3175027,Cummins,,PLAIN WASHER,ПЛОСКАЯ ШАЙБА,,,,Q07-DF6009-03 QO07-DF6009-03
3175058,Cummins,,CLIP,ФИКСАТОР,,,,Q02-TP6777-08 Q06-TP6777-08 Q11-TP6777-08 QO02-TP6777-08 QO06-TP6777-08 QO11-TP6777-08
3175239,Cummins,,LOCK NUT,СТОПОРНАЯ ГАЙКА,,,,Q05-WR67101-00 Q06-TB6817-15 Q08-WR67101-00 Q11-PL6775-04 QO05-WR67101-01 QO06-TB6817-15 QO08-WR67101-01 QO11-PL6775-05 QO12-SG6894-01
3175255,Cummins,,CRANKSHAFT GEAR,ШЕСТЕРНЯ КОЛЕНЧАТОГО ВАЛА,,,,Q03-BB67054-00 QO03-BB67054-01
3175281,Cummins,,BEARING SUPPORT,ОПОРА ПОДШИПНИКА,,,,Q03-BB67054-00 QO03-BB67054-01
3175517,Cummins,,FLANGE GASKET,ПРОКЛАДКА ФЛАНЦА,,,,Q03-BB67054-00 QO03-BB67054-01
3175522,Cummins,,COVER PLATE,КРЫШКА,,,,Q03-BB67054-00 QO03-BB67054-01
3175805,Cummins,BUSHING,BUSHING,ВТУЛКА,218.83,Cummins,,Q03-BB67054-00 QO03-BB67054-01
3175857,Cummins,,WATER PUMP SUPPORT,ОПОРА ВОДЯНОГО НАСОСА,,,,Q04-WP6704-14 Q06-WP6704-14 QO04-WP6704-14 QO06-WP6704-14
3176216,Cummins,,CRANKSHAFT COUNTER WEIGHT,ПРОТИВОВЕС КОЛЕНЧАТОГО ВАЛА,,,,Q03-BB67054-00 QO03-BB67054-01
3176414,Cummins,,INCH,ПЛОСКАЯ ШАЙБА,,,,Q09-TB6054-03 QO09-TB6054-03
3176465,Cummins,,- 14 X 5 INCH,БОЛТ С ШЕСТИГРАННОЙ ГОЛОВКОЙ,,,,Q07-FH6073-05 QO07-FH6073-06
3176609,Cummins,,CRANKCASE BREATHER,САПУН КАРТЕРА ДВИГАТЕЛЯ,,,,Q11-BR6801-02 QO11-BR6801-02
3176618,Cummins,,DIAMOND DOWEL,РОМБОВИДНЫЙ ШТИФТ,,,,Q03-BB67054-00 QO03-BB67054-01
3176642,Cummins,,LUBRICATING OIL SUCTION TUBE,МАСЛОЗАБОРНАЯ ТРУБКА,,,,Q11-OP6100-11 QO11-OP6100-12
3176772,Cummins,"SHAFT,ROCKERLEVER",ROCKER LEVER SHAFT,ОСЬ КОРОМЫСЛА,2189.37,Cummins,,Q03-RL6718-10 QO03-RL6718-10
3176857,Cummins,,RING DOWEL,НАПРАВЛЯЮЩАЯ ВТУЛКА,,,,Q03-BB67054-00 QO03-BB67054-01
3176918,Cummins,,,КАРТЕР РАСПРЕДЕЛИТЕЛЬНЫХ ШЕСТЕРЕН,,,,Q03-BB67054-00
3177040,Cummins,,SHUTOFF VALVE SHAFT,,,,,QO06-WF6101-02
3177045,Cummins,,PLAIN WASHER,ПЛОСКАЯ ШАЙБА,,,,Q07-FA6270-03 QO07-FA6270-05
3177128,Cummins,"SLEEVE,WEAR",WEAR SLEEVE,РЕМОНТНАЯ ВТУЛКА,4356.12,Cummins,,Q07-FA6270-03 QO07-FA6270-05
3177129,Cummins,Thrust washer,THRUST BEARING,УПОРНЫЙ ПОДШИПНИК,653.91,Cummins,,Q07-FA6270-03 QO07-FA6270-05
3177160,Cummins,Прокладка передней крышки,GEAR COVER GASKET,ПРОКЛАДКА КРЫШКИ РАСПРЕДЕЛИТЕЛЬНЫХ ШЕСТЕРЕН,3566.32,Cummins,,Q03-GG6908-00 Q07-GG6908-00 QO03-GG6908-02 QO07-GG6908-02
3177433,Cummins,,LUBRICATING OIL FILTER COVER,КРЫШКА МАСЛЯНОГО ФИЛЬТРА,,,,Q11-LF6080-11 QO11-LF6080-12
3177509,Cummins,,BUSHING,ВТУЛКА,,,,Q03-GG6908-00 Q07-GG6908-00 QO03-GG6908-02 QO07-GG6908-02
3177510,Cummins,,BUSHING,ВТУЛКА,,,,Q03-GG6908-00 Q07-GG6908-00 QO03-GG6908-02 QO07-GG6908-02
3177945,Cummins,,- 18 X 3 INCH,ВЫСОКОПРОЧНЫЙ БОЛТ,,,,Q03-BB67054-00 QO03-BB67054-01
3178457,Cummins,,INCH,ПЛОСКАЯ ШАЙБА,,,,Q03-BB67054-00 QO03-BB67054-01
3178743,Cummins,,OIL PAN COVER,КРЫШКА ПОДДОНА КАРТЕРА,,,,Q11-OP6100-11 QO11-OP6100-12
3178785,Cummins,,HAND HOLE COVER,КРЫШКА СМОТРОВОГО ЛЮЧКА,,,,Q11-OB67067-07 QO11-OB67067-07
3178837,Cummins,Запорный клапан,,ОТСЕЧНОЙ КЛАПАН,1931.49,Cummins,,Q06-WF6044-05 Q06-WF6707-03
3178838,Cummins,,,ГЛАДКИЙ ПЕРЕХОДНИК МУФТА- НИППЕЛЬ,,,,Q06-WF6044-05
3178947,Cummins,,- 24 X 1 INCH,БОЛТ С ШЕСТИГРАННОЙ ГОЛОВКОЙ,,,,Q03-BB67054-00 QO03-BB67054-01
3179000,Cummins,,PIN DOWEL,НАПРАВЛЯЮЩИЙ ШТИФТ,,,,Q03-BB67054-00 QO03-BB67054-01
3179565,Cummins,,CRANKSHAFT PULLEY,ШКИВ КОЛЕНЧАТОГО ВАЛА,,,,Q07-DA6703-03 QO07-DA6703-03
3200287,Cummins,,KEYWAY SEAL,,,,,QO07-AD6025-03 QO07-PU6708-03
3201128,Cummins,,- 16 UNC,СТАНДАРТНАЯ ШЕСТИГРАННАЯ ГАЙКА,,,,Q05-WR67101-00 Q08-WR67101-00 Q09-TB6054-03 Q11-BR6801-02 Q11-OP6100-11 QO05-WR67101-01 QO08-WR67101-01 QO09-TB6054-03 QO11-BR6801-02 QO11-OP6100-12
3201585,Cummins,"SEAL,ORING",O RING SEAL,УПЛОТНИТЕЛЬНОЕ КОЛЬЦО,82.22,Cummins,,Q11-PL6775-04 QO11-PL6775-05
3202032,Cummins,,MOUNTING SPACER,ВТУЛКА КРЕПЛЕНИЯ,,,,Q02-TP6777-08 Q06-TP6777-08 Q11-TP6777-08 QO02-TP6777-08 QO06-TP6777-08 QO11-TP6777-08
3202101,Cummins,,- 12 UN,РЕЗЬБОВАЯ ПРОБКА,,,,Q06-HC6017-01 QO06-HC6017-01
3202222,Cummins,,- 13 X 1 INCH,ГАЙКА БОЛТ С ШЕСТИГРАННОЙ ГОЛОВКОЙ,,,,Q09-TB6054-03 Q10-FP6990-02 QO09-TB6054-03 QO10-FP6990-03
3252438,Cummins,,TUBE CONNECTOR,ФИТИНГ ТРУБОПРОВОДА,,,,Q04-WP6704-14 Q06-WP6704-14 QO04-WP6704-14 QO06-WP6704-14
3279054,Cummins,,- 14 X 5 INCH,БОЛТ С ШЕСТИГРАННОЙ ГОЛОВКОЙ,,,,Q07-FA6270-03 QO07-FA6270-05
3285368,Cummins,,ELBOW HOSE COUPLING,КОЛЕНЧАТАЯ МУФТА ШЛАНГА,,,,Q10-FT60821-15 QO10-FT60821-15
3285406,Cummins,,ELBOW HOSE COUPLING,КОЛЕНЧАТАЯ МУФТА ШЛАНГА,,,,Q10-FT60821-15 QO10-FT60821-15
3330159,Cummins,"SEAL,ORING",10 View Kits Details,УПЛОТНИТЕЛЬНОЕ КОЛЬЦО,46.66,Cummins,,Q08-PH67002-03 Q08-PH6943-01 QO08-PH67002-05 QO08-PH6943-01
3331089,Cummins,"SEAL,O RING",O RING SEAL,УПЛОТНИТЕЛЬНОЕ КОЛЬЦО,55.59,Cummins,,Q10-FT60821-15 QO10-FT60821-15
3331818,Cummins,Фитинг 90гр,MALE UNION ELBOW,ПРОХОДНОЙ УГЛОВОЙ СОЕДИНИТЕЛЬ С НАРУЖНОЙ РЕЗЬБОЙ,3246.79,Cummins,,Q10-FP6990-02 QO10-FP6990-03
3331819,Cummins,,MALE UNION ELBOW,ПРОХОДНОЙ УГЛОВОЙ СОЕДИНИТЕЛЬ С НАРУЖНОЙ РЕЗЬБОЙ,,,,Q10-FP6990-02 QO10-FP6990-03
3331924,Cummins,,TURBOCHARGER GASKET,,,,,QO02-PP6836-07
3332160,Cummins,"SEAL,ORING",O RING SEAL,УПЛОТНИТЕЛЬНОЕ КОЛЬЦО,78.49,Cummins,,Q11-PL6775-04 QO11-PL6775-05
3332383,Cummins,,BARRING SHAFT,ВАЛ МЕХАНИЗМА ПРОВОРАЧИВАНИЯ КОЛЕНЧАТОГО ВАЛА,,,,Q07-CB6705-03 QO07-CB6705-03
3335003,Cummins,,X 1.5 X 30,БОЛТ С ШЕСТИГРАННОЙ ГОЛОВКОЙ,,,,Q09-TB6054-03 QO09-TB6054-03
3335041,Cummins,,X 1.25 X 25,БОЛТ С ШЕСТИГРАННОЙ ГОЛОВКОЙ,,,,Q02-TP6777-08 Q06-TP6777-08 Q11-TP6777-08 QO02-TP6777-08 QO06-TP6777-08 QO11-TP6777-08
3335046,Cummins,,X 1.5 X 40,БОЛТ С ШЕСТИГРАННОЙ ГОЛОВКОЙ,,,,Q09-TB6054-03 QO09-TB6054-03
3348871,Cummins,,O RING SEAL,УПЛОТНИТЕЛЬНОЕ КОЛЬЦО,,,,Q02-TP6788-11 Q06-TP6788-11 Q07-FA6270-03 Q11-TP6788-11 QO02-TP6788-11 QO06-TP6788-11 QO07-FA6270-05 QO11-TP6788-11
3400817,Cummins,"RING,RETAINING",RETAINING RING,СТОПОРНОЕ КОЛЬЦО,169.12,Cummins,,Q10-FT60821-15 QO10-FT60821-15
3408250,Cummins,,VIBRATION ISOLATOR,ВИБРОИЗОЛЯТОР,,,,Q08-SB6004-01 QO08-SB6004-01
3410273,Cummins,,MOUNTING SPACER,ВТУЛКА КРЕПЛЕНИЯ,,,,Q02-TP6777-08 Q06-TP6777-08 Q11-TP6777-08 QO02-TP6777-08 QO06-TP6777-08 QO11-TP6777-08
3502449,Cummins,,RECTANGULAR RING SEAL,УПЛОТНИТЕЛЬНОЕ КОЛЬЦО ПРЯМОУГОЛЬНОГО,,,,Q02-PP6836-06 QO02-PP6836-07
3504967,Cummins,,PLAIN WASHER,ПЛОСКАЯ ШАЙБА,,,,Q02-PP6836-06 QO02-PP6836-07
3519163,Cummins,,DRIVE SCREW,СЕЧЕНИЯ КРЕПЕЖНЫЙ ВИНТ,,,,Q02-PP6836-06 QO02-PP6836-07
3519641,Cummins,,RETAINING RING,СТОПОРНОЕ КОЛЬЦО РЕГУЛИРОВОЧНЫЙ,,,,Q02-PP6836-06 QO02-PP6836-07
3521225,Cummins,"SCREW,HEXAGON HEAD SET",X 1.25 X 16,ВИНТ С ШЕСТИГРАННОЙ ГОЛОВКОЙ,181.07,Cummins,,Q02-PP6836-06 QO02-PP6836-07
3521442,Cummins,,SPLIT RING SEAL,УПЛОТНИТЕЛЬНОЕ РАЗРЕЗНОЕ КОЛЬЦО,,,,Q02-PP6836-06 QO02-PP6836-07
3522597,Cummins,,ROLL PIN,ЦИЛИНДРИЧЕСКИЙ ШТИФТ,,,,Q02-PP6836-06 QO02-PP6836-07
3522904,Cummins,LOCKPLATE,LOCKPLATE,КОНТРОВОЧНАЯ ШАЙБА,161.44,Cummins,,Q02-PP6836-06 QO02-PP6836-07
3523412,Cummins,,SPLIT RING SEAL,УПЛОТНИТЕЛЬНОЕ РАЗРЕЗНОЕ КОЛЬЦО,,,,Q02-PP6836-06 QO02-PP6836-07
3523980,Cummins,,OIL SLINGER,МАСЛООТРАЖАТЕЛЬ,,,,Q02-PP6836-06 QO02-PP6836-07
3524285,Cummins,,TURBOCHARGER THRUST BEARING,УПОРНЫЙ ПОДШИПНИК ТУРБОНАГНЕТАТЕЛЯ,,,,Q02-PP6836-06 QO02-PP6836-07
3524414,Cummins,,LOCK NUT,СТОПОРНАЯ ГАЙКА,,,,Q02-PP6836-06 QO02-PP6836-07
3524418,Cummins,,SHIM,РЕГУЛИРОВОЧНАЯ ПРОКЛАДКА,,,,Q02-PP6836-06 QO02-PP6836-07
3524419,Cummins,,OIL BAFFLE,МАСЛООТРАЖАТЕЛЬ УПЛОТНИТЕЛЬНОЕ,,,,Q02-PP6836-06 QO02-PP6836-07
3524596,Cummins,,OIL BAFFLE,МАСЛООТРАЖАТЕЛЬ,,,,Q02-PP6836-06 QO02-PP6836-07
3524693,Cummins,,O RING SEAL,УПЛОТНИТЕЛЬНОЕ КОЛЬЦО,,,,Q02-PP6836-06 QO02-PP6836-07
3524818,Cummins,,OIL SLINGER,МАСЛООТРАЖАТЕЛЬ РЕГУЛИРОВОЧНЫЙ,,,,Q02-PP6836-06 QO02-PP6836-07
3525073,Cummins,,X 1.25 X 25,ВИНТ С ШЕСТИГРАННОЙ ГОЛОВКОЙ,,,,Q02-PP6836-06 QO02-PP6836-07
3525749,Cummins,,SHAFT WHEEL ROTOR,ВАЛ РАБОЧЕГО КОЛЕСА,,,,Q02-PP6836-06 QO02-PP6836-07
3525991,Cummins,,TURBOCHARGER HEAT SHIELD,ТЕПЛОЗАЩИТНЫЙ ЭКРАН ТУРБОНАГНЕТАТЕЛЯ,,,,Q02-PP6836-06 QO02-PP6836-07
3525993,Cummins,,TURBOCHARGER DIFFUSER,ДИФФУЗОР ТУРБОНАГНЕТАТЕЛЯ,,,,Q02-PP6836-06 QO02-PP6836-07
3526103,Cummins,,RETAINING RING,СТОПОРНОЕ КОЛЬЦО,,,,Q02-PP6836-06 QO02-PP6836-07
3526129,Cummins,,COMPRESSOR HOUSING,КОРПУС КОМПРЕССОРА,,,,Q02-PP6836-06 QO02-PP6836-07
3526875,Cummins,,TURBOCHARGER COMPRESSOR IMPELLER,РАБОЧЕЕ КОЛЕСО КОМПРЕССОРА ТУРБОНАГНЕТАТЕЛЯ,,,,Q02-PP6836-06 QO02-PP6836-07
3527368,Cummins,,SPLIT RING SEAL,УПЛОТНИТЕЛЬНОЕ РАЗРЕЗНОЕ КОЛЬЦО,,,,Q02-PP6836-06 QO02-PP6836-07
3527546,Cummins,,SPLIT RING SEAL,УПЛОТНИТЕЛЬНОЕ РАЗРЕЗНОЕ КОЛЬЦО,,,,Q02-PP6836-06 QO02-PP6836-07
3527619,Cummins,,DATAPLATE,ПАСПОРТНАЯ ТАБЛИЧКА,,,,Q02-PP6836-06 QO02-PP6836-07
3527937,Cummins,,V BAND CLAMP,СТЯЖНОЙ ЛЕНТОЧНЫЙ ХОМУТ,,,,Q02-PP6836-06 QO02-PP6836-07
3527939,Cummins,,V BAND CLAMP,СТЯЖНОЙ ЛЕНТОЧНЫЙ ХОМУТ,,,,Q02-PP6836-06 QO02-PP6836-07
3528072,Cummins,,TURBINE HOUSING,КОРПУС ТУРБИНЫ,,,,Q02-PP6836-06 QO02-PP6836-07
3529372,Cummins,,- 28 UNF,СТАНДАРТНАЯ ШЕСТИГРАННАЯ ГАЙКА,,,,Q02-PP6836-06
3529996,Cummins,,ROLL PIN,ЦИЛИНДРИЧЕСКИЙ ШТИФТ,,,,Q02-PP6836-06 QO02-PP6836-07
3529997,Cummins,,THRUST COLLAR,УПОРНОЕ КОЛЬЦО,,,,Q02-PP6836-06 QO02-PP6836-07
3533194,Cummins,,TURBOCHARGER BEARING,ПОДШИПНИК ТУРБОНАГНЕТАТЕЛЯ,,,,Q02-PP6836-06 QO02-PP6836-07
3533196,Cummins,,THRUST RING,УПОРНОЕ КОЛЬЦО,,,,Q02-PP6836-06 QO02-PP6836-07
3534405,Cummins,,RECTANGULAR RING SEAL,КОЛЬЦО ПРЯМОУГОЛЬНОГО СЕЧЕНИЯ,,,,Q02-PP6836-06 QO02-PP6836-07
3535611,Cummins,,TURBOCHARGER HEAT SHIELD,ТЕПЛОЗАЩИТНЫЙ ЭКРАН ТУРБОНАГНЕТАТЕЛЯ,,,,Q02-PP6836-06 QO02-PP6836-07
3537301,Cummins,,RETAINING RING,СТОПОРНОЕ КОЛЬЦО,,,,Q02-PP6836-06 QO02-PP6836-07
3539756,Cummins,,TURBOCHARGER NOISE BAFFLE,ШУМОПОГЛОЩАЮЩИЙ ЭКРАН ТУРБОНАГНЕТАТЕЛЯ,,,,Q02-PP6836-06 QO02-PP6836-07
3590377,Cummins,,SOCKET HEAD CAP SCREW,БОЛТ С ГОЛОВКОЙ ПОД ТОРЦЕВОЙ КЛЮЧ,,,,Q02-PP6836-06 QO02-PP6836-07
3590386,Cummins,,V BAND CLAMP,СТЯЖНОЙ ЛЕНТОЧНЫЙ ХОМУТ,,,,Q02-PP6836-06 QO02-PP6836-07
3590435,Cummins,Болт,SOCKET HEAD CAP SCREW,БОЛТ С ГОЛОВКОЙ ПОД ТОРЦЕВОЙ КЛЮЧ,254.23,Cummins,,Q02-PP6836-06 QO02-PP6836-07
3590444,Cummins,Гайка,LOCK NUT,СТОПОРНАЯ ГАЙКА,331.45,Cummins,,Q02-PP6836-06 QO02-PP6836-07
3590445,Cummins,,MOUNTING SPACER,ВТУЛКА КРЕПЛЕНИЯ,,,,Q02-PP6836-06 QO02-PP6836-07
3591522,Cummins,,THRUST COLLAR,УПОРНОЕ КОЛЬЦО,,,,Q02-PP6836-06 QO02-PP6836-07
3591532,Cummins,,TURBOCHARGER THRUST BEARING,УПОРНЫЙ ПОДШИПНИК ТУРБОНАГНЕТАТЕЛЯ,,,,Q02-PP6836-06 QO02-PP6836-07
3593400,Cummins,,COMPRESSOR HOUSING,КОРПУС КОМПРЕССОРА,,,,Q02-PP6836-06 QO02-PP6836-07
3595589,Cummins,,SHAFT WHEEL ROTOR,ВАЛ РАБОЧЕГО КОЛЕСА,,,,Q02-PP6836-06 QO02-PP6836-07
3598528,Cummins,,TURBOCHARGER BEARING,ПОДШИПНИК ТУРБОНАГНЕТАТЕЛЯ,,,,Q02-PP6836-06 QO02-PP6836-07
3609817,Cummins,,- 20 X INCH,БОЛТ С НЕВЫПАДАЮЩЕЙ ШАЙБОЙ,,,,Q08-PH67002-03 QO08-PH67002-05
3615745,Cummins,,WIRE TIE CLAMP,ЗАЖИМ КАБЕЛЬНОЙ СТЯЖКИ,,,,Q07-FA6270-03 QO07-FA6270-05
3627095,Cummins,"SCREW,HEXAGON HEAD CAP",- 24 X 3.01 INCH,БОЛТ С ШЕСТИГРАННОЙ ГОЛОВКОЙ,572.25,Cummins,,Q02-PP6836-06 QO02-PP6836-07
3627359,Cummins,,X 1.5 X 50,БОЛТ С ШЕСТИГРАННОЙ ГОЛОВКОЙ,,,,Q09-TB6054-03 QO09-TB6054-03
3627695,Cummins,"SEAL,ORING",O RING SEAL,УПЛОТНИТЕЛЬНОЕ КОЛЬЦО,76.98,Cummins,,Q02-TP6788-11 Q06-TP6788-11 Q07-FA6270-03 Q07-FA6757-00 Q10-FD6740-01 Q11-TP6788-11 QO02-TP6788-11 QO06-TP6788-11 QO07-FA6270-05 QO07-FA6757-00 QO10-FD6740-01 QO11-TP6788-11
3627697,Cummins,,MALE UNION,ШТУЦЕР,,,,Q07-FA6270-03 Q10-FD6740-01 QO07-FA6270-05 QO10-FD6740-01
3627699,Cummins,,MALE UNION,ШТУЦЕР,,,,Q02-TP6788-11 Q06-TP6788-11 Q11-TP6788-11 QO02-TP6788-11 QO06-TP6788-11 QO11-TP6788-11
3627781,Cummins,,IDLER PULLEY BRACKET,КРОНШТЕЙН НАТЯЖНОГО ШКИВА ПРОМЕЖУТОЧНОГО ШКИВА,,,,Q07-FA6270-03 QO07-FA6270-05
3627808,Cummins,,THERMOSTAT HOUSING SUPPORT,ОПОРА КОРПУСА ТЕРМОСТАТА,,,,Q06-TH6728-07 QO06-TH6728-07
3627834,Cummins,,LUBRICATING OIL PUMP GEAR,ШЕСТЕРНЯ МАСЛЯНОГО НАСОСА,,,,Q11-LP6709-02 QO11-LP6709-02
3627912,Cummins,,LUBRICATING OIL PUMP COVER,КРЫШКА МАСЛЯНОГО НАСОСА,,,,Q11-LP6709-02 QO11-LP6709-02
3627923,Cummins,Муфта вентилятора,FAN CLUTCH,МУФТА ВЕНТИЛЯТОРА,505676.3,Cummins,,Q07-FA6270-03 QO07-FA6270-05
3627927,Cummins,"PLUNGER,PRS REGULATOR",PRESSURE REGULATOR PLUNGER,ПЛУНЖЕР РЕГУЛЯТОРА ДАВЛЕНИЯ,2183.2,Cummins,,Q11-LF6080-11 QO11-LF6080-12
3627945,Cummins,,- 16 X 2 INCH,БОЛТ С ДВЕНАДЦАТИГРАННОЙ ГОЛОВКОЙ,,,,Q03-BB67054-00 QO03-BB67054-01
3627961,Cummins,"SEAL,THERMOSTAT",THERMOSTAT SEAL,УПЛОТНЕНИЕ ТЕРМОСТАТА,660.62,Cummins,,Q06-TB6817-15 Q06-TH6728-07 QO06-TB6817-15 QO06-TH6728-07
3628104,Cummins,,- 11 X 6 INCH,БОЛТ С ШЕСТИГРАННОЙ ГОЛОВКОЙ,,,,Q07-FA6270-03 QO07-FA6270-05
3628229,Cummins,,HAND HOLE COVER,КРЫШКА СМОТРОВОГО ЛЮЧКА,,,,Q11-OB67067-07 QO11-OB67067-07
3628402,Cummins,,OIL TUBE BRACKET,КРОНШТЕЙН МАСЛОПРОВОДА,,,,Q11-OP6100-11 QO11-OP6100-12
3628411,Cummins,,STARTER FLANGE COVER,КРЫШКА ФЛАНЦА СТАРТЕРА,,,,Q07-SM6720-01 Q08-SM6720-01 QO07-SM6720-01 QO08-SM6720-01
3628452,Cummins,,14 X 9 INCH,ВЫСОКОПРОЧНЫЙ БОЛТ,,,,Q03-BB67054-00 QO03-BB67054-01
3628522,Cummins,,MALE UNION,ШТУЦЕР,,,,Q07-FA6270-03 QO07-FA6270-05
3628553,Cummins,,TUBE BRACE,ПОДКОС ТРУБОПРОВОДА,,,,Q05-WR67101-00 Q08-WR67101-00 QO05-WR67101-01 QO08-WR67101-01
3628554,Cummins,,TUBE BRACE,ПОДКОС ТРУБОПРОВОДА,,,,Q10-FT60821-15 QO10-FT60821-15
3628585,Cummins,,TUBE BRACE,ПОДКОС ТРУБОПРОВОДА,,,,Q05-WR67101-00 Q08-WR67101-00 QO05-WR67101-01 QO08-WR67101-01
3628604,Cummins,,PIPE PLUG,ТРУБНАЯ ПРОБКА,,,,Q02-TB6802-18 Q06-TB6802-18 Q06-TB6817-15 Q06-TH6728-07 Q11-LF6080-11 Q11-OP6100-11 QO02-TB6802-20 QO06-TB6802-20 QO06-TB6817-15 QO06-TH6728-07 QO06-WF6101-02 QO11-LF6080-12 QO11-OP6100-12
3628605,Cummins,,PIPE PLUG,ТРУБНАЯ ПРОБКА,,,,Q02-TB6802-18 Q03-BB67054-00 Q03-GG6908-00 Q06-TB6802-18 Q06-TB6817-15 Q06-TH6728-07 Q07-GG6908-00 Q11-LF6080-11 Q11-PL6775-04 QO02-TB6802-20 QO03-BB67054-01 QO03-GG6908-02 QO06-TB6802-20 QO06-TB6817-15 QO06-TH6728-07 QO06-WP6721-01 QO07-GG6908-02 QO11-LF6080-12 QO11-PL6775-05
3628606,Cummins,,PIPE PLUG,ТРУБНАЯ ПРОБКА,,,,Q02-PP43379-09 Q03-GG6908-00 Q03-PP43379-09 Q06-TH6728-07 Q07-GG6908-00 Q10-PP43379-09 Q11-OP6100-11 QO02-PP43379-10 QO03-GG6908-02 QO03-PP43379-10 QO06-TH6728-07 QO07-GG6908-02 QO10-PP43379-10 QO11-OP6100-12
3628607,Cummins,,PIPE PLUG,ТРУБНАЯ ПРОБКА,,,,Q03-BB67054-00 Q06-TH6728-07 QO03-BB67054-01 QO06-TH6728-07
3628608,Cummins,,PIPE PLUG,ТРУБНАЯ ПРОБКА,,,,Q06-WI6029-03 Q11-OP6100-11 QO06-WI6029-03 QO11-OP6100-12
3628609,Cummins,,PIPE PLUG,ТРУБНАЯ ПРОБКА,,,,Q03-BB67040-00 Q06-BB67040-00 Q11-OP6100-11 QO03-BB67040-00 QO06-BB67040-00 QO11-OP6100-12
3628649,Cummins,"DAMPER,VISCOUSVIBRATION",VISCOUS VIBRATION DAMPER,ВЯЗКОСТНЫЙ ГАСИТЕЛЬ КРУТИЛЬНЫХ КОЛЕБАНИЙ,56331.34,Cummins,,Q07-DA6703-03 QO07-DA6703-03
3628650,Cummins,"DAMPER,VISCOUSVIBRATION",VISCOUS VIBRATION DAMPER,ВЯЗКОСТНЫЙ ГАСИТЕЛЬ КРУТИЛЬНЫХ КОЛЕБАНИЙ,49046.36,Cummins,,Q07-DA6703-03 QO07-DA6703-03
3628755,Cummins,,CAMSHAFT COVER,КРЫШКА РАСПРЕДЕЛИТЕЛЬНОГО ВАЛА,,,,Q03-CM6721-01 QO03-CM6721-01
3628798,Cummins,,CRANKSHAFT GEAR,ШЕСТЕРНЯ КОЛЕНЧАТОГО ВАЛА,,,,Q03-BB67054-00 QO03-BB67054-01
3628822,Cummins,,IDLER GEAR,ПРОМЕЖУТОЧНАЯ ШЕСТЕРНЯ,,,,Q03-BB67054-00 QO03-BB67054-01
3628823,Cummins,,IDLER GEAR,ПРОМЕЖУТОЧНАЯ ШЕСТЕРНЯ,,,,Q03-BB67054-00 QO03-BB67054-01
3628902,Cummins,,PLAIN WASHER,ПЛОСКАЯ ШАЙБА,,,,Q02-PP43379-09 Q02-TP6777-08 Q03-CM6721-01 Q03-PP43379-09 Q05-WR67101-00 Q06-TP6777-08 Q06-WI6029-03 Q08-WR67101-00 Q09-TB6054-03 Q10-PP43379-09 Q11-BR6801-02 Q11-OB67067-07 Q11-TP6777-08 QO02-PP43379-10 QO02-TP6777-08 QO03-CM6721-01 QO03-PP43379-10 QO05-WR67101-01 QO06-TP6777-08 QO06-WI6029-03 QO08-WR67101-01 QO09-TB6054-03 QO10-PP43379-10 QO11-BR6801-02 QO11-OB67067-07 QO11-TP6777-08
3628937,Cummins,,ACCESSORY DRIVE PULLEY,,,,,QO07-PU6708-03
3628963,Cummins,,MALE UNION ELBOW,ПРОХОДНОЙ УГЛОВОЙ СОЕДИНИТЕЛЬ С НАРУЖНОЙ РЕЗЬБОЙ,,,,Q11-PL6775-04 QO11-PL6775-05
3628969,Cummins,Шплинтовочная пластина,LOCKPLATE,КОНТРОВОЧНАЯ ШАЙБА,90.55,Cummins,,Q09-TB6771-06 QO09-TB6771-06
3629112,Cummins,"CAP,FILLER",FILLER CAP,КРЫШКА НАЛИВНОЙ ГОРЛОВИНЫ,1935.08,Cummins,,Q11-OB67067-07 QO11-OB67067-07
3629141,Cummins,"GASKET,LUB OIL FIL COVER",LUBRICATING OIL FILTER COVER GASKET,ПРОКЛАДКА КРЫШКИ МАСЛЯНОГО ФИЛЬТРА,204.56,Cummins,,Q11-LF6080-11 QO11-LF6080-12
3629168,Cummins,"PLUG,EXPANSION",EXPANSION PLUG,КОМПЕНСАЦИОННАЯ ЗАГЛУШКА,71.52,Cummins,,Q03-BB67054-00 QO03-BB67054-01
3629371,Cummins,,CRANKSHAFT ADAPTER,ПЕРЕХОДНИК КОЛЕНЧАТОГО ВАЛА,,,,Q07-FW6075-04 QO07-FW6075-05
3629373,Cummins,FLEXPLATE,FLEXPLATE,ЭЛАСТИЧНАЯ МУФТА,119302.59,Cummins,,Q07-FW6075-04 QO07-FW6075-05
3629451,Cummins,,CLIP,ФИКСАТОР,,,,Q02-TP6777-08 Q06-TP6777-08 Q11-TP6777-08 QO02-TP6777-08 QO06-TP6777-08 QO11-TP6777-08
3629494,Cummins,Угловой переходник,,УГЛОВОЙ ПЕРЕХОДНИК С НАРУЖНОЙ РЕЗЬБОЙ,1899.69,Cummins,,Q06-WF6707-03
3629496,Cummins,Угловой переходник,,УГЛОВОЙ ПЕРЕХОДНИК С НАРУЖНОЙ РЕЗЬБОЙ,1999.57,Cummins,,Q06-WF6044-05 Q06-WF6707-03
3629546,Cummins,,AIR INTAKE CONNECTION,ВПУСКНОЙ ВОЗДУШНЫЙ ПАТРУБОК,,,,Q09-TB6054-03 QO09-TB6054-03
3629962,Cummins,,PLAIN WASHER,ПЛОСКАЯ ШАЙБА,,,,Q02-PP43379-09 Q03-PP43379-09 Q07-LA6716-02 Q10-PP43379-09 QO02-PP43379-10 QO03-PP43379-10 QO07-LA6716-02 QO10-PP43379-10
3630018,Cummins,,AIR INTAKE CONNECTION,ВПУСКНОЙ ВОЗДУШНЫЙ ПАТРУБОК,,,,Q09-TB6054-03 QO09-TB6054-03
3630248,Cummins,,WATER OUTLET CONNECTION,ВЫХОДНОЙ ВОДЯНОЙ ПАТРУБОК,,,,Q06-TB6817-15 QO06-TB6817-15
3630575,Cummins,,WATER TRANSFER TUBE,ВОДЯНОЙ ПАТРУБОК,,,,Q06-WM6719-02 QO06-WM6719-02
3630738,Cummins,,MALE UNION ELBOW,ПРОХОДНОЙ УГЛОВОЙ СОЕДИНИТЕЛЬ С НАРУЖНОЙ РЕЗЬБОЙ,,,,Q02-TP6788-11 Q06-TP6788-11 Q11-TP6788-11 QO02-TP6788-11 QO06-TP6788-11 QO11-TP6788-11
3630739,Cummins,,MALE UNION ELBOW,ПРОХОДНОЙ УГЛОВОЙ СОЕДИНИТЕЛЬ С НАРУЖНОЙ РЕЗЬБОЙ,,,,Q02-TP6788-11 Q06-TP6788-11 Q11-TP6788-11 QO02-TP6788-11 QO06-TP6788-11 QO11-TP6788-11
3630740,Cummins,"SEAL,ORING",O RING SEAL,УПЛОТНИТЕЛЬНОЕ КОЛЬЦО,79.11,Cummins,,Q07-FA6270-03 Q10-FD6740-01 Q10-FF6249-06 Q10-FP6990-02 QO07-FA6270-05 QO10-FD6740-01 QO10-FF6249-06 QO10-FP6990-03
3630742,Cummins,Прокладка патрубка,CONNECTION GASKET,ПРОКЛАДКА СОЕДИНИТЕЛЬНОГО ПАТРУБКА,409.52,Cummins,,Q02-TP6777-08 Q06-TP6777-08 Q11-TP6777-08 QO02-TP6777-08 QO06-TP6777-08 QO11-TP6777-08
3630874,Cummins,,FLYWHEEL HOUSING GASKET,ПРОКЛАДКА КАРТЕРА МАХОВИКА,,,,Q07-FH6073-05 QO07-FH6073-06
3630952,Cummins,,EXHAUST MANIFOLD,ВЫПУСКНОЙ КОЛЛЕКТОР,,,,Q09-TB6771-06 QO09-TB6771-06
3631163,Cummins,"SCREW,HEX FLANGE HEAD CAP",- 14 X 5 INCH,БОЛТ С ФЛАНЦЕВОЙ ШЕСТИГРАННОЙ ГОЛОВКОЙ,566.08,Cummins,,Q09-TB6771-06 QO09-TB6771-06
3631230,Cummins,"GASKET,ADAPTER",ADAPTER GASKET,ПРОКЛАДКА ПЕРЕХОДНИКА,191.29,Cummins,,Q09-TB6771-06 QO09-TB6771-06
3631471,Cummins,,O RING ADAPTER,УПЛОТНИТЕЛЬНОЕ КОЛЬЦО ПЕРЕХОДНИКА,,,,Q03-BB67055-00 Q06-BB67055-00 QO03-BB67055-00 QO06-BB67055-00
3631472,Cummins,,SEAL RETAINER,ДЕРЖАТЕЛЬ САЛЬНИКА,,,,Q03-BB67055-00 Q06-BB67055-00 QO03-BB67055-00 QO06-BB67055-00
3631473,Cummins,,COVER PLATE,КРЫШКА,,,,Q03-BB67055-00 Q06-BB67055-00 QO03-BB67055-00 QO06-BB67055-00
3631719,Cummins,,OIL PAN,ПОДДОН КАРТЕРА,,,,Q11-OP6100-11 QO11-OP6100-12
3632169,Cummins,,ENGINE CONNECTING ROD,ШАТУН ДВИГАТЕЛЯ,,,,Q03-PP6871-02 QO03-PP6871-02
3632207,Cummins,,EXHAUST MANIFOLD,ВЫПУСКНОЙ КОЛЛЕКТОР,,,,Q09-TB6771-06 QO09-TB6771-06
3632209,Cummins,,EXHAUST MANIFOLD,ВЫПУСКНОЙ КОЛЛЕКТОР,,,,Q09-TB6771-06 QO09-TB6771-06
3632210,Cummins,,EXHAUST MANIFOLD,ВЫПУСКНОЙ КОЛЛЕКТОР,,,,Q09-TB6771-06 QO09-TB6771-06
3632211,Cummins,,EXHAUST OUTLET ADAPTER,ПЕРЕХОДНИК ВЫПУСКНОГО ПАТРУБКА,,,,Q09-TB6771-06 QO09-TB6771-06
3632225,Cummins,"ROD,ENGINE CONNECTING",ENGINE CONNECTING ROD,ШАТУН ДВИГАТЕЛЯ,13204.2,Cummins,,Q03-PP6871-02 QO03-PP6871-02
3632305,Cummins,Гайка,HEXAGON FLANGE NUT,ГАЙКА С ШЕСТИГРАННЫМ ФЛАНЦЕМ,1711.71,Cummins,,Q09-TB6771-06 QO09-TB6771-06
3632306,Cummins,Болт,- 24 X 2 INCH,БОЛТ С ШЕСТИГРАННОЙ ГОЛОВКОЙ,1673.3,Cummins,,Q09-TB6771-06 QO09-TB6771-06
3632362,Cummins,,IDLER GEAR,ПРОМЕЖУТОЧНАЯ ШЕСТЕРНЯ,,,,Q03-BB67054-00 QO03-BB67054-01
3632363,Cummins,Шестерня грм,IDLER GEAR,ПРОМЕЖУТОЧНАЯ ШЕСТЕРНЯ,33540,Cummins,,Q03-BB67054-00 QO03-BB67054-01
3633330,Cummins,,LUBRICATING OIL PUMP GEAR,ШЕСТЕРНЯ МАСЛЯНОГО НАСОСА,,,,Q11-LP6709-02 QO11-LP6709-02
3633331,Cummins,,LUBRICATING OIL PUMP GEAR,ШЕСТЕРНЯ МАСЛЯНОГО НАСОСА,,,,Q11-LP6709-02 QO11-LP6709-02
3633720,Cummins,,DRIVE SCREW,,,,,QO12-AP6384-02
3633950,Cummins,HOSE PLAIN,PLAIN HOSE,ГЛАДКИЙ ШЛАНГ,454.02,Cummins,,Q10-FT60821-15 QO10-FT60821-15
3634008,Cummins,,,КРОНШТЕЙН СОЕДИНИТЕЛЬНОГО ПАТРУБКА,,,,Q07-EM6714-01
3634057,Cummins,,PLAIN PIPE ADAPTER,ГЛАДКИЙ ТРУБНЫЙ ПЕРЕХОДНИК,,,,Q07-EM6714-01 QO07-EM6714-03
3634269,Cummins,,DIAMOND DOWEL,РОМБОВИДНЫЙ ШТИФТ,,,,Q07-FH6073-05 QO07-FH6073-06
3634299,Cummins,"HOSE,FLEXIBLE",,ГИБКИЙ ШЛАНГ,937.74,Cummins,,Q06-WF6044-05
3634302,Cummins,"HOSE,FLEXIBLE",,ГИБКИЙ ШЛАНГ,1071.79,Cummins,,Q06-WF6707-03
3634662,Cummins,,MALE ADAPTER UNION,ПЕРЕХОДНЫЙ ФИТИНГ С НАРУЖНОЙ РЕЗЬБОЙ,,,,Q02-TP6788-11 Q06-TP6788-11 Q07-FA6270-03 Q11-TP6788-11 QO02-TP6788-11 QO06-TP6788-11 QO07-FA6270-05 QO11-TP6788-11
3634663,Cummins,,MALE UNION,ШТУЦЕР,,,,Q02-TP6788-11 Q06-TP6788-11 Q07-FA6270-03 Q11-TP6788-11 QO02-TP6788-11 QO06-TP6788-11 QO07-FA6270-05 QO11-TP6788-11
3634685,Cummins,,MALE UNION,ШТУЦЕР,,,,Q02-TP6777-08 Q06-TP6777-08 Q07-FA6270-03 Q11-TP6777-08 QO02-TP6777-08 QO06-TP6777-08 QO07-FA6270-05 QO11-TP6777-08
3634686,Cummins,,MALE UNION,ШТУЦЕР,,,,Q11-PL6775-04 QO11-PL6775-05
3634687,Cummins,,MALE UNION,ШТУЦЕР,,,,Q02-TP6777-08 Q06-TP6777-08 Q07-FA6270-03 Q11-TP6777-08 QO02-TP6777-08 QO06-TP6777-08 QO07-FA6270-05 QO11-TP6777-08
3634688,Cummins,,MALE UNION,ШТУЦЕР,,,,Q11-PL6775-04 QO11-PL6775-05
3634690,Cummins,,MALE UNION,ШТУЦЕР,,,,Q02-TP6777-08 Q06-TP6777-08 Q11-PL6775-04 Q11-TP6777-08 QO02-TP6777-08 QO06-TP6777-08 QO11-PL6775-05 QO11-TP6777-08
3634692,Cummins,,MALE UNION,ШТУЦЕР,,,,Q02-TP6777-08 Q06-TP6777-08 Q11-PL6775-04 Q11-TP6777-08 QO02-TP6777-08 QO06-TP6777-08 QO11-PL6775-05 QO11-TP6777-08
3634693,Cummins,,MALE UNION,ШТУЦЕР,,,,Q07-FA6270-03 QO07-FA6270-05
3635032,Cummins,"HOSE,FLEXIBLE",FLEXIBLE HOSE,ГИБКИЙ ШЛАНГ,1676.35,Cummins,,Q02-TP6777-08 Q06-TP6777-08 Q11-TP6777-08 QO02-TP6777-08 QO06-TP6777-08 QO11-TP6777-08
3635158,Cummins,,THERMOSTAT HOUSING COVER GASKET,ПРОКЛАДКА КРЫШКИ КОРПУСА ТЕРМОСТАТА,,,,Q06-TB6817-15 QO06-TB6817-15
3635160,Cummins,,THERMOSTAT HOUSING COVER,КРЫШКА КОРПУСА ТЕРМОСТАТА,,,,Q06-TB6817-15 QO06-TB6817-15
3635250,Cummins,,GROOVE PIN,ШТИФТ С ПАЗОМ,,,,Q02-PP43379-09 Q03-PP43379-09 Q10-PP43379-09 QO02-PP43379-10 QO03-PP43379-10 QO10-PP43379-10
3635339,Cummins,Шланг,,ГОФРИРОВАННЫЙ ШЛАНГ,2181.18,Cummins,,Q02-TB6802-18 Q06-TB6802-18
3635365,Cummins,,MALE UNION,ШТУЦЕР,,,,Q10-FD6740-01 QO10-FD6740-01
3635395,Cummins,"GASKET,WTRTRFCONNECTION",WATER TRANSFER CONNECTION GASKET,ПРОКЛАДКА СОЕДИНИТЕЛЬНОГО ВОДЯНОГО ПАТРУБКА,31.96,Cummins,,Q06-TB6817-15 QO06-TB6817-15
3635396,Cummins,,WATER BYPASS TUBE,ПЕРЕПУСКНОЙ ПАТРУБОК ОХЛАЖДАЮЩЕЙ,,,,Q06-TB6817-15 QO06-TB6817-15
3635398,Cummins,,WATER TRANSFER TUBE,ЖИДКОСТИ ВОДЯНОЙ ПАТРУБОК,,,,Q06-TB6817-15 QO06-TB6817-15
3635405,Cummins,,WATER TRANSFER TUBE,ВОДЯНОЙ ПАТРУБОК,,,,Q06-TB6817-15 QO06-TB6817-15
3635407,Cummins,,WATER TRANSFER TUBE,ВОДЯНОЙ ПАТРУБОК,,,,Q06-TB6817-15 QO06-TB6817-15
3635456,Cummins,,TURBOCHARGER BRACKET,КРОНШТЕЙН ТУРБОНАГНЕТАТЕЛЯ,,,,Q09-TB6054-03 QO09-TB6054-03
3635491,Cummins,,MALE UNION,ШТУЦЕР,,,,Q10-FD6740-01 QO10-FD6740-01
3635513,Cummins,,WATER BYPASS TUBE,ПАТРУБОК ОХЛАЖДАЮЩЕЙ ЖИДКОСТИ,,,,Q06-TH6728-07 QO06-TH6728-07
3635519,Cummins,,WATER TRANSFER CONNECTION,СОЕДИНИТЕЛЬНЫЙ ВОДЯНОЙ ПАТРУБОК,,,,Q06-TB6817-15 QO06-TB6817-15
3635573,Cummins,,WATER TRANSFER TUBE,ВОДЯНОЙ ПАТРУБОК,,,,Q06-TB6817-15 QO06-TB6817-15
3635859,Cummins,,FUEL PLUMBING BRACKET,КРОНШТЕЙН ТОПЛИВОПРОВОДА,,,,Q10-FT60821-15 QO10-FT60821-15
3635887,Cummins,,TURBOCHARGER BRACKET,КРОНШТЕЙН ТУРБОНАГНЕТАТЕЛЯ,,,,Q09-TB6054-03 QO09-TB6054-03
3635894,Cummins,,RETAINING CLAMP,СТОПОРНЫЙ ЗАЖИМ,,,,Q10-FT60821-15 QO10-FT60821-15
3636007,Cummins,,AIR INTAKE CONNECTION,ВПУСКНОЙ ВОЗДУШНЫЙ ПАТРУБОК,,,,Q09-TB6054-03 QO09-TB6054-03
3636008,Cummins,,EXHAUST OUTLET CONNECTION,ВЫПУСКНОЙ СОЕДИНИТЕЛЬНЫЙ ПАТРУБОК,,,,Q09-TB6054-03 QO09-TB6054-03
3636259,Cummins,"HOSE,FLEXIBLE",FLEXIBLE HOSE,ГИБКИЙ ШЛАНГ,3084.71,Cummins,,Q02-TP6788-11 Q06-TP6788-11 Q11-TP6788-11 QO02-TP6788-11 QO06-TP6788-11 QO11-TP6788-11
3636336,Cummins,,ADAPTER CONNECTION,СОЕДИНИТЕЛЬНЫЙ ПЕРЕХОДНИК,,,,Q04-WP6704-14 Q06-WP6704-14 QO04-WP6704-14 QO06-WP6704-14
3636628,Cummins,"PAD,WEAR",WEAR PAD,КОМПЕНСАЦИОННАЯ НАКЛАДКА,243.96,Cummins,,Q06-TB6817-15 QO06-TB6817-15
3636637,Cummins,,RETAINING CLAMP,СТОПОРНЫЙ ЗАЖИМ,,,,Q10-FT60821-15 QO10-FT60821-15
3636638,Cummins,,RETAINING CLAMP,СТОПОРНЫЙ ЗАЖИМ,,,,Q10-FT60821-15 QO10-FT60821-15
3636668,Cummins,,WATER TRANSFER TUBE,ВОДЯНОЙ ПАТРУБОК,,,,Q06-TB6817-15 QO06-TB6817-15
3636669,Cummins,,WATER TRANSFER TUBE,ВОДЯНОЙ ПАТРУБОК,,,,Q06-TB6817-15 QO06-TB6817-15
3637140,Cummins,,FUEL PLUMBING BRACKET,КРОНШТЕЙН ТОПЛИВОПРОВОДА,,,,Q10-FT60821-15 QO10-FT60821-15
3637326,Cummins,,WATER TUBE BRACKET,КРОНШТЕЙН ВОДЯНОГО ТРУБОПРОВОДА,,,,Q02-TP6788-11 Q06-TP6788-11 Q11-TP6788-11 QO02-TP6788-11 QO06-TP6788-11 QO11-TP6788-11
3637334,Cummins,,FUEL PLUMBING BRACKET,КРОНШТЕЙН ТОПЛИВОПРОВОДА,,,,Q10-FT60821-15 QO10-FT60821-15
3637346,Cummins,,THERMOSTAT HOUSING,КОРПУС ТЕРМОСТАТА,,,,Q06-TB6817-15 QO06-TB6817-15
3637347,Cummins,,THERMOSTAT HOUSING COVER,КРЫШКА КОРПУСА ТЕРМОСТАТА,,,,Q06-TH6728-07 QO06-TH6728-07
3637398,Cummins,,RETAINING CLAMP,СТОПОРНЫЙ ЗАЖИМ,,,,Q06-TB6817-15 QO06-TB6817-15
3637402,Cummins,"SLEEVE,WEAR",WEAR SLEEVE,РЕМОНТНАЯ ВТУЛКА,111.6,Cummins,,Q06-TB6817-15 QO06-TB6817-15
3637471,Cummins,,THERMOSTAT HOUSING,КОРПУС ТЕРМОСТАТА,,,,Q06-TH6728-07 QO06-TH6728-07
3637727,Cummins,"GASKET,WATER HEADER COVER",,ПРОКЛАДКА КРЫШКИ ВОДЯНОГО КОЛЛЕКТОРА,2083.72,Cummins,,Q11-LC6704-08
3637730,Cummins,"GASKET,LUB OIL CLR COVER",,ПРОКЛАДКА КРЫШКИ МАСЛООХЛАДИТЕЛЯ,341.43,Cummins,,Q11-LC6704-08
3637731,Cummins,"GASKET,WATER HEADER COVER",,ПРОКЛАДКА КРЫШКИ ВОДЯНОГО КОЛЛЕКТОРА,1465.97,Cummins,,Q11-LC6704-08
3637762,Cummins,"HOSE,FLEXIBLE",FLEXIBLE HOSE,ГИБКИЙ ШЛАНГ,4656.81,Cummins,,Q02-TP6788-11 Q06-TP6788-11 Q11-TP6788-11 QO02-TP6788-11 QO06-TP6788-11 QO11-TP6788-11
3637764,Cummins,"HOSE,FLEXIBLE",FLEXIBLE HOSE,ГИБКИЙ ШЛАНГ,4581.22,Cummins,,Q02-TP6788-11 Q06-TP6788-11 Q11-TP6788-11 QO02-TP6788-11 QO06-TP6788-11 QO11-TP6788-11
3637765,Cummins,Шланг,FLEXIBLE HOSE,ГИБКИЙ ШЛАНГ,1637.13,Cummins,,Q02-TP6777-08 Q06-TP6777-08 Q11-TP6777-08 QO02-TP6777-08 QO06-TP6777-08 QO11-TP6777-08
3637766,Cummins,Шланг,FLEXIBLE HOSE,ГИБКИЙ ШЛАНГ,1566.57,Cummins,,Q02-TP6777-08 Q06-TP6777-08 Q11-TP6777-08 QO02-TP6777-08 QO06-TP6777-08 QO11-TP6777-08
3637767,Cummins,Шланг,FLEXIBLE HOSE,ГИБКИЙ ШЛАНГ,7165.49,Cummins,,Q02-TP6777-08 Q06-TP6777-08 Q11-TP6777-08 QO02-TP6777-08 QO06-TP6777-08 QO11-TP6777-08
3637970,Cummins,,PUMP BRACKET,КРОНШТЕЙН НАСОСА,,,,Q11-PL6775-04 QO11-PL6775-05
3637979,Cummins,,ORIFICE PLUG,ДРОССЕЛЬНАЯ ПРОБКА,,,,Q06-THC6017-01 QO06-TB6051-07
3638122,Cummins,,PUMP BRACKET,КРОНШТЕЙН НАСОСА,,,,Q11-PL6775-04 QO11-PL6775-05
3638146,Cummins,,FRONT ENGINE SUPPORT,ПЕРЕДНЯЯ ОПОРА ДВИГАТЕЛЯ,,,,Q07-EM6089-04 QO07-EM6089-04
3638160,Cummins,,EXHAUST MANIFOLD,ВЫПУСКНОЙ КОЛЛЕКТОР,,,,Q09-TB6771-06 QO09-TB6771-06
3638279,Cummins,,WATER TUBE BRACKET,КРОНШТЕЙН ВОДЯНОГО ТРУБОПРОВОДА,,,,Q06-TB6817-15 QO06-TB6817-15
3638573,Cummins,Шланг,FLEXIBLE HOSE,ГИБКИЙ ШЛАНГ,11948.73,Cummins,,Q11-PL6775-04 QO11-PL6775-05
3638575,Cummins,Шланг,FLEXIBLE HOSE,ГИБКИЙ ШЛАНГ,5786.68,Cummins,,Q11-PL6775-04 QO11-PL6775-05
3638578,Cummins,,MALE ADAPTER ELBOW,УГЛОВОЙ ПЕРЕХОДНИК С НАРУЖНОЙ РЕЗЬБОЙ,,,,Q11-PL6775-04 QO11-PL6775-05
3638579,Cummins,,MALE ADAPTER ELBOW,УГЛОВОЙ ПЕРЕХОДНИК С НАРУЖНОЙ РЕЗЬБОЙ,,,,Q11-PL6775-04 QO11-PL6775-05
3638582,Cummins,Сливной кран,DRAINCOCK,СЛИВНОЙ КРАН,558.17,Cummins,,Q02-TB6802-18 Q02-TP6788-11 Q06-TB6802-18 Q06-TB6817-15 Q06-TP6788-11 Q11-TP6788-11 QO02-TB6802-20 QO02-TP6788-11 QO06-TB6802-20 QO06-TB6817-15 QO06-TP6788-11 QO11-TP6788-11
3638583,Cummins,,DRAINCOCK,СЛИВНОЙ КРАН,,,,Q03-BB67054-00 QO03-BB67054-01
3638703,Cummins,,WATER PUMP SHAFT,ВАЛ ВОДЯНОГО НАСОСА,,,,Q04-WP6704-14 Q06-WP6704-14 QO04-WP6704-14 QO06-WP6704-14
3638704,Cummins,,WATER PUMP IMPELLER,КРЫЛЬЧАТКА ВОДЯНОГО НАСОСА,,,,Q04-WP6704-14 Q06-WP6704-14 QO04-WP6704-14 QO06-WP6704-14
3638705,Cummins,"IMPELLER,WATER PUMP",WATER PUMP IMPELLER,КРЫЛЬЧАТКА ВОДЯНОГО НАСОСА,54209.25,Cummins,,Q04-WP6704-14 Q06-WP6704-14 QO04-WP6704-14 QO06-WP6704-14
3638706,Cummins,"BEARING,ROLLER",ROLLER BEARING,РОЛИКОВЫЙ ПОДШИПНИК,11952.31,Cummins,,Q04-WP6704-14 Q06-WP6704-14 QO04-WP6704-14 QO06-WP6704-14
3638707,Cummins,,ROLLER BEARING,РОЛИКОВЫЙ ПОДШИПНИК,,,,Q04-WP6704-14 Q06-WP6704-14 QO04-WP6704-14 QO06-WP6704-14
3638708,Cummins,"SEAL,WATER PUMP",WATER PUMP SEAL,УПЛОТНЕНИЕ ВОДЯНОГО НАСОСА,26004.25,Cummins,,Q04-WP6704-14 Q06-WP6704-14 QO04-WP6704-14 QO06-WP6704-14
3638711,Cummins,"RING,RETAINING",RETAINING RING,СТОПОРНОЕ КОЛЬЦО,1778.04,Cummins,,Q04-WP6704-14 Q06-WP6704-14 QO04-WP6704-14 QO06-WP6704-14
3638712,Cummins,"SEAL,O RING",O RING SEAL,УПЛОТНИТЕЛЬНОЕ КОЛЬЦО,100.17,Cummins,,Q04-WP6704-14 Q06-WP6704-14 QO04-WP6704-14 QO06-WP6704-14
3638713,Cummins,,HEXAGON HEAD CAP SCREW,БОЛТ С ШЕСТИГРАННОЙ ГОЛОВКОЙ,,,,Q04-WP6704-14 Q06-WP6704-14 QO04-WP6704-14 QO06-WP6704-14
3638714,Cummins,,HEXAGON HEAD SET SCREW,РЕГУЛИРОВОЧНЫЙ ВИНТ С ШЕСТИГРАННОЙ,,,,Q04-WP6704-14 Q06-WP6704-14 QO04-WP6704-14 QO06-WP6704-14
3638715,Cummins,,SPRING WASHER,ГОЛОВКОЙ ПРУЖИННАЯ ШАЙБА,,,,Q04-WP6704-14 Q06-WP6704-14 QO04-WP6704-14 QO06-WP6704-14
3638717,Cummins,,THREADED PLUG,РЕЗЬБОВАЯ ПРОБКА,,,,Q04-WP6704-14 Q06-WP6704-14 QO04-WP6704-14 QO06-WP6704-14
3638718,Cummins,,THREADED PLUG,РЕЗЬБОВАЯ ПРОБКА,,,,Q04-WP6704-14 Q06-WP6704-14 QO04-WP6704-14 QO06-WP6704-14
3638719,Cummins,,BEARING SPACER,РАСПОРНАЯ ВТУЛКА ПОДШИПНИКА,,,,Q04-WP6704-14 Q06-WP6704-14 QO04-WP6704-14 QO06-WP6704-14
3638734,Cummins,,WATER PUMP BODY,КОРПУС ВОДЯНОГО НАСОСА,,,,Q04-WP6704-14 Q06-WP6704-14 QO04-WP6704-14 QO06-WP6704-14
3638735,Cummins,,THREADED PLUG,РЕЗЬБОВАЯ ПРОБКА,,,,Q04-WP6704-14 Q06-WP6704-14 QO04-WP6704-14 QO06-WP6704-14
3638741,Cummins,"SHIELD,HEAT",HEAT SHIELD,ТЕПЛОЗАЩИТНЫЙ ЭКРАН,1717.48,Cummins,,Q09-TB6054-03 QO09-TB6054-03
3638851,Cummins,Шланг,FLEXIBLE HOSE,ГИБКИЙ ШЛАНГ,7365.72,Cummins,,Q02-TP6777-08 Q06-TP6777-08 Q11-TP6777-08 QO02-TP6777-08 QO06-TP6777-08 QO11-TP6777-08
3638982,Cummins,,OIL PAN ADAPTER,ПЕРЕХОДНИК ПОДДОНА КАРТЕРА,,,,Q11-OP6100-11 QO11-OP6100-12
3639558,Cummins,,OIL PAN,ПОДДОН КАРТЕРА,,,,Q11-OP6100-11 QO11-OP6100-12
3639641,Cummins,Ролик натяжной,IDLER PULLEY,ПРОМЕЖУТОЧНЫЙ (НАТЯЖНОЙ) ШКИВ,86697.99,Cummins,,Q07-FA6270-03 QO07-FA6270-05
3640108,Cummins,Шланг,PLAIN HOSE,ГЛАДКИЙ ШЛАНГ,2466.18,Cummins,,Q11-BR6801-02 QO11-BR6801-02
3640184,Cummins,Шланг,FLEXIBLE HOSE,ГИБКИЙ ШЛАНГ,1156.94,Cummins,,Q07-FA6270-03 QO07-FA6270-05
3640185,Cummins,,MALE UNION ELBOW,ПРОХОДНОЙ УГЛОВОЙ СОЕДИНИТЕЛЬ С НАРУЖНОЙ РЕЗЬБОЙ,,,,Q07-FA6757-00 QO07-FA6757-00
3640186,Cummins,,MALE UNION ELBOW,ПРОХОДНОЙ УГЛОВОЙ СОЕДИНИТЕЛЬ С НАРУЖНОЙ РЕЗЬБОЙ,,,,Q07-FA6757-00 QO07-FA6757-00
3640187,Cummins,,MALE UNION,ШТУЦЕР,,,,Q07-FA6270-03 QO07-FA6270-05
3640188,Cummins,,MALE CONNECTOR,ШТУЦЕР С НАРУЖНОЙ РЕЗЬБОЙ,,,,Q07-FA6270-03 QO07-FA6270-05
3640189,Cummins,,SOLENOID VALVE,ЭЛЕКТРОМАГНИТНЫЙ КЛАПАН,,,,Q07-FA6270-03 QO07-FA6270-05
3640190,Cummins,,CLIP,ФИКСАТОР,,,,Q07-FA6270-03 QO07-FA6270-05
3640314,Cummins,Жгут проводов,WIRING HARNESS,ЖГУТ ПРОВОДОВ,7953.7,Cummins,,Q07-FA6270-03 QO07-FA6270-05
3640315,Cummins,,VALVE ROTATOR,МЕХАНИЗМ ПОВОРОТА КЛАПАНА,,,,Q02-PP43379-09 Q03-PP43379-09 Q10-PP43379-09 QO02-PP43379-10 QO03-PP43379-10 QO10-PP43379-10
3640382,Cummins,,MALE CONNECTOR,ШТУЦЕР С НАРУЖНОЙ РЕЗЬБОЙ,,,,Q07-FA6270-03 QO07-FA6270-05
3640450,Cummins,Кронштейн,,КРОНШТЕЙН ПРЕДОХРАНИТЕЛЯ ОТ КОРРОЗИИ,6101.53,Cummins,,Q06-WF6707-03
3640510,Cummins,,MALE CONNECTOR,ШТУЦЕР С НАРУЖНОЙ РЕЗЬБОЙ,,,,Q07-FA6270-03 QO07-FA6270-05
3640773,Cummins,,TAMPER PROOF SEAL,УПЛОТНЕНИЕ С ЗАЩИТОЙ ОТ НЕСАНКЦИОНИРОВАННОГО ВМЕШАТЕЛЬСТВА,,,,Q03-BB67054-00 QO03-BB67054-01
3640775,Cummins,"SEAL,TAMPERPROOF",TAMPER PROOF SEAL,УПЛОТНЕНИЕ С ЗАЩИТОЙ ОТ НЕСАНКЦИОНИРОВАННОГО,65.28,Cummins,,Q03-BB67054-00 Q03-GG6908-00 Q07-DP6726-00 Q07-GG6908-00 QO03-BB67054-01 QO03-GG6908-02 QO07-DP6726-00 QO07-GG6908-02
3640892,Cummins,,MALE CONNECTOR,ШТУЦЕР С НАРУЖНОЙ РЕЗЬБОЙ,,,,Q07-FA6270-03 QO07-FA6270-05
3640893,Cummins,,MALE CONNECTOR,ШТУЦЕР С НАРУЖНОЙ РЕЗЬБОЙ,,,,Q07-FA6270-03 QO07-FA6270-05
3640894,Cummins,Шланг,FLEXIBLE HOSE,ГИБКИЙ ШЛАНГ,1906.14,Cummins,,Q07-FA6270-03 QO07-FA6270-05
3640895,Cummins,Шланг,FLEXIBLE HOSE,ГИБКИЙ ШЛАНГ,1966.25,Cummins,,Q07-FA6270-03 QO07-FA6270-05
3640896,Cummins,Шланг,FLEXIBLE HOSE,ГИБКИЙ ШЛАНГ,2282.19,Cummins,,Q07-FA6270-03 QO07-FA6270-05
3640897,Cummins,Шланг,FLEXIBLE HOSE,ГИБКИЙ ШЛАНГ,1144.36,Cummins,,Q07-FA6270-03 QO07-FA6270-05
3641073,Cummins,CAMSHAFT,CAMSHAFT,РАСПРЕДЕЛИТЕЛЬНЫЙ ВАЛ,70067.07,Cummins,,Q02-PP43379-09 Q03-PP43379-09 Q10-PP43379-09 QO02-PP43379-10 QO03-PP43379-10 QO10-PP43379-10
3641074,Cummins,CAMSHAFT,CAMSHAFT,РАСПРЕДЕЛИТЕЛЬНЫЙ ВАЛ,70067.07,Cummins,,Q02-PP43379-09 Q03-PP43379-09 Q10-PP43379-09 QO02-PP43379-10 QO03-PP43379-10 QO10-PP43379-10
3641127,Cummins,"CLAMP,TBOLT",T BOLT CLAMP,ХОМУТ С Т- ОБРАЗНЫМ БОЛТОМ,412.39,Cummins,,Q09-TB6054-03 QO09-TB6054-03
3641131,Cummins,"CLAMP,T BOLT",T BOLT CLAMP,ХОМУТ С Т- ОБРАЗНЫМ БОЛТОМ,391.27,Cummins,,Q02-TB6802-18 Q06-TB6802-18 QO02-TB6802-20 QO06-TB6802-20
3641142,Cummins,,FUEL DRAIN TUBE,СЛИВНОЙ ТОПЛИВОПРОВОД,,,,Q10-FD6740-01 QO10-FD6740-01
3641145,Cummins,,FUEL DRAIN TUBE,СЛИВНОЙ ТОПЛИВОПРОВОД,,,,Q10-FD6740-01 QO10-FD6740-01
3641146,Cummins,,FUEL DRAIN TUBE,СЛИВНОЙ ТОПЛИВОПРОВОД,,,,Q10-FD6740-01 QO10-FD6740-01
3641147,Cummins,,FUEL DRAIN TUBE,СЛИВНОЙ ТОПЛИВОПРОВОД,,,,Q10-FD6740-01 QO10-FD6740-01
3641171,Cummins,,FUEL PUMP BRACE,ПОДКОС ТОПЛИВНОГО НАСОСА,,,,Q10-FP6990-02 QO10-FP6990-03
3641305,Cummins,Электромагнитный клапан,SOLENOID VALVE,ЭЛЕКТРОМАГНИТНЫЙ КЛАПАН,45992.37,Cummins,,Q07-FA6270-03 QO07-FA6270-05
3641685,Cummins,,CAMSHAFT GEAR,ШЕСТЕРНЯ РАСПРЕДЕЛИТЕЛЬНОГО ВАЛА,,,,Q03-PP6885-03 Q07-PP6885-03 QO03-PP6885-03 QO07-PP6885-03
3641726,Cummins,"HOSE,HUMP",,ГОФРИРОВАННЫЙ ШЛАНГ,1920.84,Cummins,,Q02-TB6802-18 Q06-TB6802-18
3641727,Cummins,Прокладка поддона,OIL PAN GASKET,ПРОКЛАДКА ПОДДОНА КАРТЕРА,34060,Cummins,,Q11-OP6100-11 QO11-OP6100-12
3642026,Cummins,,WATER TRANSFER CONNECTION,СОЕДИНИТЕЛЬНЫЙ ВОДЯНОЙ ПАТРУБОК,,,,Q06-TB6817-15 QO06-TB6817-15
3642028,Cummins,,RETAINING CLAMP,СТОПОРНЫЙ ЗАЖИМ,,,,Q06-TB6817-15 QO06-TB6817-15
3642036,Cummins,,WATER TRANSFER TUBE,ВОДЯНОЙ ПАТРУБОК,,,,Q06-WM6719-02 QO06-WM6719-02
3642285,Cummins,,TUBE BRACE,ПОДКОС ТРУБОПРОВОДА,,,,Q05-WR67101-00 Q08-WR67101-00 Q11-BR6801-02 QO05-WR67101-01 QO08-WR67101-01 QO11-BR6801-02
3642347,Cummins,Прокладка,HAND HOLE GASKET,КРЫШКИ СМОТРОВОГО ЛЮЧКА,1547.87,Cummins,,Q11-OB67067-07 QO11-OB67067-07
3642450,Cummins,,RING DOWEL,НАПРАВЛЯЮЩАЯ ВТУЛКА,,,,Q03-BB67054-00 QO03-BB67054-01
3642486,Cummins,"CLAMP,T BOLT",T BOLT CLAMP,ХОМУТ С Т- ОБРАЗНЫМ БОЛТОМ,277.09,Cummins,,Q06-TB6817-15 Q06-TH6728-07 QO06-TB6817-15 QO06-TH6728-07
3642788,Cummins,,,ИНФОРМАЦИОННАЯ ТАБЛИЧКА,,,,Q06-WF6044-05
3642789,Cummins,,INFORMATION DECAL,ИНФОРМАЦИОННАЯ ТАБЛИЧКА,,,,Q11-LF6080-11 QO11-LF6080-12
3643003,Cummins,,WIRING HARNESS,ЖГУТ ПРОВОДОВ,,,,Q11-PL6775-04 QO11-PL6775-05
3643420,Cummins,,CONNECTION SUPPORT,ОПОРА СОЕДИНИТЕЛЬНОГО ПАТРУБКА,,,,Q02-TB6802-18 Q06-TB6802-18 QO02-TB6802-20 QO06-TB6802-20
3643480,Cummins,,INSTRUCTION TAG,,,,,QO12-SS6112-02
3643488,Cummins,,BEARING SPACER,РАСПОРНАЯ ВТУЛКА ПОДШИПНИКА,,,,Q04-WP6704-14 Q06-WP6704-14 QO04-WP6704-14 QO06-WP6704-14
3643648,Cummins,,WATER BYPASS TUBE,ПЕРЕПУСКНОЙ ПАТРУБОК ОХЛАЖДАЮЩЕЙ ЖИДКОСТИ,,,,Q06-TB6817-15 QO06-TB6817-15
3643837,Cummins,"GASKET,FILTER HEAD",,ПРОКЛАДКА ГОЛОВКИ ФИЛЬТРА,2422.78,Cummins,,Q11-LF6080-11
3643839,Cummins,"VALVE,CHECK",CHECK VALVE,ОБРАТНЫЙ КЛАПАН,7428.88,Cummins,,Q11-PL6775-04 QO11-PL6775-05
3643862,Cummins,ALTERNATOR,ALTERNATOR,ГЕНЕРАТОР,149582.12,Cummins,,Q08-EE6105-02 QO08-EE6105-02
3643905,Cummins,Болт,- 16 X 4 INCH,ВЫСОКОПРОЧНЫЙ БОЛТ,1763.7,Cummins,,Q03-BB67054-00 QO03-BB67054-01
3643906,Cummins,Шайба,PLAIN WASHER,ПЛОСКАЯ ШАЙБА,2603.82,Cummins,,Q03-BB67054-00 QO03-BB67054-01
3643997,Cummins,,FILTER HEAD ADAPTER,,,,,QO06-WF6101-02
3644172,Cummins,,O RING ADAPTER,УПЛОТНИТЕЛЬНОЕ КОЛЬЦО ПЕРЕХОДНИКА,,,,Q04-WP6704-14 Q06-WP6704-14 QO04-WP6704-14 QO06-WP6704-14
3644379,NTE200,BELT,GENERATOR BELT,发电机皮带,698.15,Cummins,,040-0000
3644380,Cummins,Ремень генератора,V RIBBED BELT,КЛИНОВОЙ ПРОФИЛИРОВАННЫЙ РЕМЕНЬ,1775.07,Cummins,,Q07-EH6771-01 QO07-EH6771-01
3644462,Cummins,,NUMBER TAG,БИРКА С НОМЕРОМ,,,,Q07-FW6075-04 QO07-FW6075-05
3644502,Cummins,,,ПРОКЛАДКА КАРТЕРА РАСПРЕДЕЛИТЕЛЬНЫХ ШЕСТЕРЕН,,,,Q03-BB67054-00
3644865,Cummins,"HOSE,FLEXIBLE",FLEXIBLE HOSE,ГИБКИЙ ШЛАНГ,2823.87,Cummins,,Q02-TP6788-11 Q06-TP6788-11 Q11-TP6788-11 QO02-TP6788-11 QO06-TP6788-11 QO11-TP6788-11
3645029,Cummins,"NUT,LOCK",LOCK NUT,СТОПОРНАЯ ГАЙКА,59.75,Cummins,,Q11-LC6704-08 QO11-LC6704-09
3645043,Cummins,,OIL TRANSFER CONNECTION,ПАТРУБОК ПЕРЕКАЧКИ МАСЛА,,,,Q11-LF6080-11 QO11-LF6080-12
3645045,Cummins,,OIL TRANSFER CONNECTION,ПАТРУБОК ПЕРЕКАЧКИ МАСЛА,,,,Q11-LF6080-11 QO11-LF6080-12
3645221,Cummins,,ALTERNATOR PULLEY,ШКИВ ГЕНЕРАТОРА,,,,Q07-EH6771-01 QO07-EH6771-01
3645413,Cummins,,DATAPLATE,ПАСПОРТНАЯ ТАБЛИЧКА,,,,Q08-PH67002-03 QO01-PJ60017-03 QO01-PJ60018-03 QO08-PH67002-05
3645541,Cummins,,- 16 X 1 INCH,БОЛТ С НЕВЫПАДАЮЩЕЙ ШАЙБОЙ,,,,Q02-TB6802-18 Q06-TB6802-18 QO02-TB6802-20 QO06-TB6802-20
3645841,Cummins,Расширительная пробка водяного насоса,EXPANSION PLUG,КОМПЕНСАЦИОННАЯ ЗАГЛУШКА,79.86,Cummins,,Q03-BB67054-00 QO03-BB67054-01
3645972,Cummins,"CLAMP,T BOLT",T BOLT CLAMP,ХОМУТ С Т- ОБРАЗНЫМ БОЛТОМ,241.93,Cummins,,Q02-TB6802-18 Q06-TB6802-18 QO02-TB6802-20 QO06-TB6802-20
3645975,Cummins,"CLAMP,HOSE",HOSE CLAMP,ХОМУТ ШЛАНГА,132.68,Cummins,,Q02-TB6802-18 Q06-TB6802-18 QO02-TB6802-20 QO06-TB6802-20
3647993,Cummins,"SEAL,ORING",O RING SEAL,УПЛОТНИТЕЛЬНОЕ КОЛЬЦО,181.86,Cummins,,Q06-TB6817-15 Q06-TH6728-07 QO06-TB6817-15 QO06-TH6728-07
3647994,Cummins,"SEAL,O RING",O RING SEAL,УПЛОТНИТЕЛЬНОЕ КОЛЬЦО,211.42,Cummins,,Q06-TB6817-15 QO06-TB6817-15
3648034,Cummins,,HAND HOLE COVER,КРЫШКА СМОТРОВОГО ЛЮЧКА,,,,Q11-OB67067-07 QO11-OB67067-07
3648162,Cummins,,,ПЫЛЕЗАЩИТНОЕ УПЛОТНЕНИЕ,,,,Q03-GG6908-00 Q07-GG6908-00
3648233,Cummins,,WATER HEADER COVER,КРЫШКА ВОДЯНОГО КОЛЛЕКТОРА,,,,Q11-LC6704-08 QO11-LC6704-09
3648236,Cummins,,WATER HEADER COVER,КРЫШКА ВОДЯНОГО КОЛЛЕКТОРА,,,,Q11-LC6704-08 QO11-LC6704-09
3648316,Cummins,,WATER PUMP BODY,КОРПУС ВОДЯНОГО НАСОСА,,,,Q04-WP6704-14 Q06-WP6704-14 QO04-WP6704-14 QO06-WP6704-14
3648318,Cummins,,WATER DRAIN TUBE,СЛИВНОЙ ВОДЯНОЙ ТРУБОПРОВОД,,,,Q04-WP6704-14 Q06-WP6704-14 QO04-WP6704-14 QO06-WP6704-14
3648347,Cummins,,DECAL,НАКЛЕЙКА,,,,Q10-FP6990-02 QO10-FP6990-03
3648601,Cummins,Блок ДВС QSK50,CYLINDER BLOCK,ВМЕШАТЕЛЬСТВА БЛОК ЦИЛИНДРОВ,2584419.08,,,Q03-BB67054-00 QO03-BB67054-01
3648602,Cummins,,CYLINDER BLOCK,БЛОК ЦИЛИНДРОВ,,,,Q03-BB67054-00 QO03-BB67054-01
3648607,Cummins,"GASKET,COVER PLATE",COVER PLATE GASKET,ПРОКЛАДКА КРЫШКИ,507.72,Cummins,,Q11-LF6080-11 QO11-LF6080-12
3648618,Cummins,,ENGINE CRANKSHAFT,КОЛЕНЧАТЫЙ ВАЛ,,,,Q03-BB67054-00 QO03-BB67054-01
3648619,Cummins,,ENGINE CRANKSHAFT,КОЛЕНЧАТЫЙ ВАЛ,,,,Q03-BB67054-00 QO03-BB67054-01
3649079,Cummins,,BELT TENSIONER,МЕХАНИЗМ НАТЯЖЕНИЯ РЕМНЯ,,,,Q07-EH6054-02 Q08-EH6054-02 QO07-EH6054-02 QO08-EH6054-02
3649462,Cummins,,WATER TRANSFER CONNECTION GASKET,ПРОКЛАДКА СОЕДИНИТЕЛЬНОГО ВОДЯНОГО ПАТРУБКА,,,,Q06-THC6017-01 QO06-TB6051-07
3649463,Cummins,"GASKET,WTR TRF CONNECTION",WATER TRANSFER CONNECTION GASKET,ПРОКЛАДКА СОЕДИНИТЕЛЬНОГО ВОДЯНОГО ПАТРУБКА,700.95,Cummins,,Q06-WI6029-03 QO06-WI6029-03
3649464,Cummins,Шланг,FLEXIBLE HOSE,ГИБКИЙ ШЛАНГ,5257.97,Cummins,,Q10-FF6249-06 QO10-FF6249-06
3649522,Cummins,Ось шестерни,IDLER SHAFT,ОСЬ ПРОМЕЖУТОЧНОГО РОЛИКА,2894.33,Cummins,,Q03-BB67054-00 QO03-BB67054-01
3649953,Cummins,,ALTERNATOR BRACKET,КРОНШТЕЙН ГЕНЕРАТОРА,,,,Q07-EH6054-02 Q08-EH6054-02 QO07-EH6054-02 QO08-EH6054-02
3649961,Cummins,,ALTERNATOR GUARD,,,,,QO12-SG6894-01
3649962,Cummins,,VIBRATION ISOLATOR BRACKET,,,,,QO12-SG6894-01
3649963,Cummins,,VIBRATION ISOLATOR BRACKET,,,,,QO12-SG6894-01
3649992,Cummins,,DIPSTICK,МАСЛОМЕРНЫЙ ЩУП,,,,Q11-LG6051-03 QO11-LG6051-04
3650106,Cummins,"GASKET,CORROSION RESISTOR",CORROSION RESISTOR GASKET,ПРОКЛАДКА ПРЕДОХРАНИТЕЛЯ ОТ КОРРОЗИИ,754.74,Cummins,,Q06-TH67011-01 Q07-FA6270-03 QO06-WF6101-02 QO07-FA6270-05
3650259,Cummins,,WATER TUBE BRACKET,КРОНШТЕЙН ВОДЯНОГО ТРУБОПРОВОДА,,,,Q06-TB6817-15 QO06-TB6817-15
3650263,Cummins,,WATER TRANSFER TUBE,ВОДЯНОЙ ПАТРУБОК,,,,Q06-TB6817-15 QO06-TB6817-15
3650264,Cummins,,WATER TRANSFER TUBE,ВОДЯНОЙ ПАТРУБОК,,,,Q06-TH6728-07 QO06-TH6728-07
3650900,Cummins,"BEARING,CONNECTING ROD",CONNECTING ROD BEARING,ШАТУННЫЙ ПОДШИПНИК,682.55,Cummins,,Q03-PP6871-02 QO03-PP6871-02
3650905,Cummins,,MAIN (STUD) BEARING,MAIN (STUD) BEARING,,,,Q03-BB67054-00 QO03-BB67054-01
3650910,Cummins,,MAIN (STUD) BEARING,MAIN (STUD) BEARING,,,,Q03-BB67054-00 QO03-BB67054-01
3650915,Cummins,,MAIN BEARING,КОРЕННОЙ ПОДШИПНИК,,,,Q03-BB67054-00 QO03-BB67054-01
3650920,Cummins,,MAIN (STUD) BEARING,MAIN (STUD) BEARING,,,,Q03-BB67054-00 QO03-BB67054-01
3651195,Cummins,,DEBRIS SHIELD,ЭКРАН ЗАЩИТЫ ОТ ИНОРОДНЫХ ЧАСТИЦ,,,,Q04-WP6704-14 Q06-WP6704-14 QO04-WP6704-14 QO06-WP6704-14
3651196,Cummins,,WATER DRAIN TUBE,СЛИВНОЙ ВОДЯНОЙ ТРУБОПРОВОД,,,,Q04-WP6704-14 Q06-WP6704-14 QO04-WP6704-14 QO06-WP6704-14
3651300,Cummins,"CONNECTION,WATER TRANSFER",WATER TRANSFER CONNECTION,СОЕДИНИТЕЛЬНЫЙ ВОДЯНОЙ ПАТРУБОК,10833.26,Cummins,,Q02-TB6802-18 Q06-TB6802-18 QO02-TB6802-20 QO06-TB6802-20
3651379,Cummins,THERMOSTAT,THERMOSTAT,ТЕРМОСТАТ,4328.11,Cummins,,Q06-TB6817-15 QO06-TB6817-15
3651890,Cummins/NTE200,Стартер,STARTING MOTOR,启动马达,45703.84,Cummins,,040-0000 Q08-ST6158-03 QO08-ST6158-03
3678602,Cummins,,THREADED PLUG,РЕЗЬБОВАЯ ПРОБКА,,,,Q10-FD6740-01 QO10-FD6740-01
3678603,Cummins,,O RING SEAL,УПЛОТНИТЕЛЬНОЕ КОЛЬЦО,,,,Q10-FD6740-01 QO10-FD6740-01
3678605,Cummins,Пробка,THREADED PLUG,РЕЗЬБОВАЯ ПРОБКА,232.99,Cummins,,Q10-FD6740-01 Q10-FP6990-02 QO10-FD6740-01 QO10-FP6990-03
3678606,Cummins,"SEAL,ORING",O RING SEAL,УПЛОТНИТЕЛЬНОЕ КОЛЬЦО,52.92,Cummins,,Q10-DL6043-02 Q10-FD6740-01 Q10-FP6881-02 Q10-FP6990-02 QO10-DL6043-02 QO10-FD6740-01 QO10-FP6881-02 QO10-FP6990-03
3678610,Cummins,,THREADED PLUG,РЕЗЬБОВАЯ ПРОБКА,,,,Q10-FD6740-01 QO10-FD6740-01
3678611,Cummins,Пробка с уплотнением,THREADED PLUG,РЕЗЬБОВАЯ ПРОБКА,215.5,Cummins,,Q10-FD6740-01 Q10-FP6990-02 QO10-FD6740-01 QO10-FP6990-03
3678786,Cummins,"SEAL,ORING",O RING SEAL,УПЛОТНИТЕЛЬНОЕ КОЛЬЦО,42.02,Cummins,,Q10-FD6740-01 Q10-FF6249-06 QO10-FD6740-01 QO10-FF6249-06
3678791,Cummins,,THREADED PLUG,РЕЗЬБОВАЯ ПРОБКА,,,,Q10-FF6249-06 QO10-FF6249-06
3678873,Cummins,Пробка резбовая,THREADED PLUG,РЕЗЬБОВАЯ ПРОБКА,432.8,Cummins,,Q10-FF6249-06 QO10-FF6249-06
3678912,Cummins,"SEAL,ORING",O RING SEAL,УПЛОТНИТЕЛЬНОЕ КОЛЬЦО,108.61,Cummins,,Q07-DP6726-00 Q10-FD6740-01 Q10-FP6990-02 Q11-PL6775-04 QO07-DP6726-00 QO10-FD6740-01 QO10-FP6990-03 QO11-PL6775-05
3678921,Cummins,,THREADED PLUG,РЕЗЬБОВАЯ ПРОБКА,,,,Q07-DP6726-00 Q10-FD6740-01 Q10-FP6990-02 Q11-PL6775-04 QO07-DP6726-00 QO10-FD6740-01 QO10-FP6990-03 QO11-PL6775-05
3678922,Cummins,,THREADED PLUG,РЕЗЬБОВАЯ ПРОБКА,,,,Q07-DP6726-00 Q10-FD6740-01 Q10-FP6990-02 Q11-PL6775-04 QO07-DP6726-00 QO10-FD6740-01 QO10-FP6990-03 QO11-PL6775-05
3679139,Cummins,"SEAL,ORING",O RING SEAL,УПЛОТНИТЕЛЬНОЕ КОЛЬЦО,55.59,Cummins,,Q10-FD6740-01 Q10-FT60821-15 QO10-FD6740-01 QO10-FT60821-15
3771005,Cummins,,LOCK NUT,СТОПОРНАЯ ГАЙКА,,,,Q02-PP6836-06 QO02-PP6836-07
3794691,Cummins,,TURBOCHARGER COMPRESSOR IMPELLER,РАБОЧЕЕ КОЛЕСО КОМПРЕССОРА ТУРБОНАГНЕТАТЕЛЯ,,,,Q02-PP6836-06 QO02-PP6836-07
3798285,Cummins,,10 View Kits Details View Kits Details View Kits Details View Kits Details View Kits Details,КОРПУС ПОДШИПНИКОВ ТУРБОНАГНЕТАТЕЛЯ Available Kits Set Display Ремкомплект турбонагнетателя Standard Комплект турбонагнетателя Standard Турбонагнетатель комплект Heat Exchanger83 Water Cooler Turbocharger Standard Комплект турбонагнетателя Standard 1,,,,Q02-PP6836-06 QO02-PP6836-07
3818885,Cummins,,O RING SEAL,УПЛОТНИТЕЛЬНОЕ КОЛЬЦО,,,,Q07-DF6009-03 QO07-DF6009-03
3819618,Cummins,,REDUCING PIPE ADAPTER,ТРУБНЫЙ ПЕРЕХОДНИК,,,,Q07-FA6270-03 QO07-FA6270-05
3827423,Cummins,,CORROSION RESISTOR ELEMENT,,,,,QO06-WF6101-02
3865312,Cummins,Датчик температуры,TEMPERATURE SENSOR,ДАТЧИК ТЕМПЕРАТУРЫ,740.74,Cummins,,Q08-PH67002-03 Q08-PH6834-01 QO08-PH67002-05 QO08-PH6834-01
3865323,Cummins,,TEMPERATURE SENSOR,ДАТЧИК ТЕМПЕРАТУРЫ,,,,Q08-PH67002-03 Q08-PH6834-01 QO08-PH67002-05 QO08-PH6834-01
3888638,Cummins,,,"ADDIDIVE,ATI COOLANT",,,,Q06-WF6044-05
3900589,Cummins,,X 1.25,ГАЙКА С ШЕСТИГРАННЫМ ФЛАНЦЕМ,,,,Q05-WR67101-00 Q08-WR67101-00 QO05-WR67101-01 QO08-WR67101-01
3900626,Cummins,,X 1 X 12,БОЛТ С ФЛАНЦЕВОЙ ШЕСТИГРАННОЙ ГОЛОВКОЙ,,,,Q05-WR67101-00 Q08-WR67101-00 QO05-WR67101-01 QO08-WR67101-01
3900629,Cummins,,X 1.25 X 16,БОЛТ С ФЛАНЦЕВОЙ ШЕСТИГРАННОЙ ГОЛОВКОЙ,,,,Q05-WR67101-00 Q08-WR67101-00 QO05-WR67101-01 QO08-WR67101-01
3900630,Cummins,,X 1.25 X 20,БОЛТ С ФЛАНЦЕВОЙ ШЕСТИГРАННОЙ ГОЛОВКОЙ,,,,Q10-FT60821-15 QO10-FT60821-15
3900633,Cummins,,X 1.25 X 50,БОЛТ С ФЛАНЦЕВОЙ ШЕСТИГРАННОЙ ГОЛОВКОЙ,,,,Q01-PJ60017-03 Q01-PJ60018-03 Q08-PH67002-03 QO01-PJ60017-03 QO01-PJ60018-03 QO08-PH67002-05
3902662,Cummins,,X 1.50,ГАЙКА С ШЕСТИГРАННЫМ ФЛАНЦЕМ,,,,Q05-WR67101-00 Q08-WR67101-00 Q10-FT60821-15 QO05-WR67101-01 QO08-WR67101-01 QO10-FT60821-15
3903035,Cummins,,X 1.5 X 24,БОЛТ РАЗЪЕМА ТИПА &QUOT;БАНДЖО&QUOT;,,,,Q10-FD6740-01 QO10-FD6740-01
3903464,Cummins,,X 1.5 X 40,БОЛТ С ФЛАНЦЕВОЙ ШЕСТИГРАННОЙ ГОЛОВКОЙ,,,,Q10-FP6990-02 QO10-FP6990-03
3903990,Cummins,,X 1.5 X 20,БОЛТ С ФЛАНЦЕВОЙ ШЕСТИГРАННОЙ ГОЛОВКОЙ,,,,Q05-WR67101-00 Q08-WR67101-00 Q10-FT60821-15 QO05-WR67101-01 QO08-WR67101-01 QO10-FT60821-15
3913994,Cummins,,O RING SEAL,УПЛОТНИТЕЛЬНОЕ КОЛЬЦО,,,,Q07-CB6705-03 QO07-CB6705-03
3914407,Cummins,,X 1.5 X 100,БОЛТ С ФЛАНЦЕВОЙ ШЕСТИГРАННОЙ ГОЛОВКОЙ,,,,Q07-EH6054-02 Q08-EH6054-02 QO07-EH6054-02 QO08-EH6054-02
3922794,Cummins,"SEAL,ORING",O RING SEAL,УПЛОТНИТЕЛЬНОЕ КОЛЬЦО,37.74,Cummins,,Q02-TP6777-08 Q06-TP6777-08 Q07-FA6270-03 Q10-FD6740-01 Q11-PL6775-04 Q11-TP6777-08 QO02-TP6777-08 QO06-TP6777-08 QO07-FA6270-05 QO10-FD6740-01 QO11-PL6775-05 QO11-TP6777-08
3924725,Cummins,,X 1.5 X 26,БОЛТ РАЗЪЕМА ТИПА &QUOT;БАНДЖО&QUOT;,,,,Q10-FD6740-01 QO10-FD6740-01
3925437,Cummins,,X 1.5 X 40,БОЛТ С ФЛАНЦЕВОЙ ШЕСТИГРАННОЙ ГОЛОВКОЙ,,,,Q10-FP6990-02 QO10-FP6990-03
3937692,Cummins,,X 1.75 X 60,БОЛТ С ФЛАНЦЕВОЙ ШЕСТИГРАННОЙ ГОЛОВКОЙ,,,,Q10-FP6990-02 QO10-FP6990-03
3937969,NTE200,,PRELUB-MOTOR,预润滑马达,,,,040-0000
3955219,Cummins,"ISOLATOR,VIBRATION",VIBRATION ISOLATOR,ВИБРОИЗОЛЯТОР,122.29,Cummins,,Q08-PH67002-03 QO08-PH67002-05
3955220,Cummins,"ISOLATOR,VIBRATION",VIBRATION ISOLATOR,ВИБРОИЗОЛЯТОР,117.27,Cummins,,Q08-PH67002-03 QO08-PH67002-05
3963988,Cummins,Шайба,SEALING WASHER,УПЛОТНИТЕЛЬНАЯ ШАЙБА,49.07,Cummins,,Q10-FD6740-01 QO10-FD6740-01
3963990,Cummins,Уплотнительное шайба,SEALING WASHER,УПЛОТНИТЕЛЬНАЯ ШАЙБА,41.77,Cummins,,Q10-FD6740-01 QO10-FD6740-01
3966349,Cummins,"GASKET,EXHAUSTMANIFOLD",EXHAUST MANIFOLD GASKET,ПРОКЛАДКА ВЫПУСКНОГО КОЛЛЕКТОРА,1096.57,Cummins,,Q09-TB6771-06 QO09-TB6771-06
3975774,Cummins,"SEAL,O RING",O RING SEAL,УПЛОТНИТЕЛЬНОЕ КОЛЬЦО,352.03,Cummins,,Q04-WP6704-14 Q06-WP6704-14 QO04-WP6704-14 QO06-WP6704-14
3977357,Cummins,,GROUND WIRE,ПРОВОД СОЕДИНЕНИЯ С &QUOT;МАССОЙ&QUOT;,,,,Q08-PH67002-03 QO08-PH67002-05
4001044,Cummins,,HUMP HOSE,,,,,QO02-TB6802-20 QO06-TB6802-20
4007207,Cummins,,MALE CONNECTOR,ШТУЦЕР С НАРУЖНОЙ РЕЗЬБОЙ,,,,Q11-PL6775-04 QO11-PL6775-05
4007208,Cummins,,MALE UNION,ШТУЦЕР,,,,Q11-PL6775-04 QO11-PL6775-05
4007287,Cummins,,WIRING HARNESS,ЖГУТ ПРОВОДОВ,,,,Q11-PL6775-04 QO11-PL6775-05
4007416,Cummins,"HOSE,PLAIN",PLAIN HOSE,ГЛАДКИЙ ШЛАНГ,768.83,Cummins,,Q06-TB6817-15 Q06-TH6728-07 QO06-TB6817-15 QO06-TH6728-07
4008037,Cummins,"CLAMP,T BOLT",T BOLT CLAMP,ХОМУТ С Т- ОБРАЗНЫМ БОЛТОМ,374.65,Cummins,,Q02-TB6802-18 Q06-TB6802-18 QO02-TB6802-20 QO06-TB6802-20
4009248,Cummins,"PIN,CAM FOLLOWER ROLLER",CAM FOLLOWER ROLLER PIN,ПАЛЕЦ РОЛИКА ТОЛКАТЕЛЯ,249.16,Cummins,,Q03-BB67054-00 QO03-BB67054-01
4010519,Cummins,"SEAL,ORING",10 View Kits Details,УПЛОТНИТЕЛЬНОЕ КОЛЬЦО,58.37,Cummins,,Q08-PH67002-03 Q08-PH6828-09 QO08-PH67002-05 QO08-PH6828-09
4016364,Cummins,,PIN DOWEL,НАПРАВЛЯЮЩИЙ ШТИФТ,,,,Q03-BB67054-00 QO03-BB67054-01
4016444,Cummins,,REDUCING ADAPTER,ПЕРЕХОДНИК,,,,Q02-TP6788-11 Q06-TP6788-11 Q11-TP6788-11 QO02-TP6788-11 QO06-TP6788-11 QO11-TP6788-11
4016645,Cummins,,MALE UNION TEE,ПРОХОДНОЙ ТРОЙНИК С НАРУЖНОЙ РЕЗЬБОЙ,,,,Q02-TP6788-11 Q06-TP6788-11 Q11-TP6788-11 QO02-TP6788-11 QO06-TP6788-11 QO11-TP6788-11
4016646,Cummins,,MALE UNION TEE,ПРОХОДНОЙ ТРОЙНИК С НАРУЖНОЙ РЕЗЬБОЙ,,,,Q02-TP6788-11 Q06-TP6788-11 Q11-TP6788-11 QO02-TP6788-11 QO06-TP6788-11 QO11-TP6788-11
4017163,Cummins,,FLANGE,ФЛАНЕЦ,,,,Q02-TB6802-18 Q06-TB6802-18 QO02-TB6802-20 QO06-TB6802-20
4017508,Cummins,,AIR BALANCE TUBE,ТРУБОПРОВОД ПЕРЕРАСПРЕДЕЛЕНИЯ ВОЗДУХА,,,,Q02-TB6802-18 Q06-TB6802-18 QO02-TB6802-20 QO06-TB6802-20
4017621,Cummins,"PLUG,EXPANSION",EXPANSION PLUG,КОМПЕНСАЦИОННАЯ ЗАГЛУШКА,76.98,Cummins,,Q03-BB67054-00 QO03-BB67054-01
4017623,Cummins,,MAGNETIC SWITCH BRACKET,КРОНШТЕЙН ЭЛЕКТРОМАГНИТНОГО ВЫКЛЮЧАТЕЛЯ,,,,Q08-SB6004-01 QO08-SB6004-01
4036559,Cummins,,TURBINE HOUSING,КОРПУС ТУРБИНЫ,,,,Q02-PP6836-06 QO02-PP6836-07
4042789,Cummins,"KIT,TURBOCHARGER",TURBOCHARGER,ТУРБОНАГНЕТАТЕЛЬ,224848.85,Cummins,,Q02-PP6836-06 QO02-PP6836-07
4043801,Cummins,,TURBOCHARGER BEARING HOUSING,КОРПУС ПОДШИПНИКОВ ТУРБОНАГНЕТАТЕЛЯ,,,,Q02-PP6836-06 QO02-PP6836-07
4058077,Cummins,,MALE UNION,ШТУЦЕР,,,,Q11-PL6775-04 QO11-PL6775-05
4058079,Cummins,,MALE UNION,ШТУЦЕР,,,,Q11-PL6775-04 QO11-PL6775-05
4058965,Cummins/NTE200,·WATER FILTER,WATER FILTER,水滤芯,175.89,Фильтр,WF2075,040-0000 Q06-WF6044-05
4065627,Cummins,,DRIVE PLUG,ЗАГЛУШКА ПРИВОДА,,,,Q03-RL6718-10 QO03-RL6718-10
4065979,Cummins,,CHECK VALVE,ОБРАТНЫЙ КЛАПАН,,,,Q11-PL6775-04 QO11-PL6775-05
4066129,Cummins,,SEAL RETAINER,ДЕРЖАТЕЛЬ САЛЬНИКА,,,,Q02-TB6802-18 Q06-TB6802-18 QO02-TB6802-20 QO06-TB6802-20
4067917,Cummins,,CABLE,КАБЕЛЬ,,,,Q11-PL6775-04 QO11-PL6775-05
4080141,Cummins,BELLOWS,BELLOWS,СИЛЬФОН,7230.32,Cummins,,Q09-TB6771-06 QO09-TB6771-06
4080609,Cummins,,HUMP HOSE,,,,,QO02-TB6802-20 QO06-TB6802-20
4090196,Cummins,,CAM FOLLOWER LEVER SPACER,РАСПОРНАЯ ВТУЛКА РЫЧАГА ТОЛКАТЕЛЯ,,,,Q03-BB67054-00 QO03-BB67054-01
4097510,Cummins,"SEAL,O RING",O RING SEAL,ШАЙБОЙ УПЛОТНИТЕЛЬНОЕ КОЛЬЦО,243.4,Cummins,,Q03-VC6720-02 QO03-VC6720-03
4098548,Cummins,,X 1.5 X 32,БОЛТ РАЗЪЕМА ТИПА &QUOT;БАНДЖО&QUOT;,,,,Q10-FD6740-01 QO10-FD6740-01
4098549,Cummins,Уплотнительное шайба,SEALING WASHER,УПЛОТНИТЕЛЬНАЯ ШАЙБА,117.27,Cummins,,Q10-FD6740-01 QO10-FD6740-01
4098956,Cummins,O-ring,O RING SEAL,УПЛОТНИТЕЛЬНОЕ КОЛЬЦО,67.37,Cummins,,Q02-PP43379-09 Q03-PP43379-09 Q10-PP43379-09 QO02-PP43379-10 QO03-PP43379-10 QO10-PP43379-10
4099019,Cummins,Толкатель,CAM FOLLOWER,ТОЛКАТЕЛЬ,8824.88,Cummins,,Q03-BB67054-00 QO03-BB67054-01
4099041,Cummins,,PISTON COOLING VALVE,КЛАПАН ОХЛАЖДЕНИЯ ПОРШНЯ,,,,Q03-BB67054-00 QO03-BB67054-01
4099092,Cummins,Маслосъёмный колпачок,VALVE STEM SEAL,УПЛОТНЕНИЕ СТЕРЖНЯ КЛАПАНА,203.45,Cummins,,Q02-PP43379-09 Q03-PP43379-09 Q10-PP43379-09 QO02-PP43379-10 QO03-PP43379-10 QO10-PP43379-10
4099093,Cummins,Маслосъёмный колпачок,VALVE STEM SEAL,УПЛОТНЕНИЕ СТЕРЖНЯ КЛАПАНА,196.34,Cummins,,Q02-PP43379-09 Q03-PP43379-09 Q10-PP43379-09 QO02-PP43379-10 QO03-PP43379-10 QO10-PP43379-10
4099096,Cummins,Направляющая клапана,VALVE STEM GUIDE,НАПРАВЛЯЮЩАЯ СТЕРЖНЯ КЛАПАНА,797.85,Cummins,,Q02-PP43379-09 Q03-PP43379-09 Q10-PP43379-09 QO02-PP43379-10 QO03-PP43379-10 QO10-PP43379-10
4099225,Cummins,,"GEAR   SHAFT,LUB OIL PUMP","GEAR SHAFT,LUB OIL PUMP",,,,Q11-LP6709-02 QO11-LP6709-02
4099226,Cummins,,LUBRICATING OIL PUMP SHAFT,ВАЛ МАСЛЯНОГО НАСОСА,,,,Q11-LP6709-02 QO11-LP6709-02
4099227,Cummins,,LUBRICATING OIL PUMPING GEAR,ШЕСТЕРНЯ МАСЛЯНОГО НАСОСА,,,,Q11-LP6709-02 QO11-LP6709-02
4099228,Cummins,,"GEAR   SHAFT,LUB OIL PUMP","GEAR SHAFT,LUB OIL PUMP",,,,Q11-LP6709-02 QO11-LP6709-02
4099229,Cummins,,LUBRICATING OIL PUMP SHAFT,ВАЛ МАСЛЯНОГО НАСОСА,,,,Q11-LP6709-02 QO11-LP6709-02
4099230,Cummins,,LUBRICATING OIL PUMPING GEAR,ШЕСТЕРНЯ МАСЛЯНОГО НАСОСА,,,,Q11-LP6709-02 QO11-LP6709-02
4099240,Cummins,,BUSHING,ВТУЛКА,,,,Q11-LP6709-02 QO11-LP6709-02
4100771,Cummins,,ORIFICE PLUG,ДРОССЕЛЬНАЯ ПРОБКА,,,,Q06-WI6029-03 QO06-WI6029-03
4101094,Cummins,"LEVER,IDLER",IDLER LEVER,РЫЧАГ ПРОМЕЖУТОЧНОГО РОЛИКА,4996.88,Cummins,,Q07-FA6270-03 QO07-FA6270-05
4101150,Cummins,"GASKET,CONNECTION",CONNECTION GASKET,ПРОКЛАДКА СОЕДИНИТЕЛЬНОГО ПАТРУБКА,427.08,Cummins,,Q06-TB6817-15 QO06-TB6817-15
4308792,Cummins,,TUBE CLAMP,ТРУБНЫЙ ХОМУТ,,,,Q02-TP6788-11 Q06-TP6788-11 Q11-TP6788-11 QO02-TP6788-11 QO06-TP6788-11 QO11-TP6788-11
4323856,NTE200,FILTER,OIL FILTER,机油滤清器,446.41,Фильтр,LF17560,040-0000
4328043,Cummins,FILTER,FUEL FILTER ELEMENT,ЭЛЕМЕНТ ТОПЛИВНОГО,2381.38,Фильтр,FS53014,Q10-FF6249-06 QO10-FF6249-06
4334080,Cummins,Прокладка ГБЦ,CYLINDER HEAD GASKET,ПРОКЛАДКА ГОЛОВКИ БЛОКА ЦИЛИНДРОВ,2766.25,Cummins,,Q02-PP43379-09 Q03-PP43379-09 Q10-PP43379-09 QO02-PP43379-10 QO03-PP43379-10 QO10-PP43379-10
4357675,Cummins,,VIBRATION ISOLATOR,ВИБРОИЗОЛЯТОР,,,,Q02-PP43379-09 Q03-PP43379-09 Q10-PP43379-09 QO02-PP43379-10 QO03-PP43379-10 QO10-PP43379-10
4362007,Cummins,,CHECK VALVE,ОБРАТНЫЙ КЛАПАН,,,,Q10-FD6740-01 QO10-FD6740-01
4362008,Cummins,,CHECK VALVE,ОБРАТНЫЙ КЛАПАН,,,,Q10-FD6740-01 QO10-FD6740-01
4372406,NTE200,Генератор qsk50,GENERATOR,发电机,29998.39,Cummins,,040-0000
4372416,Cummins,,INSTRUCTION TAG,БИРКА С УКАЗАНИЯМИ,,,,Q08-EE6105-02 QO08-EE6105-02
4372907,Cummins,,MOUNTING SPACER,,,,,QO06-WF6101-02
4372908,Cummins,,CORROSION RESISTOR HEAD,,,,,QO06-WF6101-02
4372909,Cummins,,CORROSION RESISTOR HEAD,,,,,QO06-WF6101-02
4372910,Cummins,,CORROSION RESISTOR HEAD,,,,,QO06-WF6101-02
4372912,Cummins,,THERMOSTAT HOUSING,КОРПУС ТЕРМОСТАТА,,,,Q06-TH6728-07 QO06-TH6728-07
4372986,Cummins,,ACCESSORY DRIVE SUPPORT,ОПОРА ПРИВОДА ВСПОМОГАТЕЛЬНЫХ АГРЕГАТОВ,,,,Q07-DP6726-00 QO07-DP6726-00
4372987,Cummins,,ACCESSORY DRIVE SUPPORT,ОПОРА ПРИВОДА ВСПОМОГАТЕЛЬНЫХ АГРЕГАТОВ,,,,Q07-DP6726-00 QO07-DP6726-00
4372988,Cummins,,ACCESSORY DRIVE SUPPORT,ОПОРА ПРИВОДА ВСПОМОГАТЕЛЬНЫХ АГРЕГАТОВ,,,,Q07-DP6726-00 QO07-DP6726-00
4372989,Cummins,,FUEL PLUMBING BRACKET,КРОНШТЕЙН ТОПЛИВОПРОВОДА,,,,Q10-FT60821-15 QO10-FT60821-15
4373015,Cummins,,ALTERNATOR GUARD,,,,,QO12-SG6894-01
4373027,Cummins,,- 16 X 1 X WIDTH 2 INCH,ХОМУТ С U-ОБРАЗНЫМ БОЛТОМ,,,,Q06-TB6817-15 QO06-TB6817-15
4373096,Cummins,,- 10 X 6 INCH,БОЛТ С ШЕСТИГРАННОЙ ГОЛОВКОЙ,,,,Q07-FH6073-05 QO07-FH6073-06
4379736,Cummins,"VALVE,CHECK",CHECK VALVE,ОБРАТНЫЙ КЛАПАН,6463.5,Cummins,,Q10-FD6740-01 QO10-FD6740-01
4379737,Cummins,,CHECK VALVE,ОБРАТНЫЙ КЛАПАН,,,,Q10-FD6740-01 QO10-FD6740-01
4380750,Cummins,"NUT,LOCK",LOCK NUT,СТОПОРНАЯ ГАЙКА,374.15,Cummins,,Q02-PP6836-06 QO02-PP6836-07
4381191,Cummins,,HOSE BRACE,СКОБА ШЛАНГА,,,,Q02-TP6777-08 Q06-TP6777-08 Q11-TP6777-08 QO02-TP6777-08 QO06-TP6777-08 QO11-TP6777-08
4381408,Cummins,,MOUNTING SPACER,ВТУЛКА КРЕПЛЕНИЯ,,,,Q10-FF6249-06 QO10-FF6249-06
4381416,Cummins,,HAND HOLE COVER,КРЫШКА СМОТРОВОГО ЛЮЧКА,,,,Q11-OB67067-07 QO11-OB67067-07
4381441,Cummins,,HAND HOLE COVER,КРЫШКА СМОТРОВОГО ЛЮЧКА,,,,Q11-OB67067-07 QO11-OB67067-07
4381488,Cummins,,O RING SEAL,УПЛОТНИТЕЛЬНОЕ КОЛЬЦО,,,,Q07-FA6270-03 QO07-FA6270-05
4381963,Cummins,,FUEL FILTER,ТОПЛИВНЫЙ ФИЛЬТР ФИЛЬТРУЮЩИЙ,,,,Q10-FF6249-06 QO10-FF6249-06
4382155,Cummins,,- 18 X 4 INCH,ВЫСОКОПРОЧНЫЙ БОЛТ,,,,Q07-DA6703-03 QO07-DA6703-03
43828A,Cummins,Хомут,16 - 1 INCH,ХОМУТ ШЛАНГА,70.43,Cummins,,Q11-BR6801-02 QO11-BR6801-02
43828C,Cummins,Хомут,- 2 INCH,ХОМУТ ШЛАНГА,96.33,Cummins,,Q11-BR6801-02 QO11-BR6801-02
4383933,Cummins,"SWITCH,COOLANT LEVEL",10 View Kits Details,РЕЛЕ УРОВНЯ ОХЛАЖДАЮЩЕЙ ЖИДКОСТИ Available Kits Set Display Комплект охлаждающей жидкости 1,4185.78,Cummins,,Q05-SD6019-04 Q08-SD6019-04 QO05-SD6019-04 QO08-SD6019-04
4390201,Cummins,,FUEL MANIFOLD,ТОПЛИВНЫЙ КОЛЛЕКТОР,,,,Q10-FD6740-01 QO10-FD6740-01
4390202,Cummins,Шланг,FUEL HOSE,ТОПЛИВНЫЙ ШЛАНГ,3231.47,Cummins,,Q10-FD6740-01 QO10-FD6740-01
4390206,Cummins,"MANIFOLD,FUEL",FUEL MANIFOLD,ТОПЛИВНЫЙ КОЛЛЕКТОР,22443.93,Cummins,,Q10-FD6740-01 QO10-FD6740-01
4396606,Cummins,,,САЛЬНИК,,,,Q07-FH6073-05
4903568,Cummins,,O RING SEAL,,,,,QO08-PH67002-05
4910253,Cummins,,COMPRESSION PISTON RING,КОМПРЕССИОННОЕ ПОРШНЕВОЕ КОЛЬЦО,,,,Q03-PP6871-02 QO03-PP6871-02
4910289,Cummins,,PISTON PIN,ПОРШНЕВОЙ ПАЛЕЦ,,,,Q03-PP6871-02 QO03-PP6871-02
4910465,Cummins,,10 View Kits Details View Kits Details View Kits Details,ПОРШЕНЬ ДВИГАТЕЛЯ Available Kits Set Display Комплект колец - Standard Комплект двигателя Комплект двигателя 1,,,,Q03-PP6871-02 QO03-PP6871-02
4910551,Cummins,,PRODUCTION CONFIGURATION DATA,ДАННЫЕ КОНФИГУРАЦИИ СИСТЕМЫ,,,,Q01-PJ60017-03 Q01-PJ60018-03 QO01-PJ60017-03 QO01-PJ60018-03
4910552,Cummins,,CALIBRATION DEPENDENCY DATA,ДАННЫЕ ВЗАИМОЗАВИСИМОСТИ СИГНАЛОВ ПРИ КАЛИБРОВКЕ,,,,Q01-PJ60017-03 Q01-PJ60018-03 QO01-PJ60017-03 QO01-PJ60018-03
4916288,Cummins,,OIL TUBE BRACKET,КРОНШТЕЙН МАСЛОПРОВОДА,,,,Q11-OP6100-11 QO11-OP6100-12
4916427,Cummins,,FILTER SCREEN,СЕТЧАТЫЙ ФИЛЬТР,,,,Q07-DP6726-00 QO07-DP6726-00
4916449,Cummins,"SEAL,O RING",O RING SEAL,УПЛОТНИТЕЛЬНОЕ КОЛЬЦО,230.27,Cummins,,Q10-FP6990-02 QO10-FP6990-03
4916450,Cummins,"SEAL,O RING",O RING SEAL,УПЛОТНИТЕЛЬНОЕ КОЛЬЦО,25.02,Cummins,,Q10-FP6990-02 QO10-FP6990-03
4916452,Cummins,,CYLINDER LINER,ГИЛЬЗА ЦИЛИНДРА,,,,Q03-BB67054-00 QO03-BB67054-01
4916469,Cummins,,FEMALE CONNECTOR,ГНЕЗДОВОЙ РАЗЪЕМ,,,,Q10-FT60821-15 QO10-FT60821-15
4916621,Cummins,Теплообменник,COOLER CORE,ТЕПЛООБМЕННИК ОХЛАДИТЕЛЯ,32909.57,Cummins,,Q11-LC6704-08 QO11-LC6704-09
4916741,Cummins,,O RING SEAL,УПЛОТНИТЕЛЬНОЕ КОЛЬЦО,,,,Q02-PP43379-09 Q03-PP43379-09 Q10-PP43379-09 QO02-PP43379-10 QO03-PP43379-10 QO10-PP43379-10
4916742,Cummins,,O RING SEAL,УПЛОТНИТЕЛЬНОЕ КОЛЬЦО,,,,Q02-PP43379-09 Q03-PP43379-09 Q10-PP43379-09 QO02-PP43379-10 QO03-PP43379-10 QO10-PP43379-10
4916772,Cummins,,CAMSHAFT GEAR,ШЕСТЕРНЯ РАСПРЕДЕЛИТЕЛЬНОГО ВАЛА,,,,Q03-PP6885-03 Q07-PP6885-03 QO03-PP6885-03 QO07-PP6885-03
4916773,Cummins,,,КРЫШКА РАСПРЕДЕЛИТЕЛЬНЫХ ШЕСТЕРЕН,,,,Q03-GG6908-00 Q07-GG6908-00
4916777,Cummins,,,КРЫШКА РАСПРЕДЕЛИТЕЛЬНЫХ ШЕСТЕРЕН,,,,Q03-GG6908-00 Q07-GG6908-00
4916778,Cummins,,,КРЫШКА РАСПРЕДЕЛИТЕЛЬНЫХ ШЕСТЕРЕН,,,,Q03-GG6908-00 Q07-GG6908-00
4916821,Cummins,,PISTON COOLING VALVE BODY,КОРПУС КЛАПАНА ОХЛАЖДЕНИЯ ПОРШНЯ,,,,Q03-BB67054-00 QO03-BB67054-01
4917414,Cummins,,TUBE CLAMP,ТРУБНЫЙ ХОМУТ,,,,Q10-FT60821-15 QO10-FT60821-15
4917415,Cummins,,TUBE CLAMP,ТРУБНЫЙ ХОМУТ,,,,Q10-FT60821-15 QO10-FT60821-15
4917449,Cummins,,VALVE COVER,КРЫШКА КЛАПАННОГО МЕХАНИЗМА,,,,Q03-VC6720-02 QO03-VC6720-03
4917451,Cummins,Прокладка крышки клапанов,VALVE COVER GASKET,ПРОКЛАДКА КРЫШКИ КЛАПАННОГО МЕХАНИЗМА,270.78,Cummins,,Q03-VC6720-02 QO03-VC6720-03
4917503,Cummins,,SPEED INDICATOR RING,КОЛЬЦО ДАТЧИКА ЧАСТОТЫ ВРАЩЕНИЯ,,,,Q03-BB67054-00 QO03-BB67054-01
4917564,Cummins,,COVER PLATE,КРЫШКА,,,,Q02-TP6788-11 Q06-TP6788-11 Q10-FT60821-15 Q11-TP6788-11 QO02-TP6788-11 QO06-TP6788-11 QO10-FT60821-15 QO11-TP6788-11
4918044,Cummins,,FUEL PLUMBING BRACKET,КРОНШТЕЙН ТОПЛИВОПРОВОДА,,,,Q10-FD6740-01 QO10-FD6740-01
4918047,Cummins,,CLAMPING PLATE,ПРИЖИМНАЯ ПЛАСТИНА,,,,Q10-FD6740-01 QO10-FD6740-01
4918048,Cummins,,TUBE CLAMP,ТРУБНЫЙ ХОМУТ,,,,Q10-FD6740-01 QO10-FD6740-01
4918064,Cummins,"HARNESS,ETR CNT MDL WRG",ELECTRONIC CONTROL MODULE WIRING HARNESS,ЖГУТ ПРОВОДОВ ЭЛЕКТРОННОГО МОДУЛЯ УПРАВЛЕНИЯ,8107.02,Cummins,,Q05-WR67101-00 Q08-WR67101-00 QO05-WR67101-01 QO08-WR67101-01
4918068,Cummins,Nozzle sealing,INJECTOR SEAL,УПЛОТНЕНИЕ ФОРСУНКИ,1842.55,Cummins,,Q02-PP43379-09 Q03-PP43379-09 Q10-PP43379-09 QO02-PP43379-10 QO03-PP43379-10 QO10-PP43379-10
4918072,Cummins,"SEAL,INJECTOR",INJECTOR SEAL,УПЛОТНЕНИЕ ФОРСУНКИ,1551.29,Cummins,,Q02-PP43379-09 Q03-PP43379-09 Q10-PP43379-09 QO02-PP43379-10 QO03-PP43379-10 QO10-PP43379-10
4918075,Cummins,"SEAL,DUST",,ПЫЛЕЗАЩИТНОЕ УПЛОТНЕНИЕ,269.61,Cummins,,Q03-VC6720-02
4920071,Cummins/NTE200,FILTER,OIL FILTER,机油滤清器,904.86,Фильтр,LF9050,040-0000 Q11-LF6080-11 QO11-LF6080-12
4924237,Cummins,,THREADED PLUG,РЕЗЬБОВАЯ ПРОБКА,,,,Q10-FT60821-15 QO10-FT60821-15
4924238,Cummins,,O RING PLUG,УПЛОТНИТЕЛЬНОЕ КОЛЬЦО ПРОБКИ,,,,Q10-FT60821-15 QO10-FT60821-15
4924291,Cummins,CLIP,CLIP,ФИКСАТОР БОЛТ С,197.87,Cummins,,Q08-PH67002-03 QO08-PH67002-05
4924584,Cummins,,COMPRESSION PISTON RING,КОМПРЕССИОННОЕ ПОРШНЕВОЕ КОЛЬЦО,,,,Q03-PP6871-02 QO03-PP6871-02
4924597,Cummins,,AFTERCOOLER COVER,КРЫШКА ОХЛАДИТЕЛЯ НАДДУВОЧНОГО ВОЗДУХА,,,,Q02-TB6802-18 Q06-TB6802-18 QO02-TB6802-20 QO06-TB6802-20
4924599,Cummins,,AFTERCOOLER COVER,КРЫШКА ОХЛАДИТЕЛЯ НАДДУВОЧНОГО ВОЗДУХА,,,,Q02-TB6802-18 Q06-TB6802-18 QO02-TB6802-20 QO06-TB6802-20
4924611,Cummins,,ROCKER LEVER SPACER,РАСПОРНАЯ ВТУЛКА КОРОМЫСЛА,,,,Q03-RL6718-10 QO03-RL6718-10
4924613,Cummins,,PRESSURE RELIEF VALVE,РЕДУКЦИОННЫЙ КЛАПАН,,,,Q10-FP6990-02 QO10-FP6990-03
4924673,Cummins,Шланг,MOLDED HOSE,ФОРМОВАННЫЙ ШЛАНГ,1611.47,Cummins,,Q11-BR6801-02 QO11-BR6801-02
4924679,Cummins,,ENGINE PISTON,ПОРШЕНЬ ДВИГАТЕЛЯ,,,,Q03-PP6871-02 QO03-PP6871-02
4924682,Cummins,,MALE UNION TEE,ПРОХОДНОЙ ТРОЙНИК С НАРУЖНОЙ РЕЗЬБОЙ,,,,Q10-FP6990-02 QO10-FP6990-03
4924683,Cummins,,MALE UNION TEE,ПРОХОДНОЙ ТРОЙНИК С НАРУЖНОЙ РЕЗЬБОЙ,,,,Q10-FP6990-02 QO10-FP6990-03
4924691,Cummins,,FUEL PUMP BRACE,ПОДКОС ТОПЛИВНОГО НАСОСА,,,,Q10-FP6990-02 QO10-FP6990-03
4924692,Cummins,,FUEL PUMP BRACE,ПОДКОС ТОПЛИВНОГО НАСОСА,,,,Q10-FP6990-02 QO10-FP6990-03
4924693,Cummins,,FUEL PUMP BRACE,ПОДКОС ТОПЛИВНОГО НАСОСА,,,,Q10-FP6990-02 QO10-FP6990-03
4924709,Cummins,,O RING SEAL,УПЛОТНИТЕЛЬНОЕ КОЛЬЦО,,,,Q10-FP6990-02 QO10-FP6990-03
4924711,Cummins,,O RING SEAL,УПЛОТНИТЕЛЬНОЕ КОЛЬЦО,,,,Q10-FP6990-02 QO10-FP6990-03
4924712,Cummins,,SPRING WASHER,ПРУЖИННАЯ ШАЙБА,,,,Q10-FP6990-02 QO10-FP6990-03
4924717,Cummins,,FUEL PUMP COVER,КРЫШКА ТОПЛИВНОГО НАСОСА,,,,Q10-FP6990-02 QO10-FP6990-03
4924718,Cummins,,O RING SEAL,УПЛОТНИТЕЛЬНОЕ КОЛЬЦО,,,,Q10-FP6990-02 QO10-FP6990-03
4924719,Cummins,,SOCKET HEAD CAP SCREW,БОЛТ С ГОЛОВКОЙ ПОД ТОРЦЕВОЙ КЛЮЧ,,,,Q10-FP6990-02 QO10-FP6990-03
4924724,Cummins,Болт,- 16 X 6 INCH,БОЛТ С ШЕСТИГРАННОЙ ГОЛОВКОЙ,237.04,Cummins,,Q02-TB6802-18 Q06-TB6802-18 QO02-TB6802-20 QO06-TB6802-20
4924726,Cummins,,- 18 X 1 INCH : - 14 X INCH,ШЕСТИГРАННОЙ ГОЛОВКОЙ-,,,,Q08-PH67002-03 QO08-PH67002-05
4924730,Cummins,,PRESSURE RELIEF VALVE,РЕДУКЦИОННЫЙ КЛАПАН,,,,Q11-LP6709-02 QO11-LP6709-02
4924731,Cummins,,COMPRESSION SPRING,НАЖИМНАЯ ПРУЖИНА,,,,Q11-LP6709-02 QO11-LP6709-02
4924733,Cummins,,LUBRICATING OIL PUMP COVER,КРЫШКА МАСЛЯНОГО НАСОСА,,,,Q11-LP6709-02 QO11-LP6709-02
4924734,Cummins,,LUBRICATING OIL PUMP COVER,КРЫШКА МАСЛЯНОГО НАСОСА,,,,Q11-LP6709-02 QO11-LP6709-02
4924735,Cummins,,LUBRICATING OIL PUMP BODY,КОРПУС МАСЛЯНОГО НАСОСА,,,,Q11-LP6709-02 QO11-LP6709-02
4924736,Cummins,,LUBRICATING OIL PUMP BODY,КОРПУС МАСЛЯНОГО НАСОСА,,,,Q11-LP6709-02 QO11-LP6709-02
4924737,Cummins,,LUBRICATING OIL PUMP,МАСЛЯНЫЙ НАСОС,,,,Q11-LP6709-02 QO11-LP6709-02
4924738,Cummins,,LUBRICATING OIL PUMP,МАСЛЯНЫЙ НАСОС,,,,Q11-LP6709-02 QO11-LP6709-02
4924739,Cummins,,LUBRICATING OIL PUMP,МАСЛЯНЫЙ НАСОС,,,,Q11-LP6709-02 QO11-LP6709-02
4924765,Cummins,,ACCESSORY DRIVE SHAFT,ВАЛ ПРИВОДА ВСПОМОГАТЕЛЬНЫХ АГРЕГАТОВ,,,,Q07-DP6726-00 QO07-DP6726-00
4924788,Cummins,Шланг,PLAIN HOSE,ГЛАДКИЙ ШЛАНГ,1368.11,Cummins,,Q09-TB6054-03 QO09-TB6054-03
4924925,Cummins,"SWITCH,PRESSURE",PRESSURE SWITCH,ДАТЧИК ДАВЛЕНИЯ,8435.52,Cummins,,Q07-DP6726-00 Q11-PL6775-04 QO07-DP6726-00 QO11-PL6775-05
4927631,Cummins,,LUBRICATING OIL TRANSFER TUBE,ТРУБКА ПЕРЕКАЧКИ МАСЛА,,,,Q11-LP6709-02 QO11-LP6709-02
4927957,Cummins,,LUBRICATING OIL FILTER HEAD,ГОЛОВКА МАСЛЯНОГО ФИЛЬТРА,,,,Q11-LF6080-11 QO11-LF6080-12
4927959,Cummins,,WATER INLET CONNECTION,ВХОДНОЙ ВОДЯНОЙ ПАТРУБОК,,,,Q06-THC6017-01 QO06-TB6051-07
4927980,Cummins,,THREADED PLUG,РЕЗЬБОВАЯ ПРОБКА,,,,Q10-FP6990-02 QO10-FP6990-03
4927981,Cummins,,FLAT SPRING,ПЛОСКАЯ ПРУЖИНА,,,,Q10-FP6990-02 QO10-FP6990-03
4927982,Cummins,,THREADED PLUG,РЕЗЬБОВАЯ ПРОБКА,,,,Q10-FP6990-02 QO10-FP6990-03
4927983,Cummins,,EXPANSION PLUG,КОМПЕНСАЦИОННАЯ ЗАГЛУШКА,,,,Q10-FP6990-02 QO10-FP6990-03
4927984,Cummins,,O RING SEAL,УПЛОТНИТЕЛЬНОЕ КОЛЬЦО,,,,Q10-FP6990-02 QO10-FP6990-03
4927985,Cummins,,O RING SEAL,УПЛОТНИТЕЛЬНОЕ КОЛЬЦО,,,,Q10-FP6990-02 QO10-FP6990-03
4927986,Cummins,,SOCKET HEAD CAP SCREW,БОЛТ С ГОЛОВКОЙ ПОД ТОРЦЕВОЙ КЛЮЧ,,,,Q10-FP6990-02 QO10-FP6990-03
4928015,Cummins,,LUBRICATING OIL FILTER HEAD,ГОЛОВКА МАСЛЯНОГО ФИЛЬТРА,,,,Q11-LF6080-11 QO11-LF6080-12
4928035,Cummins,,PLUG ADAPTER,ПЕРЕХОДНАЯ ЗАГЛУШКА,,,,Q10-FP6990-02 QO10-FP6990-03
4928107,Cummins,"SEAL,SENSOR",SEALS,SEALS,821.76,Cummins,,Q10-FP6990-02 QO10-FP6990-03
4928599,Cummins,"SEAL,ORING",,УПЛОТНИТЕЛЬНОЕ КОЛЬЦО,92.36,Cummins,,Q08-PH67002-03
4936174,Cummins,"CLAMP,VBAND",V BAND CLAMP,СТЯЖНОЙ ЛЕНТОЧНЫЙ ХОМУТ,1104.37,Cummins,,Q09-TB6771-06 QO09-TB6771-06
4947877,Cummins,,- 20 X 1 INCH,БОЛТ С ШЕСТИГРАННОЙ ГОЛОВКОЙ,,,,Q10-FT60821-15 QO10-FT60821-15
4951860,Cummins,Реле маслозакачки,RELAY SWITCH,РЕЛЕЙНЫЙ ДАТЧИК,1834.56,Cummins,,Q11-PL6775-04 QO11-PL6775-05
4951861,Cummins,,RELAY BRACKET,КРОНШТЕЙН РЕЛЕ,,,,Q11-PL6775-04 QO11-PL6775-05
4951863,Cummins,,ELECTRICAL CABLE,ЭЛЕКТРИЧЕСКИЙ КАБЕЛЬ,,,,Q11-PL6775-04 QO11-PL6775-05
4951864,Cummins,"SWITCH,MAGNETIC",MAGNETIC SWITCH,ЭЛЕКТРОМАГНИТНЫЙ ВЫКЛЮЧАТЕЛЬ,22554.98,Cummins,,Q11-PL6775-04 QO11-PL6775-05
4951869,Cummins,,HAND HOLE COVER,КРЫШКА СМОТРОВОГО ЛЮЧКА,,,,Q11-OB67067-07 QO11-OB67067-07
4951877,Cummins,,MOUNTING SPACER,ВТУЛКА КРЕПЛЕНИЯ,,,,Q10-FP6990-02 QO10-FP6990-03
4951896,Cummins,,ADAPTER CROSS,КРЕСТОВИНА ПЕРЕХОДНИКА,,,,Q11-PL6775-04 QO11-PL6775-05
4953332,Cummins,,ACCESSORY DRIVE GEAR,ШЕСТЕРНЯ ПРИВОДА ВСПОМОГАТЕЛЬНЫХ АГРЕГАТОВ,,,,Q07-DP6726-00 QO07-DP6726-00
4953334,Cummins,,WATER PUMP GEAR,ШЕСТЕРНЯ ВОДЯНОГО НАСОСА,,,,Q04-WP6704-14 Q06-WP6704-14 QO04-WP6704-14 QO06-WP6704-14
4954405,Cummins,"SENSOR,PRESSURE",PRESSURE SENSOR,ШПИЛЬКОЙ ДАТЧИК ДАВЛЕНИЯ,19174.8,Cummins,,Q08-PH67002-03 QO08-PH67002-05
4954905,Cummins,"SENSOR,TEMPERATURE",Available Kits,ДАТЧИК ТЕМПЕРАТУРЫ,161.36,Cummins,,Q08-PH6828-09 QO08-PH6828-09
4956317,Cummins,,WATER OUTLET CONNECTION,ВЫХОДНОЙ ВОДЯНОЙ ПАТРУБОК,,,,Q06-TB6817-15 QO06-TB6817-15
4963960,Cummins,,CYLINDER HEAD,ГОЛОВКА БЛОКА ЦИЛИНДРОВ,,,,Q02-PP43379-09 Q03-PP43379-09 Q10-PP43379-09 QO02-PP43379-10 QO03-PP43379-10 QO10-PP43379-10
4963961,Cummins,,CYLINDER HEAD,ГОЛОВКА БЛОКА ЦИЛИНДРОВ,,,,Q02-PP43379-09 Q03-PP43379-09 Q10-PP43379-09 QO02-PP43379-10 QO03-PP43379-10 QO10-PP43379-10
4963962,Cummins,,CYLINDER HEAD,ГОЛОВКА БЛОКА ЦИЛИНДРОВ,,,,Q02-PP43379-09 Q03-PP43379-09 Q10-PP43379-09 QO02-PP43379-10 QO03-PP43379-10 QO10-PP43379-10
4964102,Cummins,Датчик давления топливного насоса,PRESSURE SENSOR,ДАТЧИК ДАВЛЕНИЯ,10582.68,Cummins,,Q10-FP6990-02 QO10-FP6990-03
4964178,Cummins,,REDUCING PIPE ADAPTER,ТРУБНЫЙ ПЕРЕХОДНИК,,,,Q10-FF6778-01 Q10-FI6008-01 QO10-FF6778-01 QO10-FI6008-01
4964180,Cummins,,MALE UNION,ШТУЦЕР,,,,Q10-FF6778-01 Q10-FI6008-01 QO10-FF6778-01 QO10-FI6008-01
4964183,Cummins,,WIRING HARNESS,ЖГУТ ПРОВОДОВ,,,,Q10-FF6249-06 QO10-FF6249-06
4964200,Cummins,"HOSE,FLEXIBLE",FLEXIBLE HOSE,ГИБКИЙ ШЛАНГ,3001.51,Cummins,,Q10-FP6990-02 QO10-FP6990-03
4969154,Cummins,,FUEL DRAIN TUBE,СЛИВНОЙ ТОПЛИВОПРОВОД,,,,Q10-FD6740-01 QO10-FD6740-01
4969156,Cummins,,FUEL DRAIN TUBE,СЛИВНОЙ ТОПЛИВОПРОВОД,,,,Q10-FD6740-01 QO10-FD6740-01
4970261,Cummins,"HOSE,FLEXIBLE",FLEXIBLE HOSE,ГИБКИЙ ШЛАНГ,3753.14,Cummins,,Q10-FP6990-02 QO10-FP6990-03
4970295,Cummins,Шланг,FLEXIBLE HOSE,ГИБКИЙ ШЛАНГ,1958.71,Cummins,,Q10-FD6740-01 QO10-FD6740-01
4978588,Cummins,"ISOLATOR,VIBRATION",VIBRATION ISOLATOR,ВИБРОИЗОЛЯТОР,233.38,Cummins,,Q10-FF6249-06 QO10-FF6249-06
4978589,Cummins,"ISOLATOR,VIBRATION",VIBRATION ISOLATOR,ВИБРОИЗОЛЯТОР,133.84,Cummins,,Q10-FF6249-06 QO10-FF6249-06
4986317,Cummins,,INTAKE VALVE,ВПУСКНОЙ КЛАПАН,,,,Q02-PP43379-09 Q03-PP43379-09 Q10-PP43379-09 QO02-PP43379-10 QO03-PP43379-10 QO10-PP43379-10
4995444,Cummins,,ELECTRONIC CONTROL MODULE,ЭЛЕКТРОННЫЙ МОДУЛЬ УПРАВЛЕНИЯ,,,,Q01-PJ60017-03 Q01-PJ60018-03 Q08-PH67002-03 QO01-PJ60017-03 QO01-PJ60018-03 QO08-PH67002-05
4995445,Cummins,"MODULE,ELECTRONIC CONTROL",ELECTRONIC CONTROL MODULE,ЭЛЕКТРОННЫЙ МОДУЛЬ УПРАВЛЕНИЯ,43934.95,Cummins,,Q01-PJ60017-03 Q01-PJ60018-03 Q08-PH67002-03 QO01-PJ60017-03 QO01-PJ60018-03 QO08-PH67002-05
4998542,Cummins,,O RING SEAL,УПЛОТНИТЕЛЬНОЕ КОЛЬЦО,,,,Q07-DF6009-03 QO07-DF6009-03
4998543,Cummins,,INSTRUCTION TAG,БИРКА С УКАЗАНИЯМИ,,,,Q07-LA6716-02 QO07-LA6716-02
51051,NTE200,,INDICATOR BY-PASS,旁路指示器,,,,050-0070
5278643,Cummins,,WATER HEADER COVER GASKET,,,,,QO11-LC6704-09
5278644,Cummins,,WATER HEADER COVER GASKET,,,,,QO11-LC6704-09
5371720,Cummins,Натяжитель ремня,BELT TENSIONER,МЕХАНИЗМ НАТЯЖЕНИЯ РЕМНЯ,13853.35,Cummins,,Q07-FA6270-03 QO07-FA6270-05
5372025,Cummins,,WATER TUBE BRACKET,КРОНШТЕЙН ВОДЯНОГО ТРУБОПРОВОДА,,,,Q02-TP6788-11 Q06-TP6788-11 Q11-TP6788-11 QO02-TP6788-11 QO06-TP6788-11 QO11-TP6788-11
5372029,Cummins,,CABLE BRACKET,КРОНШТЕЙН КАБЕЛЯ,,,,Q05-WR67101-00 Q08-WR67101-00 QO05-WR67101-01 QO08-WR67101-01
5372030,Cummins,,CABLE BRACKET,КРОНШТЕЙН КАБЕЛЯ,,,,Q05-WR67101-00 Q08-WR67101-00 QO05-WR67101-01 QO08-WR67101-01
5372093,Cummins,"SUPPORT,PIVOTSHAFT",PIVOT SHAFT SUPPORT,ОПОРА ПОВОРОТНОГО ШКВОРНЯ,6531.75,Cummins,,Q07-FA6270-03 QO07-FA6270-05
5372095,Cummins,Натяжитель в сборе,IDLER LEVER,РЫЧАГ ПРОМЕЖУТОЧНОГО РОЛИКА,70457.65,Cummins,,Q07-FA6270-03 QO07-FA6270-05
5372868,Cummins,Винт колпачок  с шестигранной головкой фланца,MOUNTING SPACER,ВТУЛКА КРЕПЛЕНИЯ Available Kits,501.22,Cummins,,Q09-TB6771-06 QO09-TB6771-06
5372875,Cummins,,WIRING RETAINER BRACKET,УПОРНЫЙ КРОНШТЕЙН ПОД ЖГУТ ПРОВОДОВ,,,,Q05-WR67101-00 Q08-WR67101-00 QO05-WR67101-01 QO08-WR67101-01
5372910,Cummins/NTE200,Ремень вентилятора QSK50,FAN BELT,风扇皮带,11456.78,Cummins,,040-0000 Q07-FA6270-03 QO07-FA6270-05
5373059,Cummins,,FUEL PLUMBING BRACKET,КРОНШТЕЙН ТОПЛИВОПРОВОДА,,,,Q10-FT60821-15 QO10-FT60821-15
5373849,Cummins,Прокладка картера коромысел,ROCKER LEVER HOUSING GASKET,ПРОКЛАДКА КОРПУСА КОРОМЫСЕЛ,741.46,Cummins,,Q03-RL6718-10 QO03-RL6718-10
5374030,Cummins,,BARRING DRIVE HOUSING,КОРПУС ПРИВОДА ДЛЯ ПРОВОРАЧИВАНИЯ КОЛЕНЧАТОГО ВАЛА,,,,Q07-CB6705-03 QO07-CB6705-03
5374032,Cummins,,BARRING DRIVE,ПРИВОД ДЛЯ ПРОВОРАЧИВАНИЯ КОЛЕНЧАТОГО ВАЛА,,,,Q07-CB6705-03 QO07-CB6705-03
5374489,Cummins,,FLYWHEEL HOUSING,КАРТЕР МАХОВИКА,,,,Q07-FH6073-05 QO07-FH6073-06
5374490,Cummins,,FLYWHEEL HOUSING,КАРТЕР МАХОВИКА,,,,Q07-FH6073-05 QO07-FH6073-06
5374581,Cummins,,GEAR HOUSING,,,,,QO03-BB67054-01
5374800,Cummins,,GEAR COVER,,,,,QO03-GG6908-02 QO07-GG6908-02
5375028,Cummins,,INJECTOR CLAMP,ДЕРЖАТЕЛЬ ФОРСУНКИ,,,,Q02-PP43379-09 Q03-PP43379-09 Q10-PP43379-09 QO02-PP43379-10 QO03-PP43379-10 QO10-PP43379-10
5375117,Cummins,,AIR CROSSOVER CONNECTION,СОЕДИНЕНИЕ ПЕРЕПУСКНОГО ВОЗДУХОВОДА,,,,Q02-TB6802-18 Q06-TB6802-18 QO02-TB6802-20 QO06-TB6802-20
5375675,Cummins,,PLUG ADAPTER,ПЕРЕХОДНАЯ ЗАГЛУШКА,,,,Q07-DP6726-00 QO07-DP6726-00
5375708,Cummins,Шланг,FLEXIBLE HOSE,ГИБКИЙ ШЛАНГ,1437.4,Cummins,,Q07-EM6714-01 QO07-EM6714-03
5376094,Cummins,,ACCESSORY DRIVE SUPPORT,ОПОРА ПРИВОДА ВСПОМОГАТЕЛЬНЫХ АГРЕГАТОВ,,,,Q07-DP6726-00 QO07-DP6726-00
5376095,Cummins,,FILTER SCREEN,СЕТЧАТЫЙ ФИЛЬТР,,,,Q07-DP6726-00 QO07-DP6726-00
5376096,Cummins,,FILTER SCREEN,СЕТЧАТЫЙ ФИЛЬТР,,,,Q07-DP6726-00 QO07-DP6726-00
5376160,Cummins,,SENSOR BRACKET,КРОНШТЕЙН ДАТЧИКА,,,,Q08-PH67002-03 QO08-PH67002-05
5376161,Cummins,,BRACKET SUPPORT,ОПОРНЫЙ КРОНШТЕЙН,,,,Q08-PH67002-03 QO08-PH67002-05
5376162,Cummins,,INFORMATION DECAL,ИНФОРМАЦИОННАЯ ТАБЛИЧКА,,,,Q10-FF6249-06 QO10-FF6249-06
5376167,Cummins,,,КРЫШКА,,,,Q06-TH67011-01
5376264,Cummins,,WATER PUMP,ВОДЯНОЙ НАСОС,,,,Q04-WP6704-14 Q06-WP6704-14 QO04-WP6704-14 QO06-WP6704-14
5376291,Cummins,,WATER PUMP,ВОДЯНОЙ НАСОС,,,,Q04-WP6704-14 Q06-WP6704-14 QO04-WP6704-14 QO06-WP6704-14
5376292,Cummins,,OIL SEAL,САЛЬНИК,,,,Q04-WP6704-14 Q06-WP6704-14 QO04-WP6704-14 QO06-WP6704-14
5376293,Cummins,,ORIFICE PLUG,ДРОССЕЛЬНАЯ ПРОБКА,,,,Q04-WP6704-14 Q06-WP6704-14 QO04-WP6704-14 QO06-WP6704-14
5376451,Cummins,,WATER PUMP SUPPORT,ОПОРА ВОДЯНОГО НАСОСА,,,,Q04-WP6704-14 Q06-WP6704-14 QO04-WP6704-14 QO06-WP6704-14
5409307,Cummins,,FUEL BLOCK CONNECTION,СОЕДИНИТЕЛЬНЫЙ ПАТРУБОК ТОПЛИВНОГО БЛОКА,,,,Q10-FD6740-01 QO10-FD6740-01
5417037,Cummins,,WIRING HARNESS,ЖГУТ ПРОВОДОВ,,,,Q07-DP6726-00 QO07-DP6726-00
5417125,Cummins,"MANIFOLD,FUEL",FUEL MANIFOLD,ТОПЛИВНЫЙ КОЛЛЕКТОР,13495,Cummins,,Q10-FP6990-02 QO10-FP6990-03
5417127,Cummins,,,СЕТЧАТЫЙ ФИЛЬТР,,,,Q10-FP6990-02
5417128,Cummins,"SCREEN,FILTER",,СЕТЧАТЫЙ ФИЛЬТР,2926.46,Cummins,,Q10-FP6990-02
5417134,Cummins,,FUEL MANIFOLD,ТОПЛИВНЫЙ КОЛЛЕКТОР,,,,Q10-FP6990-02 QO10-FP6990-03
5417137,Cummins,,FUEL FILTER,ТОПЛИВНЫЙ ФИЛЬТР,,,,Q10-FF6249-06 QO10-FF6249-06
5419087,Cummins,,LOCK NUT,СТОПОРНАЯ ГАЙКА,,,,Q05-WR67101-00 Q08-WR67101-00 QO05-WR67101-01 QO08-WR67101-01
5457231,Cummins,,TURBOCHARGER BEARING HOUSING,КОРПУС ПОДШИПНИКОВ ТУРБОНАГНЕТАТЕЛЯ,,,,Q02-PP6836-06 QO02-PP6836-07
5457232,Cummins,,TURBOCHARGER,ТУРБОНАГНЕТАТЕЛЬ,,,,Q02-PP6836-06 QO02-PP6836-07
5457233,Cummins,,TURBOCHARGER,ТУРБОНАГНЕТАТЕЛЬ,,,,Q02-PP6836-06 QO02-PP6836-07
5462023,Cummins,"SENSOR,TEMPERATURE",TEMPERATURE SENSOR,ДАТЧИК ТЕМПЕРАТУРЫ,8583.02,Cummins,,Q08-PH67002-03 QO08-PH67002-05
5462024,Cummins,Датчик температуры,TEMPERATURE SENSOR,ДАТЧИК ТЕМПЕРАТУРЫ,8583.02,Cummins,,Q08-PH67002-03 QO08-PH67002-05
5462025,Cummins,"SENSOR,TEMPERATURE",TEMPERATURE SENSOR,ДАТЧИК ТЕМПЕРАТУРЫ,8583.02,Cummins,,Q08-PH67002-03 QO08-PH67002-05
5462026,Cummins,"SENSOR,TEMPERATURE",TEMPERATURE SENSOR,ДАТЧИК ТЕМПЕРАТУРЫ,8583.02,Cummins,,Q08-PH67002-03 QO08-PH67002-05
5469712,Cummins,,COMPONENT COVER,ФИЛЬТРА СОСТАВНАЯ КРЫШКА,,,,Q10-FF6249-06 QO10-FF6249-06
5469713,Cummins,,THREADED PLUG,РЕЗЬБОВАЯ ПРОБКА,,,,Q10-FF6249-06 QO10-FF6249-06
5469714,Cummins,"HOSE,FUEL",FLEXIBLE HOSE,ГИБКИЙ ШЛАНГ,,Cummins,,Q10-FF6249-06 QO10-FF6249-06
5469715,Cummins,,BYPASS VALVE,ПЕРЕПУСКНОЙ КЛАПАН,,,,Q10-FF6249-06 QO10-FF6249-06
5469716,Cummins,,CHECK VALVE,ОБРАТНЫЙ КЛАПАН,,,,Q10-FF6249-06 QO10-FF6249-06
5469717,Cummins,,COMPONENT COVER,СОСТАВНАЯ КРЫШКА,,,,Q10-FF6249-06 QO10-FF6249-06
5469720,Cummins,,WATER SENSOR,ДАТЧИК ВОДЫ,,,,Q10-FF6249-06 QO10-FF6249-06
5470645,Cummins,,APPLICATION CONTROL DATA,,,,,QO13-DO61042-00
5471203,Cummins,,PERFORMANCE CONTROL DATA,,,,,QO13-SC61878-01
5491808,Cummins,"SENSOR,POSITION",POSITION SENSOR,ДАТЧИК ПОЛОЖЕНИЯ,2411.31,Cummins,,Q08-PH67002-03 QO08-PH67002-05
550291,Cummins,,,ГЛАДКИЙ ШТУЦЕР- ПЕРЕХОДНИК,,,,Q06-WF6044-05
5538108,Cummins,,MODULE BRACKET,КРОНШТЕЙН МОДУЛЯ,,,,Q05-WR67101-00 Q08-WR67101-00 QO05-WR67101-01 QO08-WR67101-01
5538144,Cummins,Жгут проводов,ELECTRONIC CONTROL MODULE WIRING HARNESS,ЖГУТ ПРОВОДОВ ЭЛЕКТРОННОГО МОДУЛЯ УПРАВЛЕНИЯ,519101.02,Cummins,,Q05-WR67101-00 Q08-WR67101-00 QO05-WR67101-01 QO08-WR67101-01
5538145,Cummins,,ELECTRONIC CONTROL MODULE WIRING HARNESS,ЖГУТ ПРОВОДОВ ЭЛЕКТРОННОГО МОДУЛЯ УПРАВЛЕНИЯ,,,,Q05-WR67101-00 Q08-WR67101-00 QO05-WR67101-01 QO08-WR67101-01
5538146,Cummins,,ELECTRONIC CONTROL MODULE WIRING HARNESS,ЖГУТ ПРОВОДОВ ЭЛЕКТРОННОГО МОДУЛЯ УПРАВЛЕНИЯ,,,,Q05-WR67101-00 Q08-WR67101-00 QO05-WR67101-01 QO08-WR67101-01
5538148,Cummins,,ELECTRONIC CONTROL MODULE WIRING HARNESS,ЖГУТ ПРОВОДОВ ЭЛЕКТРОННОГО МОДУЛЯ УПРАВЛЕНИЯ,,,,Q05-WR67101-00 Q08-WR67101-00 QO05-WR67101-01 QO08-WR67101-01
5538724,Cummins,THERMOSTAT,THERMOSTAT,ТЕРМОСТАТ,1519.63,Cummins,,Q06-TH6728-07 QO06-TH6728-07
5538935,Cummins,,ELECTRONIC CONTROL MODULE WIRING HARNESS,ЖГУТ ПРОВОДОВ ЭЛЕКТРОННОГО МОДУЛЯ УПРАВЛЕНИЯ,,,,Q05-WR67101-00 Q08-WR67101-00 QO05-WR67101-01 QO08-WR67101-01
5538936,Cummins,,ELECTRONIC CONTROL MODULE WIRING HARNESS,ЖГУТ ПРОВОДОВ ЭЛЕКТРОННОГО МОДУЛЯ УПРАВЛЕНИЯ,,,,Q05-WR67101-00 Q08-WR67101-00 QO05-WR67101-01 QO08-WR67101-01
5538937,Cummins,,ELECTRONIC CONTROL MODULE WIRING HARNESS,ЖГУТ ПРОВОДОВ ЭЛЕКТРОННОГО МОДУЛЯ УПРАВЛЕНИЯ,,,,Q05-WR67101-00 Q08-WR67101-00 QO05-WR67101-01 QO08-WR67101-01
5539200,Cummins,"LEVER,ROCKER",ROCKER LEVER,КОРОМЫСЛО РЕГУЛИРОВОЧНЫЙ,8701.25,Cummins,,Q03-RL6718-10 QO03-RL6718-10
5539201,Cummins,"LEVER,ROCKER",ROCKER LEVER,КОРОМЫСЛО,3713.8,Cummins,,Q03-RL6718-10 QO03-RL6718-10
5539215,Cummins,,ROCKER LEVER,КОРОМЫСЛО,,,,Q03-RL6718-10 QO03-RL6718-10
5539796,Cummins,,WEAR SLEEVE,РЕМОНТНАЯ ВТУЛКА,,,,Q08-PH67002-03 QO08-PH67002-05
5539807,Cummins,,GEAR HOUSING GASKET,,,,,QO03-BB67054-01
5540246,Cummins,"PUMP,FUEL",FUEL PUMP,ТОПЛИВНЫЙ НАСОС,327776,Cummins,,Q10-FP6990-02 QO10-FP6990-03
5540851,Cummins,"GASKET,AFTERCOOLER COVER",AFTERCOOLER COVER GASKET,ПРОКЛАДКА КРЫШКИ ОХЛАДИТЕЛЯ НАДДУВОЧНОГО ВОЗДУХА,1288.95,Cummins,,Q02-TB6802-18 Q06-TB6802-18 QO02-TB6802-20 QO06-TB6802-20
5540893,Cummins,,PRESSURE RELIEF VALVE,РЕДУКЦИОННЫЙ КЛАПАН,,,,Q10-FP6990-02 QO10-FP6990-03
5540894,Cummins,,PRESSURE RELIEF VALVE,РЕДУКЦИОННЫЙ КЛАПАН,,,,Q10-FP6990-02 QO10-FP6990-03
5540895,Cummins,,PLAIN UNION ELBOW,ПРОСТОЙ ПРОХОДНОЙ УГЛОВОЙ СОЕДИНИТЕЛЬ,,,,Q10-FP6990-02 QO10-FP6990-03
5540896,Cummins,,10 View Kits Details,ПРОСТОЙ ПРОХОДНОЙ УГЛОВОЙ СОЕДИНИТЕЛЬ Available Kits Set Display Топливный - комплект 1,,,,Q10-FP6990-02 QO10-FP6990-03
5540898,Cummins,,FUEL HOSE,ТОПЛИВНЫЙ ШЛАНГ,,,,Q10-FF6249-06 QO10-FF6249-06
5540908,Cummins,,CLIP,ФИКСАТОР,,,,Q05-WR67101-00 Q08-WR67101-00 QO05-WR67101-01 QO08-WR67101-01
5540909,Cummins,,CLIP,ФИКСАТОР,,,,Q05-WR67101-00 Q08-WR67101-00 QO05-WR67101-01 QO08-WR67101-01
5540910,Cummins,,CLIP,ФИКСАТОР,,,,Q05-WR67101-00 Q08-WR67101-00 QO05-WR67101-01 QO08-WR67101-01
5540993,Cummins,,FAN CLUTCH,МУФТА ВЕНТИЛЯТОРА,,,,Q07-FA6270-03 QO07-FA6270-05
5540996,Cummins,,FAN CLUTCH,МУФТА ВЕНТИЛЯТОРА,,,,Q07-FA6270-03 QO07-FA6270-05
5540997,Cummins,,FAN CLUTCH,МУФТА ВЕНТИЛЯТОРА,,,,Q07-FA6270-03 QO07-FA6270-05
5541247,Cummins,,CONNECTION BRACKET,,,,,QO07-EM6714-03
5541833,Cummins,,ENGINE LUBRICATING PRIMER,ПОДКАЧИВАЮЩИЙ МАСЛЯНЫЙ НАСОС ДВИГАТЕЛЯ,,,,Q11-PL6775-04 QO11-PL6775-05
5541835,Cummins,,ELECTRICAL ACCESSORIES,ЭЛЕКТРООБОРУДОВАНИЕ1,,,,Q11-PL6775-04 QO11-PL6775-05
5541837,Cummins,,WIRING HARNESS,ЖГУТ ПРОВОДОВ,,,,Q11-PL6775-04 QO11-PL6775-05
5542669,Cummins,,CONNECTION GASKET,ПРОКЛАДКА СОЕДИНИТЕЛЬНОГО ПАТРУБКА,,,,Q11-LP6709-02 QO11-LP6709-02
5543593,Cummins,,AFTERCOOLER CORE,ТЕПЛООБМЕННИК ОХЛАДИТЕЛЯ НАДДУВОЧНОГО ВОЗДУХА,,,,Q02-TB6802-18 Q06-TB6802-18 QO02-TB6802-20 QO06-TB6802-20
5559727,Cummins,,VALVE SPRING,КЛАПАННАЯ ПРУЖИНА,,,,Q02-PP43379-09 Q03-PP43379-09 Q10-PP43379-09 QO02-PP43379-10 QO03-PP43379-10 QO10-PP43379-10
5572259,Cummins,Электронный интерфейсный модуль,ELECTRONIC INTERFACE MODULE,ЭЛЕКТРОННЫЙ ИНТЕРФЕЙСНЫЙ МОДУЛЬ,150518.82,Cummins,,Q05-WR67101-00 Q08-WR67101-00 QO05-WR67101-01 QO08-WR67101-01
5581146,Cummins,"HEAD,CYLINDER",CYLINDER HEAD,ГОЛОВКА БЛОКА ЦИЛИНДРОВ,25513.04,Cummins,,Q02-PP43379-09 Q03-PP43379-09 Q10-PP43379-09 QO02-PP43379-10 QO03-PP43379-10 QO10-PP43379-10
5593393,Cummins,,ROCKER LEVER HOUSING,КОРПУС КОРОМЫСЕЛ,,,,Q03-RL6718-10 QO03-RL6718-10
5594276,Cummins,Датчик положения,POSITION SENSOR,ДАТЧИК ПОЛОЖЕНИЯ,713.19,Cummins,,Q08-PH67002-03 QO08-PH67002-05
5594378,Cummins,Датчик давления,PRESSURE SENSOR,ДАТЧИК ДАВЛЕНИЯ,12672,Cummins,,Q08-PH67002-03 QO08-PH67002-05
5594381,Cummins,Датчик давления,PRESSURE SENSOR,ДАТЧИК ДАВЛЕНИЯ,13146.67,Cummins,,Q08-PH6943-01 QO08-PH6943-01
5594387,Cummins,Датчик давления,PRESSURE SENSOR,ДАТЧИК ДАВЛЕНИЯ,13306.67,Cummins,,Q08-PH6943-01 QO08-PH6943-01
5611274,Cummins,,THREADED PLUG,РЕЗЬБОВАЯ ПРОБКА,,,,Q10-FF6249-06 QO10-FF6249-06
5611275,Cummins,,PRIMING PUMP,ПОДКАЧИВАЮЩИЙ НАСОС,,,,Q10-FF6249-06 QO10-FF6249-06
5613501,Cummins,,FUEL FILTER HEAD,ГОЛОВКА ТОПЛИВНОГО ФИЛЬТРА,,,,Q10-FF6249-06 QO10-FF6249-06
5694224,Cummins,,COVER PLATE,КРЫШКА,,,,Q03-VC6720-02 QO03-VC6720-03
5694571,Cummins,,OIL SEAL,,,,,QO07-AD6025-03 QO07-PU6708-03
5698271,Cummins,,PRESSURE SENSOR,ДАТЧИК ДАВЛЕНИЯ,,,,Q08-PH6828-09 QO08-PH6828-09
6305419,Cummins,,DATAPLATE,,,,,QO12-AP6384-02
63241C,Cummins,"HOSE,PLAIN",PLAIN HOSE,ГЛАДКИЙ ШЛАНГ,392.13,Cummins,,Q11-BR6801-02 QO11-BR6801-02
6377067,Cummins,,ROCKER LEVER,ГОЛОВКОЙ КОРОМЫСЛО,,,,Q03-RL6718-10 QO03-RL6718-10
6377069,Cummins,,ROCKER LEVER,ГОЛОВКОЙ КОРОМЫСЛО,,,,Q03-RL6718-10 QO03-RL6718-10
6377140,Cummins,,ROCKER LEVER,КОРОМЫСЛО,,,,Q03-RL6718-10 QO03-RL6718-10
6377141,Cummins,,ROCKER LEVER,КОРОМЫСЛО,,,,Q03-RL6718-10 QO03-RL6718-10
6389483,Cummins,,GEAR COVER,,,,,QO03-GG6908-02 QO07-GG6908-02
6389484,Cummins,,GEAR COVER,,,,,QO03-GG6908-02 QO07-GG6908-02
6414133,Cummins,,OIL MANIFOLD,МАСЛЯНЫЙ КОЛЛЕКТОР,,,,Q07-FA6270-03 QO07-FA6270-05
6414134,Cummins,,OIL MANIFOLD,МАСЛЯНЫЙ КОЛЛЕКТОР,,,,Q07-FA6270-03 QO07-FA6270-05
6430251,Cummins,,FILTER HEAD GASKET,,,,,QO11-LF6080-12
64709,Cummins,,MOUNTING SPACER,ВТУЛКА КРЕПЛЕНИЯ,,,,Q11-BR6801-02 QO11-BR6801-02
6491134,Cummins,,FLEXPLATE,,,,,QO07-FW6075-05
6500459,Cummins,,FILTER SCREEN,,,,,QO10-FP6990-03
6500460,Cummins,,FILTER SCREEN,,,,,QO10-FP6990-03
6553150,Cummins,,O RING SEAL,,,,,QO08-PH67002-05
6585954,Cummins,,CLUTCH SHAFT,,,,,QO07-FA6270-05
6587596,Cummins,,TUBE CAP,,,,,QO07-FA6270-05
6599216,Cummins,,DUST SEAL,,,,,QO03-VC6720-03
6599217,Cummins,,DUST SEAL,,,,,QO03-GG6908-02 QO07-GG6908-02
6599218,Cummins,,OIL SEAL,,,,,QO07-FH6073-06
6602757,Cummins,,FLANGE GASKET,,,,,QO07-FA6270-05
67622,Cummins,,NPT,ТРУБНАЯ ПРОБКА,,,,Q02-PP43379-09 Q03-PP43379-09 Q10-PP43379-09 QO02-PP43379-10 QO03-PP43379-10 QO10-PP43379-10
67946,Cummins,,INCH,ПЛОСКАЯ ШАЙБА,,,,Q11-OP6100-11 QO11-OP6100-12
68138,Cummins,,MALE CONNECTOR,ШТУЦЕР С НАРУЖНОЙ РЕЗЬБОЙ,,,,Q07-EM6714-01 QO07-EM6714-03
68152,Cummins,Хомут,CLIP,ФИКСАТОР,100.49,Cummins,,Q07-FA6270-03 QO07-FA6270-05
68152A,Cummins,CLIP,CLIP,ФИКСАТОР,99.52,Cummins,,Q07-EM6714-01 Q07-FA6270-03 QO07-EM6714-03 QO07-FA6270-05
68171,Cummins,"PIN,ROLL",ROLL PIN,ЦИЛИНДРИЧЕСКИЙ ШТИФТ,50.17,Cummins,,Q07-FA6270-03 QO07-FA6270-05
68189,Cummins,CLIP,CLIP,ФИКСАТОР,300.59,Cummins,,Q11-BR6801-02 QO11-BR6801-02
68908,Cummins,,Available Kits,КОНТРОВОЧНАЯ ШАЙБА,,,,Q02-PP43379-09 Q03-PP43379-09 Q10-PP43379-09
69047A,Cummins,,Available Kits - 16 X 1 INCH,БОЛТ С ГОЛОВКОЙ ПОД ТОРЦЕВОЙ КЛЮЧ,,,,Q06-TB6817-15 QO06-TB6817-15
69204D,Cummins,,RETAINING RING,СТОПОРНОЕ КОЛЬЦО,,,,Q03-BB67054-00 QO03-BB67054-01
69519,Cummins,,PIN DOWEL,НАПРАВЛЯЮЩИЙ ШТИФТ,,,,Q11-LP6709-02 QO11-LP6709-02
69558,Cummins,,PIN DOWEL,НАПРАВЛЯЮЩИЙ ШТИФТ,,,,Q03-PP6871-02 Q11-LF6080-11 QO03-PP6871-02 QO11-LF6080-12
69911A,Cummins,CLIP,CLIP,ФИКСАТОР,96.74,Cummins,,Q06-WF6707-03 QO10-FT60821-15
70415,Cummins,,O RING SEAL,,,,,QO06-WF6101-02
70662,Cummins,,Available Kits,НАПРАВЛЯЮЩИЙ ШТИФТ,,,,Q07-FH6073-05 QO07-FH6073-06
8265,Cummins,"WASHER,PLAIN",INCH,ПЛОСКАЯ ШАЙБА,52.46,Cummins,,Q07-FH6722-01 QO07-FH6722-01
8306,Cummins,,ROLL PIN,,,,,QO06-WF6101-02
914792,NTE200,,NOTES:,滤杯组件（包括序号010、011、012）,,,,050-0070
9152894,NTE200,CLAMP---,CLAMP,夹子,8.67,,,030-0030
9155415,NTE200,,P CABLE-P,夹子,,,,030-0030
915850,NTE200,,NOTES：,密封组件,,,,050-0130
915851,NTE200,,VALVE CHECK,单向阀,,,,050-0130
915852,NTE200,,END CAP,端盖,,,,050-0130
915853,NTE200,,END CAP,端盖,,,,050-0130
915854,NTE200,,PLATE,板,,,,050-0130
915855,NTE200,,PLATE,板,,,,050-0130
915856,NTE200,,VALVE RELIEF PRESSURE,减压阀,,,,050-0130
915857,NTE200,,PLUG,螺堵,,,,050-0130
915860,NTE200,,VALVE- THROTTLE,节流阀,,,,050-0130
915861,NTE200,,VALVE THROTTLE,节流阀,,,,050-0130
915862,NTE200,,PLUG,螺堵,,,,050-0130
915863,NTE200,,SPOOL ASSY,阀芯总成,,,,050-0130
915864,NTE200,,SPRING,弹簧,,,,050-0130
915865,NTE200,,SPRING,弹簧,,,,050-0130
915866,NTE200,,SPRING,弹簧,,,,050-0130
915867,NTE200,,SPRING,弹簧,,,,050-0130
915868,NTE200,,SPRING,弹簧,,,,050-0130
BMFF03,NTE200,,,,,,,030-0150
BMFF05,NTE200,,,,,,,030-0150
CVBB01,NTE200,,,,,,,030-0150
CVBC01,NTE200,,,,,,,030-0150
GEZ50ES,NTE200,,,,,,,070-0030
S102,Cummins,,- 18 X 1 INCH,БОЛТ С ШЕСТИГРАННОЙ ГОЛОВКОЙ,,,,Q07-FA6270-03 Q10-FD6740-01 QO07-FA6270-05 QO10-FD6740-01
S102D,Cummins,,- 16 X 3 INCH,БОЛТ С ШЕСТИГРАННОЙ ГОЛОВКОЙ,,,,Q10-FF6249-06 QO10-FF6249-06
S103D,Cummins,,- 16 X 1 INCH,БОЛТ С ШЕСТИГРАННОЙ ГОЛОВКОЙ,,,,Q02-TB6802-18 Q04-WP6704-14 Q06-TB6802-18 Q06-TB6817-15 Q06-TH6728-07 Q06-WF6044-05 Q06-WI6029-03 Q06-WP6704-14 Q11-LF6080-11 Q11-PL6775-04 QO02-TB6802-20 QO04-WP6704-14 QO06-TB6802-20 QO06-TB6817-15 QO06-TH6728-07 QO06-WI6029-03 QO06-WP6704-14 QO11-LF6080-12 QO11-PL6775-05
S104,Cummins,,- 16 X 2 INCH,БОЛТ С ШЕСТИГРАННОЙ ГОЛОВКОЙ,,,,Q11-BR6801-02 QO11-BR6801-02
S1040A,Cummins,,,УГЛОВОЙ ПЕРЕХОДНИК С НАРУЖНОЙ РЕЗЬБОЙ,,,,Q06-WF6044-05
S105C,Cummins,,- 20 X 1 INCH,БОЛТ С ШЕСТИГРАННОЙ ГОЛОВКОЙ,,,,Q02-TP6788-11 Q06-TP6788-11 Q10-FD6740-01 Q10-FT60821-15 Q11-TP6788-11 QO02-TP6788-11 QO06-TP6788-11 QO10-FD6740-01 QO10-FT60821-15 QO11-TP6788-11
S106,Cummins,,- 13 X 1 INCH,БОЛТ С ШЕСТИГРАННОЙ ГОЛОВКОЙ,,,,Q07-FH6073-05 QO07-FH6073-06
S107,Cummins,,- 18 X INCH,БОЛТ С ШЕСТИГРАННОЙ ГОЛОВКОЙ,,,,Q06-TB6817-15 QO06-TB6817-15
S109,Cummins,,- 16 X INCH,БОЛТ С ШЕСТИГРАННОЙ ГОЛОВКОЙ,,,,Q06-TB6817-15 Q10-FT60821-15 Q11-BR6801-02 Q11-OB67067-07 QO06-TB6817-15 QO10-FT60821-15 QO11-BR6801-02 QO11-OB67067-07
S112,Cummins,,- 16 X 1 INCH,БОЛТ С ШЕСТИГРАННОЙ ГОЛОВКОЙ,,,,Q02-PP43379-09 Q02-TB6802-18 Q03-PP43379-09 Q06-TB6802-18 Q06-TH6728-07 Q06-THC6017-01 Q10-PP43379-09 Q11-LP6709-02 Q11-OP6100-11 QO02-PP43379-10 QO02-TB6802-20 QO03-PP43379-10 QO06-TB6051-07 QO06-TB6802-20 QO06-TH6728-07 QO10-PP43379-10 QO11-LP6709-02 QO11-OP6100-12
S113,Cummins,,- 13 X 1 INCH,БОЛТ С ШЕСТИГРАННОЙ ГОЛОВКОЙ,,,,Q11-LP6709-02 QO11-LP6709-02
S115,Cummins,,- 18 X INCH,БОЛТ С ШЕСТИГРАННОЙ ГОЛОВКОЙ,,,,Q02-TP6788-11 Q06-TP6788-11 Q11-TP6788-11 QO02-TP6788-11 QO06-TP6788-11 QO11-TP6788-11
S116,Cummins,,- 11 X 1 INCH,БОЛТ С ШЕСТИГРАННОЙ ГОЛОВКОЙ,,,,Q07-CB6705-03 QO07-CB6705-03
S117,Cummins,,- 16 X INCH,БОЛТ С ШЕСТИГРАННОЙ,,,,Q02-TP6777-08 Q02-TP6788-11 Q05-WR67101-00 Q06-TP6777-08 Q06-TP6788-11 Q08-WR67101-00 Q11-TP6777-08 Q11-TP6788-11 Q12-SG6894-01 QO02-TP6777-08 QO02-TP6788-11 QO05-WR67101-01 QO06-TP6777-08 QO06-TP6788-11 QO08-WR67101-01 QO11-TP6777-08 QO11-TP6788-11 QO12-SG6894-01
S118,Cummins,,- 14 X INCH,БОЛТ С ШЕСТИГРАННОЙ ГОЛОВКОЙ,,,,Q05-WR67101-00 Q08-WR67101-00 QO05-WR67101-01 QO08-WR67101-01
S120,Cummins,,- 16 X 1 INCH,ГОЛОВКОЙ БОЛТ С ШЕСТИГРАННОЙ ГОЛОВКОЙ,,,,Q02-TB6802-18 Q06-TB6802-18 Q10-FT60821-15 QO02-TB6802-20 QO06-TB6802-20 QO10-FT60821-15
S121B,Cummins,,- 14 X 2 INCH,БОЛТ С ШЕСТИГРАННОЙ ГОЛОВКОЙ,,,,Q11-LP6709-02 QO11-LP6709-02
S126,Cummins,,- 16 X 2 INCH,БОЛТ С ШЕСТИГРАННОЙ ГОЛОВКОЙ,,,,Q03-CM6721-01 QO03-CM6721-01
S127,Cummins,,- 14 X 3 INCH,БОЛТ С ШЕСТИГРАННОЙ ГОЛОВКОЙ,,,,Q03-GG6908-00 Q07-GG6908-00 QO03-GG6908-02 QO07-GG6908-02
S137,Cummins,,- 16 X 2 INCH,БОЛТ С ШЕСТИГРАННОЙ ГОЛОВКОЙ,,,,Q09-TB6054-03 QO09-TB6054-03
S138C,Cummins,,- 18 X 3 INCH,ГОЛОВКОЙ БОЛТ С ШЕСТИГРАННОЙ ГОЛОВКОЙ,,,,Q02-TP6777-08 Q06-TP6777-08 Q11-TP6777-08 QO02-TP6777-08 QO06-TP6777-08 QO11-TP6777-08
S140,Cummins,Болт,- 14 X 1 INCH,БОЛТ С ШЕСТИГРАННОЙ ГОЛОВКОЙ,111.42,Cummins,,Q07-EH6054-02 Q08-EH6054-02 Q11-OP6100-11 QO07-EH6054-02 QO08-EH6054-02 QO11-OP6100-12
S141,Cummins,,- 16 X 2 INCH,БОЛТ С ШЕСТИГРАННОЙ ГОЛОВКОЙ,,,,Q06-TH6728-07 QO06-TH6728-07
S143B,Cummins,,- 16 X 1 INCH,БОЛТ С ГОЛОВКОЙ ПОД ТОРЦЕВОЙ КЛЮЧ,,,,Q07-FA6270-03 QO07-FA6270-05
S145,Cummins,,- 13 X 1 INCH,БОЛТ С ШЕСТИГРАННОЙ ГОЛОВКОЙ,,,,Q07-DF6009-03 QO07-DF6009-03
S149A,Cummins,,- 16 X 5 INCH,БОЛТ С ШЕСТИГРАННОЙ ГОЛОВКОЙ,,,,Q05-WR67101-00 Q08-WR67101-00 QO05-WR67101-01 QO08-WR67101-01
S153,Cummins,,- 14 X 5 INCH,БОЛТ С ШЕСТИГРАННОЙ ГОЛОВКОЙ,,,,Q03-GG6908-00 Q07-GG6908-00
S155,Cummins,,- 14 X 1 INCH,БОЛТ С ШЕСТИГРАННОЙ ГОЛОВКОЙ,,,,Q07-FA6270-03 QO07-FA6270-05
S162A,Cummins,Болт,- 14 X 2 INCH,БОЛТ С ШЕСТИГРАННОЙ ГОЛОВКОЙ,113.1,Cummins,,Q02-TB6802-18 Q04-WP6704-14 Q06-TB6802-18 Q06-WP6704-14 Q07-DF6009-03 Q07-DP6726-00 QO02-TB6802-20 QO04-WP6704-14 QO06-TB6802-20 QO06-WP6704-14 QO07-DF6009-03 QO07-DP6726-00
S163,Cummins,,- 16 X 3 INCH,БОЛТ С ШЕСТИГРАННОЙ ГОЛОВКОЙ,,,,Q06-TB6817-15 Q06-TH6728-07 Q07-EH6054-02 Q08-EH6054-02 QO06-TB6817-15 QO06-TH6728-07 QO07-EH6054-02 QO08-EH6054-02
S167A,Cummins,,- 20 X INCH,БОЛТ С ШЕСТИГРАННОЙ ГОЛОВКОЙ,,,,Q07-FH6073-05 QO07-FH6073-06
S167B,Cummins,,- 14 X 5 INCH,БОЛТ С ШЕСТИГРАННОЙ ГОЛОВКОЙ,,,,Q07-EH6054-02 Q08-EH6054-02 QO07-EH6054-02 QO08-EH6054-02
S169,Cummins,,- 13 X 1 INCH,БОЛТ С ШЕСТИГРАННОЙ ГОЛОВКОЙ,,,,Q07-DA6703-03 QO07-DA6703-03
S169A,Cummins,,HEXAGON HEAD CAP SCREW,,,,,QO06-WF6101-02
S172B,Cummins,,- 16 X 1 INCH,БОЛТ С ШЕСТИГРАННОЙ ГОЛОВКОЙ,,,,Q02-TP6777-08 Q06-TP6777-08 Q11-OP6100-11 Q11-TP6777-08 QO02-TP6777-08 QO06-TP6777-08 QO11-OP6100-12 QO11-TP6777-08
S174,Cummins,,- 10 X 4 INCH,БОЛТ С ШЕСТИГРАННОЙ ГОЛОВКОЙ,,,,Q07-FA6270-03 QO07-FA6270-05
S181,Cummins,,- 11 X 1 INCH,БОЛТ С ШЕСТИГРАННОЙ ГОЛОВКОЙ,,,,Q07-SM6720-01 Q08-SM6720-01 QO07-SM6720-01 QO08-SM6720-01
S181C,Cummins,,- 20 X INCH,БОЛТ С ШЕСТИГРАННОЙ ГОЛОВКОЙ,,,,Q11-LG6051-03 QO11-OP6100-12
S188C,Cummins,,- 20 X INCH,БОЛТ С ШЕСТИГРАННОЙ ГОЛОВКОЙ,,,,Q02-TB6802-18 Q06-TB6802-18 QO02-TB6802-20 QO06-TB6802-20
S199A,Cummins,,- 16 X 4 INCH,БОЛТ С ШЕСТИГРАННОЙ ГОЛОВКОЙ,,,,Q07-FA6270-03 QO07-FA6270-05
S199B,Cummins,,- 16 3 INCH,БОЛТ С ШЕСТИГРАННОЙ ГОЛОВКОЙ,,,,Q06-TB6817-15 Q06-TH67011-01 QO06-TB6817-15
S200,Cummins,,- 13 UNC,ВЫСОКАЯ ШЕСТИГРАННАЯ ГАЙКА,,,,Q09-TB6054-03 QO09-TB6054-03
S212,Cummins,,- 20 UNF,СТАНДАРТНАЯ ШЕСТИГРАННАЯ ГАЙКА,,,,Q03-RL6718-10 QO03-RL6718-10
S213A,Cummins,,- 18 UNF,СТАНДАРТНАЯ ШЕСТИГРАННАЯ СТОПОРНАЯ ГАЙКА,,,,Q07-FA6270-03 QO07-FA6270-05
S217,Cummins,,- 14 UNC,ВЫСОКАЯ ШЕСТИГРАННАЯ ГАЙКА,,,,Q02-TB6802-18 Q06-TB6802-18 Q11-OP6100-11 QO02-TB6802-20 QO06-TB6802-20 QO11-OP6100-12
S224,Cummins,,- 20 UNC,ВЫСОКАЯ ШЕСТИГРАННАЯ ГАЙКА,,,,Q08-SB6004-01 QO08-SB6004-01
S2268,Cummins,,GREASE FITTING,ПРЕСС-МАСЛЕНКА,,,,Q07-EM6089-04 Q07-FA6270-03 QO07-EM6089-04 QO07-FA6270-05
S249,Cummins,,- 16 UNF,СТАНДАРТНАЯ ШЕСТИГРАННАЯ СТОПОРНАЯ ГАЙКА,,,,Q07-FA6270-03 QO07-FA6270-05
S285,Cummins,,- 13 UNC,ВЫСОКАЯ ШЕСТИГРАННАЯ СТОПОРНАЯ ГАЙКА,,,,Q07-CF6009-01 QO07-CF6009-01
S302,Cummins,,10 View Kits Details View Kits Details View Kits Details View Kits Details,ПЛОСКАЯ ПОЛУКРУГЛАЯ ШПОНКА Available Kits Set Display Комплект клапанов Форсунка Standard Выпускной Standard Комплект восстановления головки цилиндров 1,,,,Q02-PP43379-09 Q03-PP43379-09 Q03-PP6885-03 Q07-PP6885-03 Q10-PP43379-09 QO02-PP43379-10 QO03-PP43379-10 QO03-PP6885-03 QO07-PP6885-03 QO10-PP43379-10
S306,Cummins,,PLAIN WOODRUFF KEY,ПЛОСКАЯ ПОЛУКРУГЛАЯ,,,,Q07-CB6705-03 QO07-CB6705-03
S316,Cummins,,PLAIN WOODRUFF KEY,ПЛОСКАЯ ПОЛУКРУГЛАЯ ШПОНКА,,,,Q07-DP6726-00 QO07-AD6025-03 QO07-DP6726-00
S600,Cummins,,INCH,СТОПОРНАЯ ШАЙБА,,,,Q07-FH6073-05 Q08-SB6004-01 QO07-FH6073-06 QO08-SB6004-01
S602,Cummins,,INCH,ПЛОСКАЯ ШАЙБА,,,,Q06-TB6817-15 QO06-TB6817-15
S603,Cummins,,INCH,СТОПОРНАЯ ШАЙБА,,,,Q07-CB6705-03 Q07-FA6270-03 Q07-SM6720-01 Q08-SM6720-01 Q09-TB6054-03 QO07-CB6705-03 QO07-FA6270-05 QO07-SM6720-01 QO08-SM6720-01 QO09-TB6054-03
S604,Cummins,Шайба,INCH,СТОПОРНАЯ ШАЙБА,54.14,Cummins,,Q02-TP6777-08 Q02-TP6788-11 Q03-CM6721-01 Q04-WP6704-14 Q05-WR67101-00 Q06-TB6817-15 Q06-TH67011-01 Q06-TH6728-07 Q06-THC6017-01 Q06-TP6777-08 Q06-TP6788-11 Q06-WF6044-05 Q06-WI6029-03 Q06-WP6704-14 Q07-FA6270-03 Q08-WR67101-00 Q09-TB6054-03 Q10-FT60821-15 Q11-BR6801-02 Q11-LF6080-11 Q11-LP6709-02 Q11-OP6100-11 Q11-PL6775-04 Q11-TP6777-08 Q11-TP6788-11 QO02-TP6777-08 QO02-TP6788-11 QO03-CM6721-01 QO04-WP6704-14 QO05-WR67101-01 QO06-TB6051-07 QO06-TB6817-15 QO06-TH6728-07 QO06-TP6777-08 QO06-TP6788-11 QO06-WF6101-02 QO06-WI6029-03 QO06-WP6704-14 QO07-FA6270-05 QO08-WR67101-01 QO09-TB6054-03 QO10-FT60821-15 QO11-BR6801-02 QO11-LF6080-12 QO11-LP6709-02 QO11-OP6100-12 QO11-PL6775-05 QO11-TP6777-08 QO11-TP6788-11
S605,Cummins,,INCH,СТОПОРНАЯ ШАЙБА,,,,Q02-TP6777-08 Q03-GG6908-00 Q06-TB6817-15 Q06-TP6777-08 Q07-FA6270-03 Q07-GG6908-00 Q11-TP6777-08 QO02-TP6777-08 QO03-GG6908-02 QO06-TB6817-15 QO06-TP6777-08 QO07-FA6270-05 QO07-GG6908-02 QO11-TP6777-08
S608,Cummins,,INCH,СТОПОРНАЯ ШАЙБА,,,,Q07-DA6703-03 Q07-FH6073-05 Q09-TB6054-03 Q11-LP6709-02 QO07-DA6703-03 QO07-FH6073-06 QO09-TB6054-03 QO11-LP6709-02
S610,Cummins,Шайба,INCH,СТОПОРНАЯ ШАЙБА Available Kits,72.87,Cummins,,Q03-BB67054-00 Q03-GG6908-00 Q04-WP6704-14 Q06-WF6707-03 Q06-WP6704-14 Q07-CF6009-01 Q07-DP6726-00 Q07-FA6270-03 Q07-FH6073-05 Q07-GG6908-00 Q11-LP6709-02 Q11-OP6100-11 QO03-BB67054-01 QO03-GG6908-02 QO04-WP6704-14 QO06-WP6704-14 QO07-CF6009-01 QO07-DP6726-00 QO07-FA6270-05 QO07-FH6073-06 QO07-GG6908-02 QO11-LP6709-02 QO11-OP6100-12
S611,Cummins,,INCH,СТОПОРНАЯ ШАЙБА Available Kits,,,,Q07-FA6270-03 Q07-FH6073-05 QO07-FA6270-05 QO07-FH6073-06
S622,Cummins,Плоская шайба,INCH,ПЛОСКАЯ ШАЙБА,1109.18,Cummins,,Q06-WF6707-03 Q07-EM6714-01 Q11-OP6100-11 QO07-EM6714-03 QO11-OP6100-12
S626,Cummins,,INCH 10 View Kits Details,ПЛОСКАЯ ШАЙБА Available Kits Set Display Комплект турбонагнетателя Standard 1,,,,Q02-TP6777-08 Q06-TP6777-08 Q07-FA6270-03 Q11-TP6777-08 QO02-TP6777-08 QO06-TP6777-08 QO07-FA6270-05 QO11-TP6777-08
S631,Cummins,,INCH,ПЛОСКАЯ ШАЙБА,,,,Q08-SB6004-01 QO08-SB6004-01
S640,Cummins,,INCH,ПЛОСКАЯ ШАЙБА,,,,Q07-FA6270-03 QO07-FA6270-05
S907A,Cummins,,NPT,ТРУБНАЯ ПРОБКА Available Kits,,,,Q04-WP6704-14 Q06-TB6817-15 Q06-WP6704-14 QO04-WP6704-14 QO06-TB6817-15 QO06-WP6704-14
UR10002,NTE200,BOLT,BOLT,螺栓,5.73,,,030-0040
UR10011,NTE200,BOLT,BOLT,螺栓,9.54,,,030-0040
UR10012,NTE200,BOLT,BOLT,螺栓,9.54,,,100-0060
UR1002401,NTE200,CLAMP,CLIP,卡子,123.02,,,040-0060
UR10029,NTE200,HEXAGON BOLT,HEXAGON BOLT,六角头螺栓,9.54,,,020-0020
UR10031,NTE200,BOLT,BOLT,螺栓,20.3,,,030-0040
UR10044,NTE200,HEXAGON BOLT,HEXAGON BOLT,六角头螺栓,15.16,,,020-0020
UR10047,NTE200,HEXAGON BOLT,HEXAGON BOLT,六角头螺栓,15.16,,,020-0020
UR10072,NTE200,HEXAGON BOLT,HEXAGON BOLT,六角头螺栓,32.4,,,020-0030
UR10099,NTE200,BOLT,BOLT,螺栓,64.4,,,070-0030
UR10136,NTE200,NUT,NUT,螺母,5.73,,,030-0040
UR10162,NTE200,LOCKWASHER,LOCKWASHER,弹垫,9.54,,,030-0040
UR10164,NTE200,FLAT WAHSER,FLAT WAHSER,平垫圈,9.54,Электрооборудование,,020-0020 030-0040 070-0030
UR10180,NTE200,WASHER,WASHER,垫圈,5.73,,,030-0040 100-0060
UR1023240,NTE200,PIN,PIN,销轴,63.29,,,100-0050
UR1032030,NTE200,FIXATION CLAMP,FIXATION CLAMP,固定夹,64.4,,,090-0150 090-0160
UR12185,NTE200,NUT,LOCK NUT,自锁螺母,24.67,,,020-0030
UR12284,NTE200,,NUT,螺母,,,,020-0100
UR12333,NTE200,NUT,NUT,螺母,105.22,метизы,,070-0030
UR14243,NTE200,CHAIN,CHAIN,链条,486.39,,,020-0020
UR15675,NTE200,NUT,NUT,螺母,12.3,,,030-0040
UR16780,NTE200,CLAMP-ROUND NOSE,CLAMP-ROUND NOSE,轮辋夹子,145.82,,,070-0010
UR16965,NTE200,BEARING,BEARING,轴承,1286.98,Передняя ось,,050-0080 070-0000 070-0020
UR17400,NTE200,SHOCK PAD,SHOCK PAD,减震垫,200.69,,,040-0060
UR17412,NTE200,LOCK NUT,LOCK NUT,自锁螺母,12.85,,,020-0020
UR17413,NTE200,LOCK NUT,LOCK NUT,自锁螺母,9.54,Электрооборудование,,020-0020 020-0120 030-0040
UR18949,NTE200,PAD-BATTERY,PAD-BATTERY,橡胶垫,418.3,Электрооборудование,,030-0040
UR19614,NTE200,GEZ63ES BUSHING-SELF ALIGN,GEZ63ES ALIGN,,1337.73,Передняя ось,,070-0030
UR20065,NTE200,BOLT,BOLT,螺栓,106.01,Передняя ось,,070-0010
UR21495,NTE200,SLEEVE HEAT SHRINK,SLEEVE HEAT SHRINK,热塑套,5.73,,,020-0020
UR22312,NTE200,,RTV RUBBER,硅胶,,,,040-0080
UR22324,NTE200,·WIRE,WIRE,钢丝,47.34,,,050-0080
UR22838,NTE200,BOLT,BOLT,螺栓,126.88,,,070-0050
UR23181,NTE200,BOLT,BOLT,螺栓,230.98,,,080-0000
UR23810,NTE200,·CONNECTOR,CONNECTOR,接头,363.45,,,080-0010
UR24465,NTE200,FILTER,BREATHER,呼吸器,810,Фильтр,HF6710,070-0050
UR24565,NTE200,NUT,NUT,螺母,53.07,Передняя ось,,070-0010 150-0010
UR24726,NTE200,··PLUG,PLUG ··HOUSING,堵塞,177.91,,,080-0010
UR24777,NTE200,FLAT WAHSER,FLAT WAHSER,平垫圈,13.35,,,020-0020
UR25187,NTE200,ELBOW,ELBOW,弯头,123.07,,,150-0010
UR25243,NTE200,U--CLAMP-,U U-CLIP,型卡子,78.63,,,040-0060
UR25557,NTE200,,BOLT-12 POINT,十二角螺栓,,,,080-0010
UR25558,NTE200,BOLT,BOLT-12 POINT,十二角螺栓,86.85,,,080-0010
UR25740,NTE200,,CAPSCR,螺栓,,,,020-0100
UR26106,NTE200,•BOLT,BOLT,螺栓,65.3,,,070-0020
UR26209,NTE200,BOLT,BOLT,螺栓,92.78,,,080-0010
UR26355,NTE200,BOLT,BOLT,螺栓,79.54,,,080-0010
UR26824,NTE200,,BOLT,螺栓,,,,080-0010
UR27139,NTE200,BOLT,BOLT,螺栓,15.16,,,070-0000
UR27822,NTE200,MOUNT RUBBER,MOUNT RUBBER,橡胶缓冲垫,219.64,Кузов,,020-0030
UR28096,NTE200,·SCREW,SCREW,螺钉,22.78,,,050-0140
UR28657,NTE200,·NUT,NUT,螺母,785.75,,,050-0140
UR29379,NTE200,SHACKLE,SHACKLE,卸扣,85.24,,,020-0020
UR34021,NTE200,BOLT---,BOLT,螺栓,8.67,,,020-0120
UR51012,NTE200,·SEAL,SEAL,密封圈,1160.11,,,050-0080
UR51013,NTE200,·SEAL,SEAL,密封圈,1714.92,,,050-0080
UR51014,NTE200,,WEARING RING,耐磨环,,,,050-0080
UR51015,NTE200,·WEARING RING,WEARING RING,耐磨环,730.6,,,050-0080
UR51016,NTE200,·DUST-PROOF RING,DUST-PROOF RING,防尘圈,494.02,,,050-0080
UR51017,NTE200,·DUST-PROOF RING,DUST-PROOF RING,防尘圈,991.75,,,050-0080
UR51018,NTE200,·SEAL,SEAL,密封圈,514.48,,,050-0080
UR51019,NTE200,·WEARING RING,WEARING RING,耐磨环,1374.04,,,050-0080
UR51020,NTE200,·SEAL,SEAL,密封圈,1682.52,,,050-0080
UR51021,NTE200,·RETAINER RING,RETAINER RING,挡圈,266.88,,,050-0080
UR51022,NTE200,·O RING,O ·O RING,型圈,115.54,,,050-0080
UR51047,NTE200,·BOLT,BOLT,螺栓,30.29,,,050-0080
UR52127,NTE200,HEXAGON BOLT,HEXAGON BOLT,六角头螺栓,36.01,,,020-0020
UR52644,NTE200,CLAMP-HOSE,CLAMP-HOSE,卡环,24.67,,,070-0030
UR52946,NTE200,HOSE,HOSE,软管,2057.17,,,070-0050
UR52997,NTE200,HOSE,HOSE,软管,571.54,Рулевое управление,,040-0060
UR53140,NTE200,COMPONENTS,COMPONENTS,零件维修包,715.44,Тормозная система,,080-0010
UR53197,NTE200,LADDER ASSY,LADDER ASSY,梯子总成,14621.47,,,020-0020
UR53452,NTE200,ADHESIVE PVC CONDUIT,PVC ADHESIVE PVC CONDUIT,粘胶,54.96,,,020-0020
UR53455,NTE200,PARKING BRAKES,PARKING BRAKES,驻车制动器,24632.7,,,080-0010
UR55088,NTE200,BODY LOCKUP,BODY LOCKUP,安全索,15274.33,,,020-0070
UR55101,NTE200,BOLT,BOLT,螺栓,142.01,,,080-0010
UR55180,NTE200,HOSE---,HOSE,软管,291.36,Cummins,,040-0060
UR55283,NTE200,SEAL RING,SEAL RING,防尘环,367.16,Передняя ось,,070-0020
UR55392,NTE200,ADAPTER,REDUCER UNION,变径接头,106.01,,,070-0050
UR55450,NTE200,STEERING FLOW AMPLIFIER VALVE,STEERING FLOW AMPLIFIER VALVE,转向流量放大器,34112.19,,,050-0130
UR55585,NTE200,HIGH PRESSURE OIL FILTER,HIGH PRESSURE OIL FILTER,高压过滤器,11450.34,,,050-0070
UR55621,NTE200,,PVC FLANGE PVC,法兰,,,,020-0020
UR55622,NTE200,PIPE-PVC-,PVC PIPE PVC,管,165.63,,,020-0020
UR55994,NTE200,PIN,PIN,销,109.41,,,070-0000
UR56086-700,NTE200,CIRCLIP,CIRCLIP,卡簧,261.35,,,070-0020
UR56087-625,NTE200,CIRCLIP,CIRCLIP,卡簧,248.02,,,050-0080 070-0000 070-0020
UR56158,NTE200,MUD GUARD,MUD GUARD,挡泥板,2539.76,,,020-0110
UR56305,NTE200,BALL VALVE,VALVE BALL,球阀,397.45,,,070-0050
UR56412,NTE200,BRAKES - RUNNING,SERVICE BRAKES,行车制动器,25181.56,,,080-0010
UR56697-119,NTE200,,CHAIN,排石链,,,,020-0100
UR56778,NTE200,ROD - VALVE,ROD VALVE,气门杆,185.54,КГШ,,150-0010
UR56870,NTE200,·WEARING RING,WEARING RING,耐磨环,361.55,,,050-0080
UR56899,NTE200,WIND PIPE - FLEXIBLE,WIND PIPE FLEXIBLE,柔性风管,2779.04,GE,,040-0080
UR600006C2,NTE200,GASKET,GASKET,垫片,22.78,,,040-0060
UR61796A,NTE200,RETAINER,RETAINER,端盖,1948.54,,,070-0010
UR62770A,NTE200,WASHER,WASHER,垫圈,17.06,,,080-0010
UR65057C,NTE200,PROXIMITY SWITCH,PROXIMITY SWITCH,接近开关,5805.37,,,030-0190
UR65456A,NTE200,WASHER,WASHER,平垫圈,22.78,,,020-0030
UR68095A,NTE200,PLATE,PLATE,压条,96.58,,,020-0110
UR69209K,NTE200,SPACER,SPACER,隔圈,4632.91,,,080-0010
UR702682,NTE200,FLANGE BOLT,FLANGE BOLT,十二角法兰螺栓,210.11,,,080-0010
UR70331B,NTE200,GREASE SEAL,GREASE SEAL,油封,297.71,Передняя ось,,070-0030
UR79022B,NTE200,THREAD SHANK,THREAD SHANK,螺纹杆,35.37,,,030-0040
UR79534B,NTE200,SPACER - PARKING BRAKES,PARKING BRAKES,驻车制动器隔圈,1883.09,,,080-0010
UR79536A,NTE200,SHIM,SHIM ELBOW PIPE,调隙片,24.67,,,080-0010
UR79630A,NTE200,·GUIDE SLEEVE,GUIDE SLEEVE,导向套,1724.12,,,050-0140
UR79634A,NTE200,·WASHER,WASHER,活塞垫圈,463.73,,,050-0140
UR79635A,NTE200,·WASHER,WASHER,活塞杆垫圈,495.93,,,050-0140
UR79849B,NTE200,PAD-DUMP BODY,PAD-DUMP BODY,缓冲垫,1387.27,,,020-0050
UR79988A,NTE200,SHIM,SHIM,调隙片,272.58,,,080-0010
UR79988B,NTE200,SHIM,SHIM,调隙片,225.24,,,080-0010
UR79988C,NTE200,SHIM,SHIM,调隙片,126.88,,,080-0010
UR79988E,NTE200,SHIM,SHIM SPACER,调隙片,92.78,,,080-0010
UR80092A,NTE200,·BOLT,BOLT,螺栓,39.84,,,050-0080
UR80289C,NTE200,PIN,PIN ，RADIUS ROD,横杆销轴,8639.22,Передняя ось,,070-0000 070-0020
UR80289E,NTE200,PIN，ECCENTRIC,PIN，ECCENTRIC,纵拉杆偏心销,8330.74,Передняя ось,,070-0000
UR80309G,NTE200,BUSHING- PIVOT,BUSHING- PIVOT,铰接衬套,4388.71,,,020-0050
UR80555J,NTE200,,BRACKET,排石链支架,,,,020-0100
UR80591A,NTE200,STAIR-STEP-LADDER-,STAIR STEP LADDER,踏板总成,749.37,,,020-0120
UR80592A,NTE200,,PLATE,板,,,,020-0120
UR80820T,NTE200,SHIM-PAD,SHIM-PAD,缓冲垫调隙片,475.07,,,020-0050
UR80820U,NTE200,SHIM-PAD,SHIM-PAD,缓冲垫调隙片,232.88,,,020-0050
UR80820V,NTE200,SHIM-PAD,SHIM-PAD,缓冲垫调隙片,164.67,,,020-0050
UR81281J,NTE200,PIN-PIVOT,PIN-PIVOT,铰接销,9731.24,,,020-0050
UR82714A,NTE200,RETAINER,RETAINER,挡板,230.98,,,070-0000 070-0020
UR82844K,NTE200,BRAKET，BRAKE,BRAKET，BRAKE,星型盘,29678.08,,,080-0000
UR82846A,NTE200,NUT-TAPER NOSE,NUT-TAPER NOSE,锥形螺母,87.16,,,070-0030
UR82852A,NTE200,BOLT,BOLT,螺栓,98.5,,,070-0030
UR82984B,NTE200,FRONT AXLE,FRONT AXLE,前桥,839553.4,,,070-0000
UR83044M,NTE200,BRACKET-CABLE,BRACKET-CABLE,支架,1869.84,,,020-0070
UR83052A,NTE200,BRACKET-LADDER--,BRACKET,支架,373.82,,,020-0120
UR83052B,NTE200,BRACKET-LADDER--,BRACKET,支架,505.35,,,020-0120
UR83053A,NTE200,STRAP-LADDER-SUPPORT-,STRAP LADDER SUPPORT,梯支架固定板,50.4,,,020-0120
UR83124A,NTE200,LADDER MUD GUARE PLATE,LADDER MUD GUARE PLATE,梯子挡泥板,2899.38,,,020-0020
UR83129A,NTE200,CAP FLEXIBLE BADDER,CAP FLEXIBLE BADDER,护盖,162.78,,,020-0020
UR83239A,NTE200,HANDLE-LADDER--,HANDLE,把手,87.17,,,020-0120
UR83352C,NTE200,PARKING BRAKES,PARKING BRAKES,驻车制动器支架,8273.99,,,080-0010
UR83353A,NTE200,SHIM,SHIM,调隙片,405.06,,,080-0010
UR83353B,NTE200,SHIM,SHIM,调隙片,272.58,,,080-0010
UR83353C,NTE200,SHIM,SHIM,调隙片,174.21,,,080-0010
UR83353E,NTE200,SHIM,SHIM,调隙片,111.73,,,080-0010
UR83365A,NTE200,BRAKE DISC,BRAKE DISC,制动盘,11508.3,,,080-0000
UR83368A,NTE200,SPACER,SPACER,隔圈,94.67,,,080-0010
UR83681F,NTE200,"KEEPER,PIN","KEEPER,PIN",销保持板,104.1,,,020-0050
UR84065G,NTE200,BRACKET-CABLE,BRACKET-CABLE,支架,921.75,,,020-0070
UR84068A,NTE200,SHIM BLOCK,SHIM BLOCK,调隙块,369.05,,,020-0050
UR84372A,NTE200,JUNCTION PLATE,JUNCTION PLATE,接线板,134.4,,,030-0040
UR84372C,NTE200,PLATE,PLATE,接线板,389.92,,,030-0040
UR84448A,NTE200,WASHER,WASHER,大垫圈,30.29,Кузов,,020-0030 040-0060
UR84752A,NTE200,GUIDE- DUMP BODY,GUIDE- DUMP BODY,导向块支架,2255.95,,,020-0050
UR84753A,NTE200,BRACKET- GUIDE,BRACKET- GUIDE,导向块,319.92,,,020-0050
UR85138F,NTE200,STUD,STUD,双头螺栓,60.59,Передняя ось,,070-0010
UR85720A,NTE200,BRAKE DISC - REAR,BRAKE DISC REAR,后制动盘,6056.06,,,080-0010
UR85888A,NTE200,PLATE-HINGER,PLATE-HINGER,悬挂板,370.98,,,020-0070
UR86205A,NTE200,SHIM,SHIM,调隙片,1095.61,,,030-0130 030-0140
UR86404A,NTE200,SLEEVE,SLEEVE,套筒,3241.85,,,070-0070
UR900743,NTE200,·BOLT,BOLT,螺栓,39.84,,,080-0010
UR900744,NTE200,·GASKET,GASKET K01,垫片,28.5,,,080-0010
UR900748,NTE200,··RING - HOLDING,RING HOLDING SERVICE,保持环,31.24,,,080-0010
UR900749,NTE200,··WASHER - PLAIN,WASHER PLAIN ··SETTING BOLT,平垫片,37.13,,,080-0010
UR900750,NTE200,··SETTING BOLT SPRING,SPRING,压簧,126.91,,,080-0010
UR900752,NTE200,··BOLT,BOLT,螺栓,39.1,,,080-0010
UR900754,NTE200,···PIN,PIN,销,29.38,,,080-0010
UR900755,NTE200,··PISTON ASSY,PISTON ASSY,活塞总成,2095.08,,,080-0010
UR900757,NTE200,··ROD ADJUSTING,ROD ADJUSTING,调节导杆,396.23,,,080-0010
UR900774,NTE200,··VALVE - RELIEF,VALVE RELIEF,排放阀,64.4,,,080-0010
UR912611,NTE200,·TUBE ASSY,TUBE ASSY,管总成,408.89,,,080-0010
UR912615,NTE200,·SPACER,SPACER,隔套,2205.6,,,080-0010
UR912692,NTE200,·LOCKNUT,LOCKNUT,锁紧块,15.16,,,050-0140
UR912782,NTE200,·SHIM,SHIM,调隙片,127.28,,,080-0010
UR912944,NTE200,GASKET,WASHER-HARDENED,淬火垫圈,28.5,,,030-0040
UR913151,NTE200,VALVE - RELIEF,VALVE RELIEF,排气阀,43.64,,,080-0000 080-0010
UR913240,NTE200,WASHER PLAIN,FLAT WAHSER,平垫圈,9.54,,,020-0020 070-0000 070-0020 090-0150
UR913739,NTE200,GASKET,WASHER,平淬火垫圈,15.16,,,080-0000 080-0010
UR913744,NTE200,BOLT,BOLT,六角头螺栓,41.73,,,080-0000
UR913745,NTE200,WASHER,WASHER,平淬火垫圈,20.87,,,080-0000
UR913746,NTE200,,CAP,盖板,,,,080-0000
UR913749,NTE200,PISTON,PISTON,活塞,1419.44,,,080-0000
UR914068,NTE200,KIT PARK BKE SHIM 29815 53455,,调隙片维修包SHIM,1428.87,,,080-0010
UR914541,NTE200,THRUST PLATE,THRUST PLATE,止推板,1392.97,,,080-0000
UR915399,NTE200,"KIT,CYLINDER SEAL",SEAL KIT。,,14364.31,Гидравлическая система,,050-0080
UR915724,NTE200,COMPONENTS,COMPONENTS,零件维修包,1682.52,,,080-0010
UR915726,NTE200,WASHER - HARDENED,WASHER HARDENED,淬火平垫圈,166.58,,,080-0010
UR915727,NTE200,PISTON & HOUSING ASSY 53455,PISTON AND HOUSING ASSY,活塞和壳体总成维修包,30601.59,Тормозная система,,080-0010
UR915729,NTE200,BOLT - FLUSH,BOLT FLUSH,平头螺栓,24.67,,,080-0010
UR915730,NTE200,FRICTION DISC ASSY,FRICTION DISC ASSY,摩擦片总成,1826.32,Тормозная система,,080-0010
UR915731,NTE200,WASHER - PLAIN,WASHER PLAIN,平垫圈,41.07,,,080-0010
UR915732,NTE200,CAP - PISTON,CAP PISTON,活塞冒,2297.55,,,080-0010
UR915733,NTE200,SPRING,SPRING,弹簧,251.73,,,080-0010
UR915734,NTE200,SPRING,SPRING,弹簧,668.1,,,080-0010
UR915735,NTE200,PISTON,PISTON K01,活塞  注,7460.26,,,080-0010
UR915736,NTE200,HOUSING - PISTON,HOUSING PISTON DESCRIPTION,活塞壳体 序号 至 分别包含在对应的维修零件包内以下列出维修包的件号 维修包序号 件 号 名称,13740.62,,,080-0010
UR915738,NTE200,KIT-SEAL 53455,,密封件维修包SEAL,1623.84,Тормозная система,,080-0010
UR915739,NTE200,PARTS KIT-SHIM PACK,,调隙片维修包SHIM,2280.51,,,080-0010
UR915766,NTE200,CARRIER AND LINING ASSY,CARRIER AND LINING ASSY,摩擦片总成,1945.56,Тормозная система,,080-0000
UR915785,NTE200,·BRAKE BLOCK ASSY,BRAKE BLOCK ASSY,刹车片总成,2322.12,Тормозная система,,080-0010
UR916084,NTE200,KIT-REPAIR 55890,BRAKE CALIPER REPAIR KIT,,6001.11,Тормозная система,,080-0000
UR916148,NTE200,·SPACER,SPACER,隔圈,3956.33,,,080-0010
UR916188,NTE200,·PLATE - TORSION,PLATE TORSION,扭力板,10896.87,,,080-0010
UR916189,NTE200,·PLATE - TORSION,PLATE TORSION AND SEPARATELY INCLUDE IN SERVICE KITS. THE FOLLOWING IS OF KITS. 件号PART DESCRIPTION,扭力板 分别包含在对应的维修零件包内以下列出维修包的件号 件号 数 量 名称,9926.82,,,080-0010
UR916413,NTE200,··SLEEVE - REGULATING,SLEEVE REGULA,调节衬套,626,,,080-0010
UR916436,NTE200,··PLATE - BAFFLE,PLATE BAFFLE,隔板,1180.77,,,080-0010
UR947197,NTE200,SHOCK PAD,SHOCK PAD,减震垫,257.45,Кузов,,040-0060
UR951715,NTE200,U--CLAMP--,SADDLE CLAMP,鞍型卡子,131.53,,,040-0060
URA84735C,NTE200,,ROCK DEFLECTOR,驾驶室护檐,,,,020-0050
